person_id,age,sex,region,urban_rural,education_level,marital_status,household_size,disability,years_experience,in_labor_force,employment_status,employment_sector
1,22,Female,Greater Accra,Urban,SHS,Married,8,No,2,Yes,Employed,Informal Trade
2,33,Female,Northern,Urban,SHS,Married,9,No,10,No,Not in Labor Force,
4,24,Female,Ashanti,Urban,JHS,Single,7,No,7,Yes,Employed,Public Sector
5,25,Female,Ashanti,Urban,SHS,Married,2,No,5,Yes,Unemployed,
6,28,Male,Ashanti,Rural,JHS,Married,4,No,10,No,Not in Labor Force,
7,27,Female,Bono,Rural,,Married,4,No,16,Yes,Employed,Services
8,25,Female,Western,Rural,Primary,Single,3,No,10,No,Not in Labor Force,
10,34,Female,Central,Rural,,Single,13,No,27,Yes,Employed,Agriculture
11,35,Male,Northern,Urban,JHS,Single,6,No,18,No,Not in Labor Force,
15,23,Female,Ashanti,Urban,SHS,Married,4,No,3,Yes,Employed,Services
16,33,Female,Ashanti,Rural,JHS,Single,3,No,14,Yes,Employed,Agriculture
19,16,Male,Volta,Rural,JHS,Married,3,No,0,No,Not in Labor Force,
20,19,Female,Oti,Rural,SHS,Married,4,No,0,Yes,Unemployed,
24,25,Male,Western,Urban,SHS,Single,3,No,5,Yes,Employed,Agriculture
25,26,Female,Greater Accra,Urban,SHS,Divorced/Separated,2,No,4,Yes,Employed,Services
27,30,Female,Greater Accra,Rural,SHS,Widowed,10,No,7,Yes,Employed,Agriculture
30,27,Male,Central,Urban,SHS,Married,3,No,6,Yes,Unemployed,
32,35,Female,Northern,Urban,SHS,Married,5,No,10,No,Not in Labor Force,
33,18,Male,Eastern,Rural,JHS,Single,3,No,2,No,Not in Labor Force,
34,33,Female,Bono East,Rural,SHS,Married,4,No,13,Yes,Employed,Agriculture
35,33,Female,Bono East,Rural,JHS,Married,9,No,12,No,Not in Labor Force,
36,25,Female,Greater Accra,Urban,SHS,Married,8,No,4,Yes,Unemployed,
37,17,Female,Greater Accra,Urban,Tertiary,Married,4,No,0,No,Not in Labor Force,
39,34,Female,Greater Accra,Urban,JHS,Single,2,No,16,Yes,Unemployed,
42,30,Male,Central,Urban,Primary,Single,7,No,13,Yes,Employed,Industry
44,30,Male,Bono,Urban,Primary,Married,7,No,11,Yes,Unemployed,
45,29,Female,Volta,Rural,SHS,Single,9,No,9,No,Not in Labor Force,
47,30,Male,Central,Urban,SHS,Married,6,No,7,Yes,Employed,Industry
49,31,Female,Ashanti,Rural,JHS,Married,3,No,12,Yes,Employed,Agriculture
50,24,Male,Upper East,Rural,SHS,Married,2,No,3,Yes,Employed,Services
52,20,Female,Volta,Rural,Primary,Married,3,No,7,No,Not in Labor Force,
53,20,Male,Greater Accra,Urban,Tertiary,Married,8,No,0,No,Not in Labor Force,
55,21,Male,Eastern,Rural,,Single,4,No,14,Yes,Employed,Public Sector
56,28,Female,Upper East,Rural,SHS,Married,2,No,6,Yes,Unemployed,
57,32,Female,Ashanti,Urban,JHS,Married,9,No,13,Yes,Employed,Informal Trade
58,25,Male,Oti,Rural,Primary,Married,2,No,12,Yes,Employed,Agriculture
61,26,Female,Volta,Urban,Tertiary,Widowed,5,No,2,Yes,Unemployed,
65,35,Female,Upper West,Urban,SHS,Divorced/Separated,6,No,12,Yes,Employed,Informal Trade
66,17,Male,Central,Urban,Primary,Single,4,No,4,Yes,Employed,Services
67,25,Female,Bono,Urban,JHS,Married,7,No,6,Yes,Employed,Informal Trade
68,29,Male,Ashanti,Urban,Tertiary,Single,9,No,4,Yes,Employed,Industry
69,31,Female,Greater Accra,Urban,SHS,Widowed,3,No,10,Yes,Unemployed,
70,24,Male,Greater Accra,Urban,SHS,Single,4,No,4,No,Not in Labor Force,
73,21,Female,Greater Accra,Urban,SHS,Divorced/Separated,8,No,2,No,Not in Labor Force,
75,27,Male,Northern,Rural,Primary,Married,7,No,9,No,Not in Labor Force,
76,35,Female,Ashanti,Urban,JHS,Single,5,No,15,No,Not in Labor Force,
78,34,Female,Western North,Urban,Tertiary,Married,2,No,9,Yes,Employed,Services
80,34,Female,Ashanti,Urban,SHS,Married,3,No,15,Yes,Employed,Industry
81,24,Female,Western,Rural,,Married,4,No,15,Yes,Employed,Informal Trade
82,33,Female,Oti,Rural,JHS,Single,5,No,12,No,Not in Labor Force,
84,22,Female,Bono,Urban,JHS,Single,5,No,6,Yes,Employed,Services
86,34,Female,Bono East,Urban,Primary,Single,5,No,15,Yes,Employed,Informal Trade
87,33,Male,Central,Urban,Tertiary,Married,5,No,7,No,Not in Labor Force,
88,17,Female,Volta,Rural,JHS,Married,3,No,1,Yes,Employed,Public Sector
89,29,Female,Western North,Urban,Primary,Single,4,No,15,No,Not in Labor Force,
92,29,Male,Western,Rural,Primary,Single,4,No,16,Yes,Employed,Informal Trade
93,24,Female,Bono East,Rural,JHS,Married,4,No,7,Yes,Employed,Services
95,19,Female,Ashanti,Rural,Primary,Single,5,No,4,Yes,Employed,Industry
97,19,Female,Greater Accra,Rural,JHS,Single,4,No,2,No,Not in Labor Force,
99,26,Male,Greater Accra,Urban,SHS,Single,2,No,5,Yes,Employed,Public Sector
101,23,Male,Bono East,Urban,JHS,Married,3,No,5,No,Not in Labor Force,
102,21,Male,Eastern,Rural,Primary,Single,4,No,7,Yes,Employed,Agriculture
103,35,Female,Ashanti,Rural,JHS,Divorced/Separated,6,No,14,Yes,Employed,Agriculture
106,32,Female,Greater Accra,Urban,SHS,Single,3,No,11,Yes,Employed,Services
107,27,Male,Bono,Rural,,Married,4,No,18,Yes,Employed,Services
108,22,Female,Greater Accra,Urban,JHS,Married,5,No,6,Yes,Employed,Services
109,28,Female,Greater Accra,Urban,JHS,Single,4,No,10,No,Not in Labor Force,
110,17,Female,Greater Accra,Urban,Tertiary,Single,6,No,0,No,Not in Labor Force,
111,27,Female,Western North,Rural,Primary,Married,5,No,13,Yes,Employed,Agriculture
113,34,Male,Volta,Rural,JHS,Single,4,No,16,Yes,Unemployed,
115,34,Female,Eastern,Rural,,Single,5,No,26,Yes,Employed,Informal Trade
116,35,Female,Upper East,Urban,,Married,2,No,18,Yes,Employed,Industry
117,21,Female,Greater Accra,Rural,Tertiary,Married,6,No,0,No,Not in Labor Force,
118,29,Female,Ashanti,Rural,,Single,6,No,19,Yes,Employed,Public Sector
120,31,Female,Bono East,Urban,,Single,9,No,16,Yes,Employed,Informal Trade
121,22,Male,Northern,Rural,SHS,Single,4,No,3,Yes,Employed,Industry
126,29,Male,Ashanti,Urban,Primary,Married,6,No,15,No,Not in Labor Force,
127,32,Male,Western,Rural,JHS,Single,4,No,11,Yes,Employed,Industry
128,24,Female,Ashanti,Urban,SHS,Married,6,No,4,Yes,Employed,Informal Trade
129,32,Female,Greater Accra,Urban,Primary,Single,6,No,20,Yes,Employed,Industry
133,21,Female,Greater Accra,Urban,Tertiary,Married,4,No,0,No,Not in Labor Force,
134,22,Male,Greater Accra,Urban,Tertiary,Single,3,No,0,No,Not in Labor Force,
139,29,Female,Northern,Urban,SHS,Divorced/Separated,6,No,10,Yes,Unemployed,
140,26,Female,Central,Urban,SHS,Single,3,No,5,Yes,Employed,Services
141,28,Male,Volta,Rural,Tertiary,Divorced/Separated,5,No,4,No,Not in Labor Force,
145,17,Male,Ashanti,Urban,Primary,Married,6,No,4,No,Not in Labor Force,
147,21,Male,Western,Urban,Tertiary,Divorced/Separated,7,No,0,Yes,Employed,Informal Trade
149,35,Male,Central,Urban,Tertiary,Married,9,No,8,Yes,Employed,Services
150,22,Male,Eastern,Rural,Primary,Married,2,No,9,Yes,Employed,Agriculture
152,29,Male,Central,Urban,JHS,Married,4,No,10,Yes,Employed,Services
153,25,Female,Western North,Urban,SHS,Married,10,No,6,Yes,Employed,Industry
154,27,Female,Greater Accra,Urban,SHS,Single,3,No,8,No,Not in Labor Force,
155,24,Female,Oti,Urban,Tertiary,Married,5,No,1,No,Not in Labor Force,
158,32,Male,Greater Accra,Urban,JHS,Married,7,No,16,No,Not in Labor Force,
159,22,Female,Eastern,Rural,Primary,Single,6,No,9,Yes,Employed,Agriculture
160,29,Female,Northern,Rural,SHS,Married,5,No,9,Yes,Employed,Informal Trade
162,29,Female,Western,Urban,SHS,Married,5,No,9,No,Not in Labor Force,
164,30,Female,Volta,Rural,Primary,Widowed,2,No,11,Yes,Employed,Informal Trade
165,23,Female,Ahafo,Rural,SHS,Married,5,No,3,Yes,Unemployed,
166,30,Female,Western,Urban,SHS,Single,3,No,9,No,Not in Labor Force,
167,24,Male,Northern,Urban,Tertiary,Single,3,No,1,No,Not in Labor Force,
168,31,Male,Greater Accra,Urban,SHS,Widowed,9,No,8,No,Not in Labor Force,
172,21,Female,Eastern,Rural,SHS,Married,3,No,1,Yes,Employed,Agriculture
173,27,Female,Eastern,Rural,JHS,Single,4,No,9,Yes,Employed,Agriculture
174,18,Female,Greater Accra,Urban,Tertiary,Married,7,No,0,No,Not in Labor Force,
176,28,Male,Northern,Rural,SHS,Married,2,No,6,No,Not in Labor Force,
177,32,Female,Upper East,Rural,SHS,Married,3,No,12,Yes,Unemployed,
178,31,Male,Greater Accra,Urban,Primary,Widowed,8,No,18,Yes,Employed,Services
180,29,Female,Oti,Urban,Primary,Single,6,No,13,Yes,Employed,Informal Trade
182,34,Male,Greater Accra,Urban,Tertiary,Single,5,No,7,Yes,Employed,Services
183,29,Male,Ashanti,Urban,,Widowed,4,No,17,Yes,Employed,Informal Trade
184,23,Male,Oti,Rural,JHS,Single,7,No,5,Yes,Employed,Services
185,32,Male,Western,Urban,SHS,Married,4,No,9,Yes,Employed,Industry
187,26,Male,Ahafo,Rural,Primary,Single,7,No,10,Yes,Employed,Agriculture
189,18,Female,Oti,Rural,,Widowed,10,No,9,No,Not in Labor Force,
190,34,Male,Upper West,Rural,,Single,4,No,27,Yes,Employed,Agriculture
191,26,Female,Western,Rural,,Divorced/Separated,3,No,19,No,Not in Labor Force,
193,19,Female,Upper East,Rural,JHS,Single,6,No,3,No,Not in Labor Force,
195,18,Male,Upper West,Rural,JHS,Married,5,No,2,Yes,Unemployed,
198,31,Male,Upper West,Rural,Primary,Married,7,No,12,Yes,Employed,Informal Trade
200,19,Male,Upper West,Rural,SHS,Married,7,No,0,Yes,Unemployed,
201,31,Male,Western North,Rural,JHS,Married,8,No,15,Yes,Employed,Informal Trade
202,19,Female,Greater Accra,Urban,JHS,Married,7,No,3,Yes,Unemployed,
203,28,Male,Ashanti,Urban,JHS,Divorced/Separated,5,No,9,Yes,Employed,Services
204,27,Male,Central,Urban,SHS,Single,4,No,6,Yes,Employed,Informal Trade
206,27,Female,Ahafo,Rural,JHS,Single,8,Yes,7,Yes,Employed,Industry
207,21,Female,Greater Accra,Rural,,Single,6,No,12,Yes,Employed,Industry
208,29,Female,Central,Rural,SHS,Married,3,Yes,9,Yes,Employed,Public Sector
210,27,Female,Bono East,Urban,JHS,Single,4,No,10,Yes,Unemployed,
211,34,Female,Ashanti,Urban,JHS,Single,7,No,16,Yes,Employed,Services
216,35,Female,Bono East,Rural,JHS,Married,3,No,13,No,Not in Labor Force,
218,24,Female,Greater Accra,Urban,,Divorced/Separated,4,No,13,Yes,Employed,Services
220,24,Female,Eastern,Rural,SHS,Single,6,No,5,Yes,Employed,Informal Trade
222,33,Female,Greater Accra,Urban,Tertiary,Married,3,No,8,Yes,Unemployed,
223,26,Male,Ashanti,Urban,SHS,Single,7,No,5,Yes,Unemployed,
224,22,Male,Northern,Rural,Tertiary,Single,3,No,0,Yes,Unemployed,
225,27,Male,Western,Urban,JHS,Married,7,No,7,No,Not in Labor Force,
227,29,Male,Oti,Urban,JHS,Married,6,No,11,Yes,Employed,Services
228,22,Female,Upper East,Rural,JHS,Married,8,No,6,No,Not in Labor Force,
231,25,Female,Central,Urban,JHS,Married,3,No,6,Yes,Employed,Services
233,21,Female,Central,Urban,Tertiary,Married,8,No,0,Yes,Employed,Informal Trade
234,33,Male,Greater Accra,Urban,SHS,Single,3,No,13,Yes,Employed,Services
235,32,Female,Central,Rural,JHS,Married,3,No,15,No,Not in Labor Force,
236,29,Male,Eastern,Urban,,Single,4,No,18,Yes,Employed,Public Sector
237,17,Female,Eastern,Urban,Tertiary,Married,5,No,0,No,Not in Labor Force,
241,28,Female,Eastern,Urban,Primary,Single,6,No,11,Yes,Unemployed,
243,31,Male,Northern,Rural,JHS,Single,5,No,9,No,Not in Labor Force,
245,32,Female,Greater Accra,Urban,,Married,5,No,22,Yes,Employed,Public Sector
247,33,Female,Volta,Rural,,Single,7,No,21,Yes,Employed,Agriculture
248,28,Male,Eastern,Urban,SHS,Single,5,No,7,No,Not in Labor Force,
249,33,Male,Ashanti,Urban,Tertiary,Single,4,No,7,No,Not in Labor Force,
250,24,Female,Greater Accra,Urban,SHS,Married,6,No,4,No,Not in Labor Force,
252,28,Male,Western,Rural,JHS,Single,6,No,8,Yes,Employed,Informal Trade
253,30,Female,Ashanti,Rural,JHS,Married,5,No,13,No,Not in Labor Force,
255,35,Female,Ashanti,Rural,,Single,6,No,19,Yes,Employed,Agriculture
256,35,Male,Ashanti,Rural,JHS,Married,4,No,16,Yes,Employed,Agriculture
258,29,Female,Ahafo,Rural,,Married,9,No,16,Yes,Employed,Industry
259,34,Female,Central,Urban,Primary,Married,6,No,21,Yes,Employed,Public Sector
260,31,Female,Volta,Rural,JHS,Married,4,No,11,Yes,Employed,Agriculture
261,20,Male,Ashanti,Urban,SHS,Married,4,No,1,No,Not in Labor Force,
262,22,Male,Volta,Rural,Primary,Single,2,No,8,Yes,Employed,Agriculture
263,34,Male,Northern,Urban,Tertiary,Single,9,No,7,Yes,Employed,Services
265,22,Male,Greater Accra,Urban,JHS,Married,5,No,5,Yes,Employed,Services
266,17,Female,Greater Accra,Urban,Tertiary,Single,4,No,0,Yes,Employed,Services
270,22,Female,Greater Accra,Urban,SHS,Single,5,No,3,No,Not in Labor Force,
271,34,Female,Savannah,Rural,JHS,Single,6,No,16,Yes,Employed,Informal Trade
272,25,Male,Greater Accra,Urban,,Divorced/Separated,4,No,15,Yes,Employed,Industry
275,33,Male,Central,Rural,Primary,Married,2,No,17,Yes,Employed,Agriculture
277,30,Male,Eastern,Urban,Primary,Single,7,No,12,Yes,Employed,Agriculture
279,33,Female,Savannah,Rural,Primary,Married,8,No,21,Yes,Employed,Agriculture
280,30,Female,Upper East,Rural,Primary,Single,6,No,14,Yes,Unemployed,
281,25,Female,Volta,Rural,JHS,Married,6,No,7,Yes,Employed,Agriculture
282,18,Female,Ashanti,Urban,JHS,Married,5,No,2,Yes,Unemployed,
283,21,Female,Greater Accra,Urban,JHS,Divorced/Separated,5,No,4,Yes,Unemployed,
286,29,Female,Greater Accra,Urban,Tertiary,Married,4,No,5,No,Not in Labor Force,
287,28,Female,Eastern,Rural,,Single,4,No,17,No,Not in Labor Force,
288,32,Male,Upper East,Rural,SHS,Married,3,No,9,No,Not in Labor Force,
289,19,Male,Western,Urban,SHS,Married,5,No,0,Yes,Employed,Public Sector
290,19,Male,Eastern,Urban,SHS,Widowed,4,No,0,No,Not in Labor Force,
291,35,Female,Savannah,Rural,SHS,Single,1,No,13,No,Not in Labor Force,
292,35,Male,Ashanti,Rural,,Married,3,No,19,Yes,Employed,Informal Trade
293,28,Male,Greater Accra,Urban,Tertiary,Widowed,3,No,4,Yes,Employed,Services
294,29,Female,Ashanti,Rural,JHS,Married,6,No,8,Yes,Employed,Industry
295,27,Female,Western,Rural,SHS,Single,3,No,8,Yes,Employed,Informal Trade
296,25,Male,Upper East,Rural,JHS,Single,5,No,6,Yes,Employed,Agriculture
298,21,Male,Eastern,Rural,JHS,Married,3,No,5,Yes,Employed,Services
299,24,Female,Eastern,Urban,Primary,Married,6,No,10,Yes,Employed,Industry
302,29,Female,Greater Accra,Urban,SHS,Divorced/Separated,7,No,10,No,Not in Labor Force,
304,31,Female,Ashanti,Urban,Tertiary,Single,7,No,8,Yes,Unemployed,
306,26,Male,Greater Accra,Urban,Tertiary,Single,4,No,3,Yes,Employed,Services
307,24,Female,Volta,Urban,SHS,Single,6,No,3,Yes,Employed,Services
308,30,Male,Central,Rural,SHS,Single,2,No,9,Yes,Employed,Informal Trade
310,21,Male,Ashanti,Urban,SHS,Divorced/Separated,2,No,2,Yes,Employed,Public Sector
312,31,Female,Northern,Urban,Tertiary,Single,4,No,7,Yes,Employed,Industry
313,27,Male,Central,Rural,Primary,Single,3,No,9,Yes,Employed,Agriculture
315,24,Male,Ashanti,Urban,Primary,Single,5,No,10,Yes,Employed,Services
320,23,Male,Eastern,Urban,JHS,Married,5,No,6,No,Not in Labor Force,
321,25,Male,Northern,Rural,SHS,Widowed,4,No,6,Yes,Employed,Agriculture
328,20,Male,Greater Accra,Urban,JHS,Married,6,No,3,No,Not in Labor Force,
329,25,Female,Eastern,Urban,SHS,Married,7,No,4,No,Not in Labor Force,
330,21,Male,Western,Urban,Primary,Single,4,No,8,Yes,Employed,Industry
331,35,Male,Northern,Rural,JHS,Married,5,No,13,Yes,Employed,Agriculture
333,23,Female,Western,Urban,JHS,Widowed,6,No,6,No,Not in Labor Force,
335,31,Male,Northern,Rural,SHS,Single,3,Yes,7,Yes,Employed,Services
336,33,Male,Bono,Rural,JHS,Single,5,No,11,No,Not in Labor Force,
338,34,Female,Eastern,Urban,Tertiary,Single,4,No,9,Yes,Employed,Services
339,33,Male,Western North,Urban,JHS,Married,2,No,17,Yes,Employed,Services
340,20,Male,Ashanti,Urban,SHS,Married,3,No,1,Yes,Employed,Informal Trade
341,22,Male,Volta,Urban,Tertiary,Single,8,No,0,Yes,Employed,Services
342,19,Male,Ashanti,Rural,SHS,Married,3,No,0,No,Not in Labor Force,
343,25,Female,Upper West,Rural,,Married,8,No,16,No,Not in Labor Force,
345,26,Male,Oti,Rural,,Married,2,No,19,Yes,Employed,Public Sector
346,30,Female,Northern,Urban,JHS,Divorced/Separated,7,No,8,Yes,Unemployed,
348,33,Male,Eastern,Urban,SHS,Divorced/Separated,7,No,11,Yes,Employed,Informal Trade
349,27,Male,Upper East,Rural,Primary,Divorced/Separated,5,No,12,Yes,Employed,Industry
353,27,Male,Northern,Rural,Primary,Single,5,No,14,No,Not in Labor Force,
354,31,Female,Greater Accra,Urban,JHS,Married,5,No,10,No,Not in Labor Force,
355,31,Male,Volta,Rural,Tertiary,Single,5,No,7,Yes,Employed,Agriculture
356,25,Male,Bono East,Urban,SHS,Single,5,No,6,Yes,Employed,Public Sector
357,17,Female,Ashanti,Rural,Primary,Married,6,No,4,No,Not in Labor Force,
360,34,Male,Central,Rural,JHS,Single,4,No,16,Yes,Employed,Agriculture
361,32,Female,Bono,Rural,Primary,Married,4,No,13,No,Not in Labor Force,
362,26,Male,Greater Accra,Urban,JHS,Married,3,No,7,Yes,Unemployed,
364,19,Male,Greater Accra,Urban,Tertiary,Married,2,No,0,No,Not in Labor Force,
367,32,Male,Volta,Rural,,Single,7,No,25,No,Not in Labor Force,
368,25,Male,Greater Accra,Rural,JHS,Single,3,No,8,Yes,Employed,Services
372,19,Female,Ashanti,Rural,JHS,Married,6,No,2,No,Not in Labor Force,
374,30,Male,Ashanti,Urban,Primary,Single,10,No,12,Yes,Employed,Informal Trade
376,18,Male,Western,Rural,Primary,Married,4,No,4,Yes,Unemployed,
377,19,Female,Ashanti,Urban,JHS,Single,7,No,3,Yes,Unemployed,
378,21,Female,Ashanti,Urban,Tertiary,Divorced/Separated,5,No,0,No,Not in Labor Force,
381,19,Female,Oti,Rural,,Single,3,No,11,Yes,Employed,Agriculture
382,35,Male,Ashanti,Urban,Primary,Widowed,5,No,19,No,Not in Labor Force,
384,17,Male,Ashanti,Rural,JHS,Single,5,No,1,Yes,Employed,Agriculture
386,27,Male,Central,Rural,SHS,Married,2,No,6,No,Not in Labor Force,
388,29,Male,Greater Accra,Urban,JHS,Married,7,No,12,No,Not in Labor Force,
389,35,Female,Greater Accra,Urban,Tertiary,Single,6,No,12,Yes,Employed,Industry
390,30,Male,Upper East,Rural,JHS,Single,5,No,12,Yes,Employed,Agriculture
391,25,Female,Ashanti,Urban,Tertiary,Married,4,No,1,Yes,Unemployed,
392,25,Male,Bono East,Rural,SHS,Single,6,Yes,5,Yes,Employed,Informal Trade
393,30,Male,Greater Accra,Urban,,Single,7,No,24,Yes,Employed,Industry
396,29,Female,Greater Accra,Urban,JHS,Married,6,No,11,Yes,Employed,Services
400,33,Male,Ashanti,Rural,,Married,6,No,26,No,Not in Labor Force,
402,22,Male,Ashanti,Urban,Tertiary,Divorced/Separated,3,No,0,No,Not in Labor Force,
403,23,Male,Eastern,Urban,SHS,Divorced/Separated,4,No,3,Yes,Employed,Agriculture
404,30,Male,Central,Rural,Primary,Married,4,No,16,Yes,Employed,Informal Trade
405,28,Male,Bono East,Urban,SHS,Married,5,No,7,Yes,Employed,Industry
407,31,Male,Upper East,Rural,JHS,Single,1,No,15,Yes,Employed,Industry
409,21,Female,Greater Accra,Urban,JHS,Single,8,No,3,No,Not in Labor Force,
410,35,Female,Upper East,Rural,Primary,Single,3,No,19,No,Not in Labor Force,
411,29,Female,Ashanti,Urban,Primary,Married,5,No,13,No,Not in Labor Force,
414,24,Female,Ashanti,Urban,Tertiary,Single,3,No,1,No,Not in Labor Force,
415,18,Female,Greater Accra,Rural,SHS,Married,6,No,0,Yes,Unemployed,
416,29,Male,Ashanti,Rural,JHS,Single,3,No,8,Yes,Employed,Agriculture
417,35,Male,Greater Accra,Urban,Tertiary,Single,6,No,7,Yes,Unemployed,
418,24,Female,Western North,Rural,JHS,Married,9,No,6,Yes,Employed,Agriculture
419,29,Female,Ahafo,Rural,,Married,3,No,15,Yes,Employed,Agriculture
420,29,Female,Volta,Rural,Primary,Single,6,No,13,Yes,Employed,Industry
422,21,Male,Oti,Rural,SHS,Married,3,No,2,No,Not in Labor Force,
423,26,Male,Savannah,Rural,Tertiary,Married,6,No,2,Yes,Unemployed,
424,31,Female,Upper West,Rural,JHS,Married,5,No,12,Yes,Employed,Agriculture
425,35,Male,Northern,Urban,JHS,Married,6,No,13,Yes,Employed,Services
427,31,Female,Bono East,Rural,SHS,Divorced/Separated,4,No,8,Yes,Employed,Agriculture
428,29,Male,Central,Rural,Primary,Married,3,No,12,No,Not in Labor Force,
429,21,Female,Volta,Rural,JHS,Married,4,No,4,Yes,Employed,Informal Trade
430,34,Female,Greater Accra,Urban,Tertiary,Married,5,No,7,No,Not in Labor Force,
431,28,Female,Greater Accra,Urban,Tertiary,Married,3,No,4,Yes,Employed,Services
432,24,Female,Savannah,Rural,JHS,Single,3,No,6,Yes,Employed,Agriculture
433,27,Female,Volta,Rural,Primary,Divorced/Separated,7,No,11,Yes,Employed,Agriculture
434,24,Male,Northern,Rural,JHS,Divorced/Separated,8,No,6,Yes,Employed,Agriculture
435,24,Male,Greater Accra,Urban,JHS,Married,10,Yes,6,No,Not in Labor Force,
436,26,Female,Western,Urban,JHS,Married,5,No,7,Yes,Employed,Services
437,28,Female,Ashanti,Urban,Primary,Married,4,No,13,Yes,Employed,Industry
438,26,Male,Bono,Rural,Primary,Married,4,No,9,No,Not in Labor Force,
440,33,Female,Western,Rural,,Married,7,No,26,Yes,Employed,Public Sector
441,21,Male,Greater Accra,Urban,Tertiary,Married,2,No,0,Yes,Employed,Services
442,24,Male,Western,Rural,JHS,Single,4,No,6,No,Not in Labor Force,
443,24,Female,Ashanti,Urban,Tertiary,Married,4,No,1,Yes,Unemployed,
445,29,Female,Bono,Urban,SHS,Married,6,No,7,Yes,Employed,Industry
446,33,Female,Ashanti,Rural,JHS,Married,6,No,12,Yes,Employed,Industry
447,18,Male,Western,Urban,SHS,Married,7,No,0,No,Not in Labor Force,
448,28,Male,Savannah,Rural,,Married,6,No,21,Yes,Employed,Industry
450,26,Male,Volta,Rural,JHS,Married,4,Yes,6,Yes,Employed,Informal Trade
452,25,Male,Western,Rural,JHS,Widowed,3,No,8,Yes,Employed,Agriculture
453,32,Male,Ashanti,Urban,Tertiary,Married,5,No,8,Yes,Employed,Services
455,27,Female,Ashanti,Rural,Primary,Married,5,No,10,Yes,Unemployed,
456,32,Male,Central,Rural,Primary,Married,7,No,13,Yes,Employed,Agriculture
460,30,Female,Greater Accra,Urban,SHS,Widowed,4,No,9,No,Not in Labor Force,
462,27,Male,Greater Accra,Urban,SHS,Single,5,No,8,Yes,Employed,Agriculture
464,25,Male,Greater Accra,Rural,Primary,Married,5,No,12,Yes,Employed,Agriculture
466,29,Male,Western,Rural,SHS,Single,5,No,10,No,Not in Labor Force,
467,26,Male,Greater Accra,Urban,JHS,Single,7,No,9,Yes,Employed,Agriculture
468,22,Male,Central,Rural,Primary,Married,2,No,7,Yes,Employed,Informal Trade
470,22,Male,Northern,Rural,JHS,Married,4,No,6,Yes,Unemployed,
473,35,Male,Ashanti,Rural,JHS,Single,4,No,18,No,Not in Labor Force,
476,19,Male,Bono,Rural,Primary,Married,2,No,4,Yes,Employed,Industry
479,29,Male,Bono,Rural,JHS,Married,6,No,11,Yes,Employed,Informal Trade
480,32,Female,Greater Accra,Urban,SHS,Single,5,No,9,Yes,Employed,Industry
482,32,Female,Western North,Rural,SHS,Single,4,No,10,No,Not in Labor Force,
483,27,Female,Eastern,Rural,JHS,Married,2,No,9,Yes,Employed,Agriculture
484,22,Male,Ashanti,Urban,SHS,Married,1,No,3,Yes,Employed,Services
486,31,Female,Greater Accra,Urban,Tertiary,Divorced/Separated,4,No,8,Yes,Employed,Informal Trade
488,28,Male,Bono East,Rural,JHS,Married,5,No,11,Yes,Employed,Agriculture
490,32,Male,Upper East,Rural,Tertiary,Married,8,No,7,No,Not in Labor Force,
493,18,Female,Western,Urban,JHS,Single,3,No,2,Yes,Unemployed,
494,25,Male,Greater Accra,Urban,SHS,Married,5,No,4,Yes,Employed,Informal Trade
495,34,Female,Greater Accra,Urban,Primary,Married,4,No,21,No,Not in Labor Force,
496,32,Male,Greater Accra,Urban,SHS,Married,3,No,11,Yes,Employed,Public Sector
500,28,Male,Bono East,Rural,Tertiary,Single,5,No,3,Yes,Unemployed,
501,20,Male,Northern,Rural,Primary,Single,4,No,5,Yes,Employed,Informal Trade
502,25,Male,Greater Accra,Urban,JHS,Single,3,No,8,Yes,Unemployed,
503,27,Male,Central,Urban,JHS,Single,4,No,8,No,Not in Labor Force,
504,30,Female,Upper East,Rural,JHS,Married,4,No,14,Yes,Employed,Agriculture
505,32,Female,Western,Rural,Primary,Married,4,No,15,Yes,Employed,Agriculture
506,24,Male,Ashanti,Rural,Primary,Married,3,No,8,Yes,Unemployed,
507,34,Female,Volta,Urban,SHS,Single,4,No,13,Yes,Employed,Industry
508,20,Female,Western,Rural,,Married,6,No,14,Yes,Employed,Informal Trade
509,23,Male,Central,Urban,SHS,Married,4,No,3,Yes,Unemployed,
510,31,Female,Greater Accra,Urban,,Married,7,No,23,No,Not in Labor Force,
511,25,Male,Ahafo,Rural,JHS,Married,5,No,8,Yes,Employed,Agriculture
512,21,Female,Western North,Urban,,Single,7,No,11,Yes,Employed,Services
515,27,Male,Greater Accra,Urban,SHS,Married,3,No,6,Yes,Unemployed,
518,33,Female,Volta,Rural,JHS,Single,4,No,10,Yes,Employed,Agriculture
520,24,Male,Greater Accra,Rural,Primary,Married,4,No,12,No,Not in Labor Force,
521,31,Male,Ashanti,Rural,JHS,Single,2,No,9,Yes,Employed,Agriculture
523,27,Female,Ashanti,Urban,,Married,5,No,15,No,Not in Labor Force,
525,30,Male,Greater Accra,Urban,Tertiary,Divorced/Separated,7,Yes,6,Yes,Employed,Public Sector
526,30,Female,Volta,Rural,JHS,Single,5,No,14,Yes,Employed,Agriculture
527,27,Male,Western,Rural,Primary,Single,6,No,14,Yes,Employed,Agriculture
528,30,Male,Ashanti,Urban,SHS,Married,3,No,7,Yes,Employed,Informal Trade
529,24,Male,Greater Accra,Urban,SHS,Married,4,No,4,No,Not in Labor Force,
532,28,Female,Greater Accra,Urban,Primary,Widowed,4,No,10,Yes,Employed,Public Sector
535,17,Female,Greater Accra,Urban,JHS,Married,4,No,1,No,Not in Labor Force,
536,31,Female,Ashanti,Rural,Primary,Married,8,No,19,Yes,Employed,Services
538,27,Female,Upper East,Rural,Primary,Widowed,3,No,10,No,Not in Labor Force,
539,19,Male,Western,Urban,SHS,Single,5,No,0,No,Not in Labor Force,
541,33,Female,Oti,Urban,SHS,Married,1,No,11,Yes,Employed,Public Sector
542,35,Male,Western,Urban,SHS,Divorced/Separated,7,No,16,Yes,Employed,Services
543,20,Male,Eastern,Rural,,Married,7,No,12,No,Not in Labor Force,
545,28,Female,Greater Accra,Rural,SHS,Single,2,Yes,6,Yes,Employed,Agriculture
546,30,Male,Greater Accra,Urban,Tertiary,Married,6,No,6,Yes,Unemployed,
548,28,Male,Central,Urban,Tertiary,Single,5,No,4,Yes,Unemployed,
552,23,Female,Central,Rural,Primary,Married,6,No,8,Yes,Unemployed,
553,30,Male,Western,Urban,Tertiary,Single,5,No,6,Yes,Employed,Industry
554,19,Male,Ahafo,Rural,Primary,Single,8,Yes,7,Yes,Employed,Agriculture
555,29,Female,Volta,Rural,Primary,Single,4,No,14,Yes,Employed,Agriculture
556,31,Male,Upper West,Rural,JHS,Married,6,No,13,Yes,Employed,Informal Trade
557,35,Female,Greater Accra,Urban,Tertiary,Single,5,No,11,No,Not in Labor Force,
558,32,Male,Bono East,Urban,Tertiary,Married,1,No,8,Yes,Employed,Informal Trade
559,32,Male,Savannah,Rural,SHS,Married,5,No,12,Yes,Employed,Industry
561,27,Male,Savannah,Rural,SHS,Married,6,No,7,Yes,Unemployed,
562,20,Male,Northern,Rural,SHS,Single,4,No,1,No,Not in Labor Force,
563,26,Female,Northern,Rural,SHS,Single,6,No,4,Yes,Employed,Agriculture
564,34,Female,Greater Accra,Urban,SHS,Single,3,No,14,Yes,Employed,Informal Trade
565,26,Female,Ashanti,Urban,SHS,Married,4,No,6,Yes,Employed,Services
566,33,Female,Upper West,Urban,Tertiary,Divorced/Separated,4,No,7,Yes,Unemployed,
567,29,Male,Ashanti,Rural,JHS,Single,4,No,9,Yes,Employed,Informal Trade
569,33,Female,Eastern,Rural,JHS,Single,6,No,15,Yes,Employed,Agriculture
572,22,Female,Bono East,Urban,JHS,Single,5,No,5,No,Not in Labor Force,
573,31,Female,Ashanti,Rural,SHS,Married,4,No,9,Yes,Employed,Services
574,34,Female,Upper East,Urban,SHS,Divorced/Separated,1,No,15,Yes,Employed,Public Sector
575,33,Female,Greater Accra,Urban,JHS,Single,6,No,13,Yes,Employed,Public Sector
577,20,Female,Upper East,Urban,SHS,Single,5,No,1,Yes,Unemployed,
578,27,Female,Savannah,Rural,JHS,Married,8,No,8,No,Not in Labor Force,
580,22,Female,Upper West,Rural,SHS,Married,4,No,2,Yes,Employed,Informal Trade
583,29,Female,Ashanti,Urban,SHS,Married,4,No,7,Yes,Employed,Industry
584,34,Male,Northern,Urban,Primary,Married,6,No,16,Yes,Employed,Industry
585,30,Male,Oti,Rural,,Married,10,No,22,Yes,Employed,Agriculture
586,34,Female,Volta,Rural,Primary,Married,5,No,20,Yes,Employed,Agriculture
587,22,Female,Ashanti,Urban,Primary,Married,5,No,10,Yes,Unemployed,
588,35,Male,Western,Rural,SHS,Married,2,No,15,No,Not in Labor Force,
590,34,Male,Greater Accra,Rural,SHS,Married,3,No,11,No,Not in Labor Force,
591,31,Female,Upper East,Rural,Tertiary,Single,8,No,8,No,Not in Labor Force,
592,34,Female,Greater Accra,Urban,JHS,Single,9,No,17,No,Not in Labor Force,
593,34,Female,Volta,Urban,SHS,Single,5,No,9,Yes,Employed,Informal Trade
595,32,Female,Greater Accra,Urban,,Divorced/Separated,2,No,23,Yes,Employed,Services
596,33,Female,Ashanti,Urban,SHS,Divorced/Separated,6,No,8,No,Not in Labor Force,
598,25,Male,Volta,Rural,Tertiary,Single,4,No,2,Yes,Employed,Informal Trade
599,29,Female,Northern,Rural,SHS,Single,2,No,9,Yes,Employed,Agriculture
600,29,Male,Ahafo,Urban,Tertiary,Single,6,No,5,No,Not in Labor Force,
602,34,Male,Greater Accra,Urban,,Married,5,No,27,Yes,Employed,Public Sector
603,30,Female,Central,Urban,JHS,Divorced/Separated,3,No,11,Yes,Employed,Services
604,28,Male,Bono,Urban,Tertiary,Single,4,No,5,No,Not in Labor Force,
605,28,Male,Eastern,Urban,SHS,Single,5,No,8,No,Not in Labor Force,
606,23,Male,Oti,Rural,JHS,Single,8,No,4,No,Not in Labor Force,
607,35,Female,Greater Accra,Urban,Primary,Married,6,No,17,Yes,Employed,Industry
608,33,Female,Northern,Urban,SHS,Single,6,No,13,No,Not in Labor Force,
609,20,Male,Northern,Rural,JHS,Married,4,No,3,Yes,Employed,Agriculture
611,28,Male,Ashanti,Rural,SHS,Married,3,No,6,No,Not in Labor Force,
613,30,Female,Ashanti,Urban,SHS,Married,4,No,10,Yes,Unemployed,
615,19,Male,Northern,Rural,SHS,Married,6,No,0,No,Not in Labor Force,
618,26,Male,Central,Urban,SHS,Widowed,7,No,6,Yes,Unemployed,
619,23,Male,Greater Accra,Urban,,Single,6,No,16,Yes,Employed,Public Sector
620,31,Female,Northern,Urban,Tertiary,Married,7,No,6,Yes,Employed,Services
621,34,Female,Ashanti,Rural,Tertiary,Single,3,Yes,7,No,Not in Labor Force,
622,29,Male,Greater Accra,Urban,JHS,Single,3,No,12,Yes,Unemployed,
623,19,Female,Eastern,Urban,SHS,Married,6,No,0,No,Not in Labor Force,
624,28,Female,Ashanti,Urban,JHS,Married,11,No,11,Yes,Unemployed,
625,30,Male,Ashanti,Urban,JHS,Married,4,No,9,Yes,Employed,Services
626,33,Male,Central,Urban,Tertiary,Single,2,No,7,Yes,Employed,Agriculture
630,35,Female,Eastern,Rural,,Single,3,No,18,Yes,Employed,Agriculture
632,25,Female,Western North,Rural,SHS,Single,8,No,4,No,Not in Labor Force,
633,23,Female,Greater Accra,Urban,JHS,Married,4,No,5,Yes,Unemployed,
635,25,Female,Greater Accra,Urban,Tertiary,Single,2,No,1,Yes,Employed,Public Sector
637,17,Female,Upper West,Rural,,Single,7,No,8,No,Not in Labor Force,
639,20,Female,Greater Accra,Rural,JHS,Single,5,No,2,No,Not in Labor Force,
641,34,Male,Western,Urban,JHS,Single,3,No,11,No,Not in Labor Force,
643,33,Male,Oti,Rural,SHS,Single,4,No,14,Yes,Employed,Agriculture
645,28,Male,Bono,Urban,,Married,4,No,19,Yes,Employed,Services
649,27,Female,Bono,Rural,JHS,Married,3,Yes,7,Yes,Employed,Industry
651,25,Female,Oti,Rural,SHS,Widowed,7,No,4,Yes,Employed,Informal Trade
652,24,Female,Upper West,Rural,,Single,8,No,15,Yes,Employed,Agriculture
653,32,Male,Central,Urban,SHS,Divorced/Separated,2,Yes,10,Yes,Employed,Industry
654,32,Female,Bono East,Rural,SHS,Single,4,No,10,Yes,Employed,Agriculture
655,35,Female,Ashanti,Urban,Tertiary,Married,2,No,7,Yes,Employed,Services
656,35,Female,Bono East,Rural,JHS,Married,4,No,16,Yes,Employed,Agriculture
658,33,Male,Ashanti,Rural,,Single,4,No,27,Yes,Employed,Agriculture
663,33,Female,Volta,Rural,Primary,Married,6,No,15,Yes,Employed,Informal Trade
665,32,Female,Greater Accra,Urban,Tertiary,Single,4,Yes,6,Yes,Employed,Services
668,30,Male,Bono East,Urban,SHS,Married,7,No,10,No,Not in Labor Force,
669,20,Female,Savannah,Rural,Primary,Married,4,Yes,6,Yes,Employed,Agriculture
670,33,Female,Northern,Rural,JHS,Married,4,No,10,No,Not in Labor Force,
672,33,Male,Volta,Rural,JHS,Married,5,No,15,Yes,Employed,Informal Trade
677,20,Female,Central,Rural,,Single,9,No,9,Yes,Employed,Industry
678,21,Female,Central,Urban,SHS,Single,5,No,2,Yes,Employed,Informal Trade
681,33,Female,Greater Accra,Urban,JHS,Single,3,No,15,No,Not in Labor Force,
682,31,Female,Ashanti,Urban,SHS,Single,7,No,10,Yes,Unemployed,
683,28,Male,Eastern,Rural,SHS,Single,6,No,8,Yes,Unemployed,
686,29,Female,Ashanti,Urban,JHS,Married,6,Yes,11,No,Not in Labor Force,
689,34,Male,Ashanti,Rural,,Married,9,No,23,Yes,Employed,Agriculture
690,24,Male,Ahafo,Urban,SHS,Single,2,No,5,No,Not in Labor Force,
692,28,Female,Western North,Rural,SHS,Married,6,No,6,Yes,Employed,Informal Trade
697,32,Female,Northern,Rural,,Married,9,No,25,No,Not in Labor Force,
699,19,Male,Western North,Rural,JHS,Single,3,No,3,No,Not in Labor Force,
700,29,Female,Central,Rural,Primary,Married,6,No,15,Yes,Employed,Informal Trade
701,33,Female,Greater Accra,Urban,Tertiary,Single,3,No,8,Yes,Unemployed,
703,33,Female,Bono East,Urban,SHS,Divorced/Separated,5,No,10,Yes,Employed,Services
705,21,Female,Upper West,Urban,SHS,Single,4,No,1,Yes,Unemployed,
706,35,Male,Western,Rural,,Single,5,No,22,Yes,Employed,Services
709,24,Male,Bono East,Urban,SHS,Single,9,No,3,Yes,Unemployed,
710,30,Male,Greater Accra,Urban,SHS,Widowed,5,No,8,No,Not in Labor Force,
711,26,Female,Western North,Rural,JHS,Married,5,No,7,Yes,Employed,Public Sector
712,35,Male,Ashanti,Rural,JHS,Married,5,No,18,Yes,Employed,Agriculture
713,27,Male,Savannah,Rural,Primary,Married,13,No,13,No,Not in Labor Force,
714,22,Male,Greater Accra,Urban,SHS,Single,6,No,2,Yes,Employed,Industry
715,35,Male,Eastern,Urban,Tertiary,Married,4,No,9,Yes,Employed,Public Sector
717,22,Female,Ashanti,Rural,Primary,Single,5,No,7,Yes,Unemployed,
721,22,Male,Eastern,Urban,JHS,Single,5,No,6,Yes,Employed,Services
722,33,Male,Northern,Rural,SHS,Single,10,No,9,Yes,Employed,Agriculture
726,30,Female,Western North,Rural,Primary,Single,9,No,13,Yes,Unemployed,
733,34,Female,Western,Urban,SHS,Divorced/Separated,3,No,13,Yes,Employed,Informal Trade
735,19,Female,Central,Urban,Primary,Married,4,No,7,No,Not in Labor Force,
737,22,Female,Ashanti,Urban,Primary,Married,3,No,9,Yes,Unemployed,
738,32,Female,Western,Rural,JHS,Single,2,No,11,Yes,Employed,Agriculture
740,26,Female,Greater Accra,Rural,Primary,Single,3,No,9,Yes,Unemployed,
742,30,Male,Oti,Rural,JHS,Married,6,Yes,11,Yes,Employed,Agriculture
743,26,Male,Ashanti,Urban,Tertiary,Married,1,No,2,Yes,Unemployed,
744,35,Male,Western North,Rural,JHS,Married,4,No,13,Yes,Employed,Informal Trade
745,35,Male,Volta,Urban,JHS,Divorced/Separated,4,No,18,Yes,Employed,Industry
746,34,Female,Oti,Urban,Primary,Widowed,6,No,14,Yes,Employed,Industry
747,28,Male,Western,Rural,,Single,8,No,19,Yes,Employed,Agriculture
749,32,Male,Eastern,Rural,JHS,Married,2,No,16,Yes,Employed,Public Sector
750,28,Male,Savannah,Rural,,Single,5,No,16,No,Not in Labor Force,
754,28,Female,Greater Accra,Urban,JHS,Single,6,No,10,Yes,Employed,Informal Trade
756,27,Male,Greater Accra,Urban,Tertiary,Single,4,No,2,No,Not in Labor Force,
757,20,Female,Greater Accra,Urban,JHS,Single,3,No,3,Yes,Employed,Industry
758,22,Female,Ashanti,Rural,SHS,Single,5,No,2,Yes,Unemployed,
759,25,Female,Northern,Urban,Tertiary,Single,3,No,2,Yes,Employed,Services
762,26,Female,Volta,Rural,Primary,Divorced/Separated,3,No,10,No,Not in Labor Force,
764,19,Female,Eastern,Rural,JHS,Widowed,7,No,2,Yes,Employed,Agriculture
766,29,Female,Volta,Rural,JHS,Single,3,No,11,Yes,Employed,Informal Trade
767,29,Female,Savannah,Urban,SHS,Married,6,No,6,Yes,Employed,Public Sector
768,33,Female,Savannah,Rural,JHS,Single,5,No,17,Yes,Employed,Agriculture
771,25,Female,Eastern,Urban,JHS,Married,6,Yes,6,Yes,Employed,Services
772,35,Male,Northern,Rural,SHS,Single,3,No,12,Yes,Employed,Informal Trade
773,25,Female,Ashanti,Urban,SHS,Single,8,No,5,Yes,Employed,Informal Trade
774,20,Male,Savannah,Rural,Primary,Divorced/Separated,5,No,7,Yes,Employed,Industry
775,34,Male,Western,Rural,JHS,Divorced/Separated,3,No,14,Yes,Employed,Agriculture
776,34,Male,Ashanti,Urban,SHS,Single,6,No,10,Yes,Employed,Services
777,20,Male,Upper West,Rural,SHS,Single,5,No,1,Yes,Employed,Industry
778,28,Male,Eastern,Urban,JHS,Married,5,No,9,Yes,Employed,Informal Trade
779,19,Female,Ahafo,Rural,SHS,Married,5,No,0,Yes,Unemployed,
781,22,Female,Greater Accra,Urban,SHS,Single,5,No,2,Yes,Employed,Services
782,32,Male,Oti,Rural,JHS,Married,4,No,10,Yes,Employed,Informal Trade
783,32,Male,Western,Rural,JHS,Married,6,No,12,Yes,Employed,Agriculture
785,18,Male,Upper East,Rural,Primary,Married,1,No,5,Yes,Employed,Agriculture
788,35,Female,Oti,Rural,Tertiary,Married,7,No,9,Yes,Unemployed,
790,34,Female,Bono East,Rural,SHS,Single,5,No,10,No,Not in Labor Force,
791,22,Female,Greater Accra,Urban,SHS,Married,3,No,2,Yes,Employed,Industry
792,35,Female,Ashanti,Rural,Primary,Single,5,No,18,Yes,Unemployed,
796,23,Female,Ahafo,Urban,Primary,Single,6,No,10,Yes,Employed,Informal Trade
799,21,Female,Greater Accra,Urban,JHS,Single,4,No,4,No,Not in Labor Force,
800,25,Male,Greater Accra,Urban,,Married,10,No,15,Yes,Employed,Services
801,17,Female,Eastern,Rural,JHS,Married,8,No,1,No,Not in Labor Force,
802,22,Female,Bono East,Rural,JHS,Married,3,No,6,Yes,Employed,Industry
803,28,Female,Upper East,Rural,Primary,Married,5,No,11,Yes,Employed,Informal Trade
804,21,Male,Western,Urban,SHS,Single,5,No,2,Yes,Unemployed,
806,18,Male,Eastern,Rural,Primary,Single,10,No,4,No,Not in Labor Force,
807,28,Male,Upper West,Urban,JHS,Single,2,No,12,No,Not in Labor Force,
808,22,Male,Central,Rural,SHS,Single,6,No,2,No,Not in Labor Force,
809,30,Male,Northern,Rural,Primary,Single,1,No,16,Yes,Unemployed,
810,35,Female,Ashanti,Urban,JHS,Married,4,No,15,No,Not in Labor Force,
811,33,Female,Greater Accra,Urban,SHS,Single,5,No,9,Yes,Employed,Services
814,18,Female,Eastern,Rural,,Single,7,No,10,Yes,Employed,Informal Trade
817,24,Female,Greater Accra,Urban,Tertiary,Married,4,No,1,Yes,Employed,Public Sector
818,27,Male,Upper West,Rural,,Divorced/Separated,2,No,15,Yes,Employed,Agriculture
819,28,Male,Greater Accra,Rural,Primary,Single,6,No,11,No,Not in Labor Force,
820,32,Female,Greater Accra,Urban,SHS,Single,3,No,12,Yes,Employed,Services
821,23,Male,Ashanti,Urban,Tertiary,Married,4,No,0,Yes,Employed,Informal Trade
822,35,Male,Greater Accra,Urban,SHS,Divorced/Separated,7,No,13,Yes,Employed,Informal Trade
823,31,Female,Ashanti,Urban,SHS,Divorced/Separated,3,No,7,Yes,Employed,Services
825,33,Male,Upper West,Rural,Primary,Married,7,No,14,No,Not in Labor Force,
827,25,Female,Greater Accra,Rural,,Married,9,No,12,Yes,Employed,Agriculture
829,20,Male,Bono,Urban,SHS,Married,4,No,1,Yes,Employed,Services
830,27,Male,Greater Accra,Urban,SHS,Married,7,No,6,No,Not in Labor Force,
832,25,Female,Oti,Urban,,Single,5,No,18,Yes,Employed,Industry
834,27,Female,Western,Rural,JHS,Single,4,No,8,Yes,Employed,Agriculture
835,21,Female,Volta,Rural,,Divorced/Separated,9,No,13,Yes,Employed,Agriculture
836,33,Male,Volta,Rural,SHS,Married,6,No,13,Yes,Employed,Agriculture
837,20,Male,Northern,Rural,SHS,Single,8,No,1,No,Not in Labor Force,
838,30,Female,Oti,Rural,SHS,Single,4,No,11,Yes,Employed,Agriculture
839,28,Male,Central,Rural,JHS,Divorced/Separated,8,No,10,Yes,Employed,Agriculture
841,32,Male,Northern,Urban,JHS,Married,4,No,12,Yes,Employed,Informal Trade
843,24,Female,Bono East,Rural,SHS,Married,5,No,4,No,Not in Labor Force,
846,26,Male,Greater Accra,Urban,Primary,Single,6,No,13,Yes,Employed,Services
847,28,Female,Savannah,Urban,SHS,Married,8,No,8,Yes,Unemployed,
848,34,Male,Upper East,Urban,Tertiary,Married,6,No,10,Yes,Employed,Informal Trade
850,23,Male,Greater Accra,Rural,JHS,Married,7,No,5,No,Not in Labor Force,
852,23,Female,Ashanti,Rural,JHS,Married,8,No,6,No,Not in Labor Force,
853,19,Male,Greater Accra,Urban,Primary,Married,5,No,5,No,Not in Labor Force,
854,25,Male,Ahafo,Rural,Tertiary,Married,5,No,2,Yes,Unemployed,
856,29,Female,Savannah,Rural,Primary,Married,7,No,15,Yes,Employed,Agriculture
857,30,Female,Ashanti,Urban,Tertiary,Single,4,No,4,Yes,Unemployed,
859,33,Female,Northern,Rural,JHS,Married,6,No,12,Yes,Employed,Services
861,23,Female,Central,Rural,SHS,Single,12,No,3,No,Not in Labor Force,
864,15,Male,Ashanti,Urban,JHS,Married,6,No,0,Yes,Unemployed,
866,28,Female,Ashanti,Urban,SHS,Single,3,No,6,Yes,Employed,Services
867,35,Male,Greater Accra,Urban,JHS,Married,7,No,19,Yes,Employed,Industry
868,23,Male,Greater Accra,Urban,Primary,Married,9,No,11,Yes,Employed,Industry
871,24,Female,Ashanti,Rural,Primary,Divorced/Separated,4,No,10,Yes,Employed,Public Sector
873,35,Male,Ashanti,Rural,Primary,Single,8,No,18,Yes,Employed,Agriculture
874,27,Female,Western North,Rural,JHS,Married,6,No,9,Yes,Employed,Informal Trade
875,32,Male,Ahafo,Rural,SHS,Single,8,No,11,Yes,Employed,Agriculture
876,33,Male,Western,Urban,JHS,Single,2,No,13,Yes,Employed,Public Sector
877,28,Female,Greater Accra,Urban,SHS,Married,3,No,6,Yes,Employed,Informal Trade
879,32,Male,Volta,Rural,Tertiary,Single,5,No,8,Yes,Employed,Industry
881,35,Female,Ashanti,Urban,Tertiary,Married,1,No,11,Yes,Employed,Public Sector
882,25,Male,Greater Accra,Urban,Tertiary,Married,7,No,2,Yes,Unemployed,
884,31,Male,Upper East,Rural,JHS,Single,7,No,13,Yes,Employed,Informal Trade
889,26,Male,Bono,Rural,SHS,Divorced/Separated,7,No,5,Yes,Employed,Informal Trade
890,26,Male,Volta,Rural,SHS,Single,4,No,4,Yes,Employed,Industry
891,19,Male,Volta,Rural,,Single,6,No,13,Yes,Employed,Agriculture
892,26,Male,Eastern,Rural,JHS,Single,5,No,9,Yes,Employed,Informal Trade
893,34,Female,Greater Accra,Urban,JHS,Married,7,No,13,Yes,Employed,Services
894,33,Male,Northern,Rural,Primary,Married,8,No,17,Yes,Employed,Informal Trade
895,23,Male,Eastern,Rural,SHS,Widowed,7,No,3,Yes,Employed,Agriculture
896,34,Female,Eastern,Urban,Tertiary,Single,3,No,7,Yes,Employed,Informal Trade
898,32,Female,Ashanti,Rural,SHS,Single,9,No,8,No,Not in Labor Force,
899,24,Female,Northern,Urban,Primary,Single,4,No,8,Yes,Employed,Services
901,34,Male,Bono East,Urban,,Single,5,No,24,No,Not in Labor Force,
902,30,Male,Savannah,Rural,Primary,Single,6,No,15,Yes,Employed,Industry
903,24,Female,Eastern,Urban,SHS,Married,7,No,4,No,Not in Labor Force,
906,25,Male,Ahafo,Rural,Primary,Single,10,No,11,No,Not in Labor Force,
907,34,Male,Ashanti,Urban,SHS,Divorced/Separated,4,No,12,Yes,Employed,Services
909,32,Female,Western,Rural,Primary,Single,6,No,17,Yes,Employed,Industry
911,23,Male,Western,Urban,Primary,Married,6,No,10,Yes,Employed,Informal Trade
912,28,Female,Eastern,Rural,Primary,Divorced/Separated,3,No,11,Yes,Employed,Informal Trade
915,26,Female,Eastern,Urban,JHS,Married,9,Yes,9,No,Not in Labor Force,
919,26,Male,Western,Rural,,Single,4,No,18,Yes,Employed,Agriculture
921,25,Male,Central,Rural,,Single,7,No,12,Yes,Employed,Industry
922,33,Female,Eastern,Urban,SHS,Single,6,No,12,Yes,Unemployed,
923,26,Female,Upper West,Rural,Primary,Married,6,No,11,Yes,Employed,Agriculture
924,31,Female,Ashanti,Urban,JHS,Married,6,No,14,Yes,Employed,Services
925,32,Female,Bono East,Rural,,Married,5,No,19,Yes,Employed,Agriculture
926,23,Female,Greater Accra,Urban,JHS,Single,7,No,6,No,Not in Labor Force,
927,21,Female,Eastern,Urban,SHS,Married,6,No,1,No,Not in Labor Force,
928,28,Female,Northern,Urban,SHS,Married,5,No,8,Yes,Unemployed,
929,31,Female,Savannah,Rural,Primary,Married,4,No,15,Yes,Employed,Agriculture
931,26,Female,Northern,Rural,Primary,Divorced/Separated,7,No,9,Yes,Employed,Informal Trade
932,30,Female,Upper West,Urban,Primary,Single,4,Yes,15,Yes,Employed,Informal Trade
933,30,Male,Bono,Rural,JHS,Single,5,No,13,Yes,Employed,Public Sector
934,33,Female,Western North,Urban,Tertiary,Married,7,No,10,No,Not in Labor Force,
937,29,Female,Oti,Rural,Primary,Married,2,No,13,No,Not in Labor Force,
939,21,Female,Northern,Rural,SHS,Married,3,No,1,Yes,Employed,Agriculture
940,28,Male,Ashanti,Urban,Primary,Married,6,No,15,Yes,Employed,Industry
943,27,Female,Greater Accra,Urban,SHS,Married,6,No,8,No,Not in Labor Force,
944,27,Male,Eastern,Urban,Tertiary,Divorced/Separated,4,No,3,Yes,Unemployed,
945,21,Male,Bono East,Urban,SHS,Single,4,No,2,Yes,Employed,Public Sector
946,31,Male,Ashanti,Urban,,Single,6,No,17,Yes,Employed,Informal Trade
947,23,Male,Greater Accra,Urban,SHS,Single,7,No,4,No,Not in Labor Force,
948,25,Female,Ashanti,Urban,JHS,Single,6,No,6,Yes,Employed,Industry
949,32,Male,Upper East,Rural,SHS,Single,4,No,13,Yes,Employed,Agriculture
952,34,Female,Ashanti,Rural,,Single,6,No,19,No,Not in Labor Force,
953,18,Male,Volta,Rural,JHS,Married,8,No,2,Yes,Employed,Agriculture
954,30,Female,Northern,Rural,JHS,Married,4,No,12,Yes,Employed,Services
956,30,Male,Northern,Rural,JHS,Married,2,Yes,10,Yes,Employed,Agriculture
958,32,Female,Greater Accra,Urban,SHS,Single,4,No,12,Yes,Employed,Public Sector
962,17,Female,Eastern,Rural,Primary,Divorced/Separated,3,No,4,Yes,Unemployed,
963,17,Male,Northern,Rural,JHS,Widowed,4,No,1,No,Not in Labor Force,
964,30,Female,Western North,Rural,,Married,8,No,21,Yes,Employed,Agriculture
967,34,Female,Ashanti,Urban,Tertiary,Single,4,No,8,Yes,Employed,Informal Trade
968,27,Male,Greater Accra,Urban,JHS,Married,12,No,11,Yes,Employed,Informal Trade
969,30,Male,Eastern,Rural,JHS,Married,5,No,12,Yes,Employed,Agriculture
970,22,Female,Ashanti,Rural,SHS,Married,8,No,3,No,Not in Labor Force,
972,27,Female,Greater Accra,Urban,Primary,Married,6,No,13,Yes,Employed,Industry
973,23,Female,Greater Accra,Urban,SHS,Single,6,No,4,No,Not in Labor Force,
974,28,Male,Western,Rural,SHS,Married,9,Yes,8,Yes,Employed,Agriculture
978,27,Male,Ashanti,Urban,SHS,Married,6,No,6,Yes,Employed,Agriculture
980,31,Female,Ashanti,Urban,JHS,Single,5,No,11,No,Not in Labor Force,
982,21,Female,North East,Rural,SHS,Married,5,No,1,No,Not in Labor Force,
985,26,Female,Savannah,Urban,SHS,Single,5,No,5,No,Not in Labor Force,
986,21,Female,Volta,Urban,SHS,Single,8,No,2,Yes,Unemployed,
992,27,Male,Savannah,Rural,Primary,Married,6,No,11,Yes,Employed,Agriculture
993,22,Male,Greater Accra,Urban,SHS,Single,2,No,3,Yes,Employed,Public Sector
995,25,Male,Volta,Rural,JHS,Single,2,No,8,Yes,Employed,Agriculture
996,24,Male,Eastern,Rural,SHS,Single,5,No,4,No,Not in Labor Force,
998,24,Female,Western,Rural,JHS,Married,3,No,6,No,Not in Labor Force,
999,31,Female,Ashanti,Rural,JHS,Single,4,No,12,Yes,Unemployed,
1001,19,Female,Upper West,Rural,JHS,Divorced/Separated,6,No,2,Yes,Employed,Agriculture
1003,19,Female,Ahafo,Urban,JHS,Married,5,Yes,2,Yes,Unemployed,
1004,28,Male,Central,Urban,JHS,Married,2,No,8,Yes,Unemployed,
1005,21,Male,Ahafo,Rural,Tertiary,Married,3,No,0,No,Not in Labor Force,
1006,31,Female,Western North,Urban,SHS,Single,4,No,8,Yes,Unemployed,
1007,33,Female,Eastern,Rural,JHS,Married,6,No,15,Yes,Employed,Informal Trade
1008,22,Male,Upper West,Rural,Primary,Married,6,No,8,No,Not in Labor Force,
1009,33,Male,Greater Accra,Urban,Tertiary,Single,2,No,6,No,Not in Labor Force,
1010,23,Female,Greater Accra,Urban,SHS,Single,8,No,2,No,Not in Labor Force,
1011,35,Female,Northern,Urban,JHS,Single,7,No,16,Yes,Employed,Services
1012,24,Male,Greater Accra,Urban,SHS,Married,4,No,4,Yes,Unemployed,
1013,35,Male,Northern,Urban,JHS,Married,7,No,16,Yes,Employed,Industry
1014,21,Male,Ashanti,Urban,Tertiary,Married,7,No,0,Yes,Employed,Industry
1015,33,Male,Ashanti,Urban,SHS,Single,4,No,12,Yes,Employed,Informal Trade
1016,23,Male,Ashanti,Urban,Primary,Married,3,No,8,Yes,Employed,Services
1017,28,Male,Western North,Urban,JHS,Single,5,No,9,Yes,Employed,Services
1019,23,Female,Upper East,Rural,JHS,Single,4,No,6,No,Not in Labor Force,
1020,17,Male,Upper West,Rural,Primary,Single,2,No,4,Yes,Employed,Informal Trade
1021,16,Male,Bono,Urban,SHS,Single,6,No,0,Yes,Unemployed,
1022,34,Female,Greater Accra,Urban,JHS,Single,6,Yes,13,Yes,Employed,Services
1026,27,Female,Bono,Urban,JHS,Married,1,No,10,Yes,Employed,Agriculture
1030,25,Female,Western,Rural,SHS,Single,6,No,4,Yes,Unemployed,
1032,35,Female,Volta,Rural,SHS,Single,4,No,12,Yes,Employed,Informal Trade
1033,26,Male,Northern,Rural,SHS,Married,5,No,5,Yes,Employed,Informal Trade
1035,22,Female,Greater Accra,Urban,JHS,Married,2,No,6,Yes,Employed,Services
1036,22,Female,Eastern,Urban,Tertiary,Single,2,No,0,No,Not in Labor Force,
1038,27,Male,Central,Rural,SHS,Single,3,No,5,Yes,Employed,Services
1039,26,Male,Upper West,Rural,Primary,Married,7,No,11,Yes,Employed,Informal Trade
1040,27,Female,Ashanti,Rural,Primary,Married,6,No,14,No,Not in Labor Force,
1045,34,Male,Greater Accra,Urban,SHS,Married,6,No,13,Yes,Unemployed,
1046,33,Male,Bono East,Urban,JHS,Single,4,No,14,Yes,Employed,Public Sector
1048,19,Male,Volta,Rural,JHS,Married,8,No,3,No,Not in Labor Force,
1049,30,Female,Upper East,Urban,Tertiary,Divorced/Separated,4,No,6,Yes,Unemployed,
1050,22,Male,Ashanti,Urban,Tertiary,Married,3,No,0,No,Not in Labor Force,
1051,31,Male,Western,Urban,JHS,Married,4,No,12,No,Not in Labor Force,
1053,34,Male,Upper West,Rural,,Single,4,No,24,Yes,Employed,Public Sector
1056,17,Female,Greater Accra,Urban,Tertiary,Single,1,No,0,No,Not in Labor Force,
1064,35,Female,Northern,Rural,JHS,Married,7,No,15,Yes,Employed,Public Sector
1066,28,Male,Western North,Urban,JHS,Divorced/Separated,8,No,12,No,Not in Labor Force,
1067,25,Female,Northern,Urban,Tertiary,Single,3,No,1,Yes,Employed,Informal Trade
1068,35,Female,Greater Accra,Urban,SHS,Divorced/Separated,2,No,13,Yes,Employed,Industry
1069,28,Male,Central,Urban,JHS,Married,5,No,11,No,Not in Labor Force,
1072,23,Female,Eastern,Rural,JHS,Single,5,No,5,Yes,Unemployed,
1073,18,Male,Savannah,Urban,Tertiary,Married,3,No,0,No,Not in Labor Force,
1074,23,Male,Greater Accra,Urban,SHS,Single,3,No,3,No,Not in Labor Force,
1075,29,Male,Central,Urban,Tertiary,Single,8,No,6,Yes,Employed,Services
1078,22,Male,Upper East,Urban,Tertiary,Widowed,7,No,0,No,Not in Labor Force,
1080,29,Male,Western North,Rural,JHS,Married,7,No,10,No,Not in Labor Force,
1081,29,Female,Eastern,Urban,JHS,Divorced/Separated,4,No,8,Yes,Employed,Industry
1082,28,Female,Ashanti,Urban,Primary,Married,3,No,16,Yes,Employed,Public Sector
1083,34,Female,Ashanti,Urban,JHS,Married,6,No,17,Yes,Employed,Services
1085,33,Female,Volta,Rural,SHS,Married,4,No,10,Yes,Employed,Agriculture
1086,29,Male,Greater Accra,Urban,SHS,Single,5,No,9,Yes,Employed,Informal Trade
1091,33,Female,Ashanti,Urban,JHS,Single,7,No,16,Yes,Employed,Services
1092,29,Female,Northern,Rural,,Widowed,4,No,18,No,Not in Labor Force,
1095,18,Female,Northern,Rural,Primary,Single,4,No,5,No,Not in Labor Force,
1096,24,Female,Greater Accra,Rural,Primary,Married,7,No,11,Yes,Employed,Agriculture
1098,30,Female,Greater Accra,Urban,SHS,Single,11,No,10,Yes,Employed,Agriculture
1100,32,Male,Central,Rural,JHS,Divorced/Separated,6,No,15,No,Not in Labor Force,
1102,27,Male,Greater Accra,Urban,SHS,Divorced/Separated,3,No,7,Yes,Employed,Services
1104,19,Female,Greater Accra,Urban,SHS,Single,4,No,0,No,Not in Labor Force,
1108,24,Male,Bono,Urban,SHS,Married,5,No,3,Yes,Employed,Services
1110,31,Male,Ashanti,Urban,SHS,Married,6,No,11,Yes,Employed,Informal Trade
1111,25,Male,Ashanti,Urban,JHS,Single,1,No,7,Yes,Employed,Industry
1113,24,Male,Northern,Rural,,Married,8,No,15,Yes,Employed,Agriculture
1114,32,Female,Ashanti,Urban,Tertiary,Married,5,No,8,Yes,Employed,Industry
1115,17,Male,Ahafo,Rural,Primary,Divorced/Separated,5,No,4,No,Not in Labor Force,
1117,32,Male,Western North,Rural,SHS,Single,3,No,9,Yes,Employed,Informal Trade
1118,30,Male,Bono East,Rural,JHS,Married,4,No,12,Yes,Employed,Agriculture
1121,21,Male,Ashanti,Urban,SHS,Single,2,No,1,Yes,Employed,Industry
1123,24,Male,Upper East,Rural,Primary,Divorced/Separated,6,No,12,Yes,Employed,Informal Trade
1125,25,Male,Ashanti,Urban,JHS,Married,9,No,6,Yes,Employed,Public Sector
1126,19,Male,Ashanti,Rural,,Married,3,No,9,Yes,Employed,Agriculture
1127,25,Female,Ashanti,Rural,JHS,Single,3,No,9,Yes,Employed,Informal Trade
1128,25,Female,Bono,Urban,Primary,Single,3,No,9,Yes,Unemployed,
1130,28,Female,Ashanti,Urban,JHS,Single,1,No,11,No,Not in Labor Force,
1132,30,Male,Northern,Urban,Primary,Single,9,No,18,Yes,Employed,Industry
1133,28,Female,Central,Urban,SHS,Single,8,No,7,Yes,Employed,Services
1135,20,Male,Ashanti,Urban,SHS,Married,4,No,1,No,Not in Labor Force,
1136,34,Male,Central,Urban,JHS,Single,10,No,14,Yes,Employed,Industry
1137,24,Female,Greater Accra,Rural,JHS,Married,6,No,7,Yes,Employed,Services
1138,35,Male,Volta,Rural,,Married,6,No,22,Yes,Employed,Agriculture
1140,35,Male,Western North,Rural,JHS,Married,5,No,13,No,Not in Labor Force,
1141,31,Female,Northern,Rural,JHS,Married,4,No,12,Yes,Employed,Agriculture
1142,20,Female,Western,Rural,Primary,Divorced/Separated,4,No,8,Yes,Employed,Informal Trade
1143,33,Male,Western North,Rural,JHS,Single,6,No,16,Yes,Employed,Public Sector
1145,31,Female,Central,Urban,Tertiary,Single,3,No,5,No,Not in Labor Force,
1146,32,Female,Ashanti,Urban,Tertiary,Single,7,No,7,Yes,Employed,Informal Trade
1147,32,Female,Upper East,Urban,JHS,Married,5,No,14,Yes,Employed,Informal Trade
1149,20,Female,Eastern,Rural,Primary,Single,2,No,7,No,Not in Labor Force,
1154,26,Male,Central,Urban,JHS,Single,7,No,7,Yes,Employed,Industry
1156,31,Female,Upper West,Rural,JHS,Single,6,No,12,Yes,Employed,Agriculture
1157,16,Male,Western,Urban,JHS,Married,5,No,0,Yes,Employed,Informal Trade
1159,31,Male,Bono East,Rural,SHS,Married,4,No,11,Yes,Employed,Agriculture
1161,23,Male,Central,Rural,JHS,Single,11,No,4,No,Not in Labor Force,
1162,26,Male,Ashanti,Urban,SHS,Single,4,No,5,Yes,Unemployed,
1164,31,Female,Western,Rural,SHS,Married,2,No,10,Yes,Employed,Agriculture
1167,25,Female,Northern,Rural,Primary,Married,6,No,10,No,Not in Labor Force,
1169,34,Male,Western,Urban,SHS,Single,5,No,9,Yes,Employed,Informal Trade
1170,34,Male,Volta,Rural,Primary,Single,7,No,21,Yes,Unemployed,
1172,33,Female,Northern,Urban,Tertiary,Widowed,7,No,7,Yes,Employed,Informal Trade
1175,33,Male,Eastern,Rural,JHS,Single,7,No,15,Yes,Employed,Agriculture
1176,28,Female,Upper West,Rural,SHS,Single,5,No,6,No,Not in Labor Force,
1177,33,Female,Central,Urban,Tertiary,Single,5,Yes,10,Yes,Employed,Public Sector
1178,33,Female,Ashanti,Urban,Primary,Single,6,No,19,No,Not in Labor Force,
1179,32,Male,Eastern,Urban,JHS,Married,6,No,13,Yes,Employed,Services
1182,33,Male,Upper East,Rural,Primary,Single,3,No,14,Yes,Employed,Industry
1183,25,Female,Western,Rural,Tertiary,Single,5,No,2,No,Not in Labor Force,
1184,34,Female,Northern,Rural,,Single,6,No,23,Yes,Employed,Industry
1189,32,Female,Northern,Rural,JHS,Single,4,No,11,Yes,Employed,Agriculture
1191,29,Female,Ashanti,Urban,SHS,Married,5,No,7,No,Not in Labor Force,
1194,31,Male,Greater Accra,Urban,Primary,Married,6,No,16,Yes,Employed,Services
1195,26,Male,Bono,Urban,JHS,Single,2,No,8,No,Not in Labor Force,
1196,31,Female,Greater Accra,Urban,Tertiary,Single,5,No,7,Yes,Unemployed,
1198,30,Male,Central,Urban,Primary,Married,5,No,13,Yes,Employed,Public Sector
1200,31,Male,Ashanti,Urban,JHS,Married,4,No,10,Yes,Employed,Public Sector
1201,33,Female,Greater Accra,Urban,SHS,Divorced/Separated,6,No,10,Yes,Unemployed,
1206,29,Male,Eastern,Rural,JHS,Married,8,Yes,12,Yes,Employed,Informal Trade
1207,33,Female,Greater Accra,Urban,SHS,Single,3,No,10,Yes,Unemployed,
1208,22,Female,Bono East,Rural,Primary,Single,10,No,10,Yes,Employed,Agriculture
1209,34,Female,Ashanti,Urban,JHS,Single,6,No,12,No,Not in Labor Force,
1210,29,Female,Greater Accra,Urban,JHS,Married,12,No,9,No,Not in Labor Force,
1211,24,Female,Ashanti,Rural,Primary,Single,6,No,9,Yes,Employed,Informal Trade
1213,35,Female,Volta,Rural,Primary,Single,5,No,17,Yes,Employed,Industry
1216,19,Female,Upper East,Rural,SHS,Married,2,No,0,Yes,Employed,Agriculture
1218,31,Female,Greater Accra,Urban,SHS,Single,5,Yes,11,Yes,Employed,Informal Trade
1219,19,Male,Ashanti,Rural,Primary,Married,6,No,6,Yes,Employed,Agriculture
1220,26,Female,Greater Accra,Urban,Tertiary,Married,6,No,3,Yes,Unemployed,
1221,31,Male,Greater Accra,Urban,Primary,Married,5,No,12,Yes,Unemployed,
1223,31,Male,Western,Rural,Tertiary,Married,4,No,6,Yes,Employed,Services
1224,30,Female,Greater Accra,Urban,JHS,Divorced/Separated,3,No,14,No,Not in Labor Force,
1225,18,Female,Northern,Rural,Primary,Married,7,Yes,6,Yes,Employed,Agriculture
1226,27,Male,Western,Rural,Primary,Married,8,No,12,No,Not in Labor Force,
1227,31,Male,Western,Rural,,Single,6,No,24,No,Not in Labor Force,
1229,21,Male,Ashanti,Rural,Primary,Married,8,No,8,Yes,Employed,Agriculture
1230,35,Female,Greater Accra,Urban,JHS,Single,4,No,19,Yes,Employed,Industry
1232,23,Female,Central,Rural,JHS,Single,3,No,6,No,Not in Labor Force,
1234,33,Female,Central,Urban,SHS,Married,3,No,12,No,Not in Labor Force,
1235,31,Female,Ashanti,Urban,Primary,Single,7,No,16,No,Not in Labor Force,
1236,27,Female,Eastern,Urban,SHS,Widowed,8,No,7,Yes,Employed,Services
1237,27,Male,Bono East,Rural,SHS,Married,4,No,6,Yes,Employed,Agriculture
1242,30,Male,Greater Accra,Urban,JHS,Single,8,No,10,Yes,Employed,Public Sector
1246,35,Female,Bono East,Rural,JHS,Married,2,No,15,Yes,Employed,Agriculture
1248,27,Female,Western,Rural,JHS,Single,9,No,8,Yes,Employed,Industry
1249,23,Male,Ashanti,Rural,JHS,Divorced/Separated,9,No,6,Yes,Employed,Informal Trade
1251,28,Female,Ashanti,Urban,SHS,Married,3,Yes,6,Yes,Employed,Services
1253,21,Female,Greater Accra,Urban,JHS,Widowed,4,No,3,No,Not in Labor Force,
1254,21,Male,Central,Rural,JHS,Married,1,No,3,Yes,Employed,Public Sector
1255,30,Male,Western,Rural,SHS,Single,5,No,10,Yes,Employed,Agriculture
1256,21,Male,Upper East,Rural,Primary,Divorced/Separated,2,No,6,No,Not in Labor Force,
1257,35,Female,Eastern,Rural,SHS,Single,6,No,10,Yes,Employed,Agriculture
1258,28,Female,Greater Accra,Urban,SHS,Single,5,No,7,Yes,Employed,Services
1259,21,Female,Northern,Rural,,Single,4,No,15,Yes,Employed,Agriculture
1260,16,Female,Central,Urban,SHS,Married,4,No,0,Yes,Employed,Industry
1261,27,Female,Volta,Rural,JHS,Married,5,No,7,No,Not in Labor Force,
1262,15,Male,Greater Accra,Rural,Tertiary,Married,3,No,0,No,Not in Labor Force,
1263,26,Male,Central,Urban,JHS,Married,4,No,7,No,Not in Labor Force,
1267,32,Female,Ahafo,Rural,JHS,Married,6,No,15,No,Not in Labor Force,
1269,21,Female,Ashanti,Rural,Primary,Single,9,No,9,Yes,Employed,Agriculture
1270,35,Female,Ashanti,Rural,SHS,Married,5,No,11,Yes,Employed,Informal Trade
1272,28,Female,Upper East,Rural,Primary,Single,5,No,16,Yes,Employed,Public Sector
1274,34,Male,Central,Urban,SHS,Married,5,No,14,No,Not in Labor Force,
1275,31,Male,Oti,Urban,SHS,Single,2,No,11,Yes,Employed,Services
1276,18,Female,Ashanti,Rural,JHS,Married,8,No,2,Yes,Employed,Agriculture
1279,31,Male,Greater Accra,Urban,,Married,6,No,18,Yes,Employed,Informal Trade
1281,25,Female,Savannah,Rural,JHS,Married,2,No,8,Yes,Employed,Informal Trade
1283,29,Female,Northern,Rural,Primary,Single,2,No,14,No,Not in Labor Force,
1285,24,Female,Upper East,Rural,,Married,8,No,16,Yes,Employed,Services
1286,27,Male,Ashanti,Urban,JHS,Married,3,No,7,Yes,Employed,Services
1287,20,Male,Eastern,Urban,JHS,Single,9,No,3,No,Not in Labor Force,
1288,31,Female,Greater Accra,Urban,SHS,Single,9,No,9,Yes,Employed,Public Sector
1290,19,Male,Bono,Rural,Tertiary,Single,3,No,0,Yes,Employed,Agriculture
1291,18,Female,Eastern,Urban,Tertiary,Single,7,No,0,No,Not in Labor Force,
1294,30,Female,Ashanti,Rural,Primary,Divorced/Separated,5,No,13,Yes,Employed,Informal Trade
1295,19,Male,Bono East,Rural,Primary,Married,4,No,6,Yes,Employed,Services
1296,25,Female,Eastern,Urban,SHS,Married,4,No,4,No,Not in Labor Force,
1297,28,Male,Northern,Rural,JHS,Single,4,No,7,Yes,Employed,Agriculture
1298,34,Female,Ashanti,Rural,JHS,Single,7,No,16,Yes,Employed,Agriculture
1300,23,Female,Northern,Urban,JHS,Married,5,No,5,Yes,Employed,Agriculture
1302,31,Male,Ashanti,Urban,JHS,Single,5,No,15,No,Not in Labor Force,
1303,26,Male,Greater Accra,Urban,JHS,Married,5,No,10,Yes,Employed,Public Sector
1304,25,Female,Oti,Rural,Primary,Married,6,No,13,Yes,Employed,Agriculture
1305,20,Female,Ahafo,Rural,JHS,Married,4,No,4,Yes,Employed,Agriculture
1307,21,Female,Bono,Urban,JHS,Single,7,No,3,No,Not in Labor Force,
1308,31,Male,Eastern,Rural,JHS,Married,5,No,13,Yes,Employed,Informal Trade
1310,19,Female,Central,Rural,,Single,5,No,12,Yes,Employed,Industry
1311,30,Female,Ashanti,Urban,SHS,Single,6,No,7,Yes,Employed,Services
1312,33,Female,Bono East,Rural,SHS,Single,4,No,9,No,Not in Labor Force,
1313,30,Male,Western North,Rural,JHS,Single,4,No,11,Yes,Employed,Industry
1315,25,Male,Western,Rural,JHS,Married,5,No,8,Yes,Employed,Agriculture
1316,30,Female,Upper East,Urban,Tertiary,Married,3,No,4,Yes,Unemployed,
1319,30,Male,Bono East,Rural,,Single,3,No,16,Yes,Employed,Industry
1321,21,Female,Greater Accra,Urban,SHS,Married,7,No,2,No,Not in Labor Force,
1322,33,Female,Greater Accra,Urban,SHS,Married,6,No,9,Yes,Employed,Public Sector
1323,34,Male,Savannah,Rural,JHS,Single,5,No,12,Yes,Employed,Agriculture
1325,20,Male,Ashanti,Urban,Tertiary,Single,9,No,0,No,Not in Labor Force,
1328,18,Male,Ahafo,Rural,JHS,Widowed,4,No,1,Yes,Employed,Services
1329,33,Male,Central,Rural,Primary,Single,4,No,20,Yes,Employed,Agriculture
1331,35,Female,Greater Accra,Urban,Tertiary,Married,3,No,9,Yes,Employed,Services
1334,31,Female,Greater Accra,Urban,SHS,Single,3,No,8,Yes,Employed,Services
1335,16,Female,Greater Accra,Urban,JHS,Single,5,No,0,Yes,Employed,Public Sector
1340,28,Male,Western,Urban,JHS,Married,9,No,11,Yes,Employed,Agriculture
1342,33,Female,Bono,Urban,SHS,Married,8,No,9,Yes,Employed,Services
1343,28,Female,Bono,Urban,Primary,Single,6,No,15,Yes,Employed,Agriculture
1344,34,Male,Ashanti,Rural,,Married,6,No,23,No,Not in Labor Force,
1345,35,Male,Northern,Rural,,Divorced/Separated,5,No,25,Yes,Employed,Agriculture
1346,27,Male,Bono East,Rural,JHS,Single,3,No,8,Yes,Employed,Industry
1348,35,Male,Ashanti,Rural,JHS,Single,2,No,14,No,Not in Labor Force,
1350,33,Female,Northern,Rural,JHS,Married,8,No,12,Yes,Unemployed,
1351,22,Female,Ashanti,Rural,,Married,8,No,11,Yes,Employed,Agriculture
1354,28,Female,Ashanti,Urban,,Married,7,No,17,No,Not in Labor Force,
1355,34,Male,Greater Accra,Urban,,Married,6,No,27,Yes,Employed,Informal Trade
1356,23,Female,Greater Accra,Urban,SHS,Single,4,No,4,Yes,Unemployed,
1357,30,Female,Greater Accra,Urban,JHS,Married,5,No,11,Yes,Employed,Agriculture
1358,27,Female,Oti,Urban,JHS,Married,10,No,11,No,Not in Labor Force,
1359,30,Female,Greater Accra,Urban,,Divorced/Separated,10,No,23,Yes,Employed,Industry
1362,21,Female,Volta,Rural,SHS,Single,8,No,2,Yes,Employed,Services
1364,34,Female,Ahafo,Urban,Tertiary,Married,5,No,8,Yes,Employed,Industry
1365,25,Male,Northern,Rural,,Married,7,No,15,No,Not in Labor Force,
1370,19,Male,Ashanti,Urban,,Single,6,No,10,Yes,Unemployed,
1372,34,Female,Western,Rural,Primary,Single,7,No,14,No,Not in Labor Force,
1374,33,Female,Greater Accra,Urban,SHS,Divorced/Separated,4,No,13,Yes,Employed,Services
1376,24,Female,Upper West,Rural,SHS,Married,3,No,4,Yes,Unemployed,
1378,16,Female,Central,Rural,,Single,8,No,8,Yes,Employed,Services
1379,30,Male,Ashanti,Rural,JHS,Single,10,No,9,Yes,Employed,Agriculture
1380,23,Female,Eastern,Rural,SHS,Married,2,No,3,No,Not in Labor Force,
1381,35,Female,Greater Accra,Urban,SHS,Divorced/Separated,4,No,15,Yes,Unemployed,
1382,21,Male,Western North,Rural,SHS,Married,3,No,1,Yes,Unemployed,
1383,22,Female,Greater Accra,Rural,,Married,5,No,13,Yes,Unemployed,
1384,27,Male,Bono,Rural,Primary,Married,3,No,11,Yes,Employed,Agriculture
1387,34,Female,Ashanti,Rural,,Divorced/Separated,5,No,23,Yes,Employed,Public Sector
1388,30,Female,Upper West,Rural,JHS,Married,7,No,10,Yes,Employed,Agriculture
1390,30,Male,Western North,Rural,,Widowed,5,No,23,Yes,Employed,Industry
1392,26,Female,Western,Rural,JHS,Married,8,No,7,Yes,Employed,Agriculture
1394,26,Male,Oti,Rural,JHS,Single,3,No,7,No,Not in Labor Force,
1398,24,Male,Greater Accra,Urban,Tertiary,Widowed,2,No,1,No,Not in Labor Force,
1399,27,Male,Ashanti,Rural,Primary,Single,7,No,12,Yes,Employed,Agriculture
1400,25,Male,Central,Rural,JHS,Single,6,No,7,No,Not in Labor Force,
1401,20,Male,Bono,Rural,JHS,Single,5,No,3,No,Not in Labor Force,
1402,22,Male,Ashanti,Urban,JHS,Single,5,No,5,Yes,Employed,Services
1403,33,Male,Ashanti,Urban,SHS,Married,3,No,12,Yes,Employed,Services
1404,27,Male,Greater Accra,Urban,,Married,3,No,16,No,Not in Labor Force,
1405,32,Male,Greater Accra,Urban,Tertiary,Single,3,No,7,Yes,Employed,Services
1406,27,Male,Upper West,Rural,,Single,8,No,19,Yes,Employed,Informal Trade
1407,27,Female,Greater Accra,Urban,JHS,Married,3,No,10,No,Not in Labor Force,
1409,25,Male,Greater Accra,Urban,SHS,Married,3,No,5,Yes,Unemployed,
1410,29,Female,Upper West,Rural,JHS,Single,5,No,13,Yes,Employed,Industry
1411,21,Female,Greater Accra,Rural,JHS,Married,5,No,3,Yes,Employed,Agriculture
1412,25,Female,Volta,Rural,SHS,Divorced/Separated,5,Yes,4,Yes,Employed,Public Sector
1417,18,Male,Greater Accra,Urban,JHS,Married,5,No,1,No,Not in Labor Force,
1418,28,Male,Eastern,Urban,SHS,Divorced/Separated,3,Yes,6,Yes,Employed,Public Sector
1419,22,Male,Eastern,Rural,Tertiary,Married,7,No,0,Yes,Employed,Agriculture
1420,27,Male,Upper East,Rural,JHS,Single,4,No,8,Yes,Employed,Agriculture
1421,17,Male,Ashanti,Urban,JHS,Single,5,Yes,1,No,Not in Labor Force,
1422,25,Female,Volta,Urban,SHS,Married,6,No,4,Yes,Unemployed,
1423,30,Female,Oti,Rural,,Married,5,No,17,Yes,Employed,Industry
1426,24,Female,Greater Accra,Urban,SHS,Single,4,No,4,Yes,Unemployed,
1431,31,Male,Oti,Urban,Primary,Single,4,No,18,Yes,Unemployed,
1432,31,Female,Upper West,Rural,JHS,Married,3,No,14,No,Not in Labor Force,
1433,21,Male,Greater Accra,Urban,Primary,Married,4,No,8,Yes,Employed,Industry
1435,33,Female,Northern,Rural,SHS,Divorced/Separated,5,Yes,13,Yes,Employed,Agriculture
1437,25,Male,Greater Accra,Urban,SHS,Married,7,No,6,No,Not in Labor Force,
1438,34,Female,Oti,Rural,SHS,Married,3,No,11,No,Not in Labor Force,
1439,29,Male,Upper West,Rural,Tertiary,Single,5,No,5,No,Not in Labor Force,
1440,33,Male,Bono East,Rural,Primary,Married,2,No,18,Yes,Employed,Public Sector
1442,23,Male,Northern,Urban,JHS,Single,4,No,5,No,Not in Labor Force,
1443,28,Female,Upper East,Urban,Primary,Married,7,No,14,Yes,Unemployed,
1444,32,Female,Eastern,Rural,Primary,Married,9,No,19,No,Not in Labor Force,
1446,27,Male,Greater Accra,Urban,Tertiary,Married,5,No,4,Yes,Employed,Informal Trade
1448,29,Male,Ashanti,Urban,,Single,1,No,21,No,Not in Labor Force,
1450,20,Male,Eastern,Rural,SHS,Married,4,No,1,Yes,Unemployed,
1451,16,Female,North East,Urban,SHS,Single,4,No,0,No,Not in Labor Force,
1452,28,Male,Western,Urban,Tertiary,Widowed,10,No,4,Yes,Employed,Services
1453,34,Female,Western,Urban,JHS,Widowed,1,No,12,Yes,Employed,Services
1454,22,Female,Ashanti,Rural,Primary,Divorced/Separated,6,No,8,Yes,Employed,Informal Trade
1457,22,Male,Greater Accra,Urban,JHS,Single,4,No,6,No,Not in Labor Force,
1458,35,Male,Bono,Rural,JHS,Married,6,Yes,19,No,Not in Labor Force,
1459,23,Male,Greater Accra,Urban,Tertiary,Widowed,5,No,0,No,Not in Labor Force,
1461,20,Male,Western,Urban,JHS,Married,2,No,4,Yes,Employed,Industry
1462,22,Female,Central,Urban,Tertiary,Married,3,No,0,No,Not in Labor Force,
1463,23,Male,Oti,Urban,JHS,Single,5,No,5,Yes,Unemployed,
1464,33,Female,Northern,Rural,JHS,Single,7,No,13,Yes,Employed,Informal Trade
1465,24,Male,Ashanti,Rural,,Single,7,No,11,No,Not in Labor Force,
1469,28,Male,Northern,Urban,Tertiary,Married,5,No,3,Yes,Unemployed,
1472,19,Male,Greater Accra,Urban,SHS,Single,6,No,0,Yes,Employed,Informal Trade
1473,27,Male,Ashanti,Urban,,Married,4,No,17,Yes,Employed,Informal Trade
1476,29,Male,Ashanti,Rural,Primary,Married,2,No,12,Yes,Employed,Agriculture
1477,20,Male,Central,Rural,Primary,Married,6,No,5,Yes,Employed,Agriculture
1478,30,Female,Bono,Rural,Primary,Divorced/Separated,7,No,14,Yes,Employed,Informal Trade
1479,21,Male,Central,Urban,SHS,Single,5,No,2,Yes,Unemployed,
1482,31,Female,Upper East,Urban,SHS,Married,8,No,10,Yes,Employed,Industry
1484,22,Female,Ashanti,Rural,Primary,Single,4,No,10,Yes,Employed,Informal Trade
1486,28,Female,Bono East,Rural,,Married,6,No,20,Yes,Employed,Informal Trade
1488,32,Female,Ashanti,Rural,JHS,Married,8,No,12,Yes,Employed,Public Sector
1489,35,Male,Bono,Rural,,Married,7,No,28,Yes,Employed,Industry
1491,16,Female,Northern,Rural,JHS,Single,3,No,0,Yes,Employed,Agriculture
1492,19,Female,Volta,Urban,Tertiary,Married,6,No,0,No,Not in Labor Force,
1493,23,Female,Greater Accra,Urban,Primary,Single,10,No,10,Yes,Unemployed,
1494,19,Male,Greater Accra,Urban,Primary,Married,8,No,7,Yes,Unemployed,
1495,26,Male,Ashanti,Urban,JHS,Married,3,No,7,No,Not in Labor Force,
1496,17,Female,Ashanti,Rural,Primary,Single,5,No,5,Yes,Employed,Industry
1497,22,Male,Greater Accra,Urban,Primary,Single,8,No,10,Yes,Unemployed,
1499,22,Female,Western North,Rural,Tertiary,Married,7,No,0,Yes,Employed,Informal Trade
1502,32,Male,Western,Rural,JHS,Single,4,Yes,15,Yes,Employed,Agriculture
1503,19,Male,Ashanti,Rural,JHS,Single,5,No,3,Yes,Unemployed,
1505,22,Male,Greater Accra,Urban,Tertiary,Single,5,No,0,Yes,Unemployed,
1506,28,Female,Savannah,Rural,Primary,Single,9,No,11,Yes,Employed,Agriculture
1508,20,Female,Eastern,Urban,,Married,11,No,13,Yes,Employed,Services
1509,34,Male,Western North,Rural,,Married,4,No,24,Yes,Employed,Agriculture
1510,30,Female,Volta,Urban,JHS,Single,11,No,13,Yes,Employed,Industry
1511,32,Male,Upper East,Rural,JHS,Single,4,No,15,Yes,Employed,Informal Trade
1512,25,Male,Greater Accra,Urban,JHS,Single,6,No,8,Yes,Employed,Services
1514,35,Male,Ashanti,Rural,JHS,Single,2,No,18,Yes,Employed,Agriculture
1516,19,Male,Ashanti,Urban,Tertiary,Married,1,No,0,No,Not in Labor Force,
1517,15,Male,Volta,Urban,SHS,Married,6,No,0,No,Not in Labor Force,
1519,34,Female,Greater Accra,Urban,JHS,Married,3,No,18,Yes,Employed,Public Sector
1520,19,Male,Northern,Rural,Primary,Married,3,No,7,Yes,Employed,Agriculture
1523,26,Male,Bono East,Rural,Primary,Single,4,No,12,Yes,Employed,Agriculture
1526,27,Female,Bono East,Rural,Primary,Single,4,No,14,Yes,Employed,Agriculture
1528,33,Female,Savannah,Rural,JHS,Single,5,No,17,Yes,Unemployed,
1531,22,Female,Northern,Urban,SHS,Single,4,No,2,Yes,Employed,Informal Trade
1532,25,Male,Central,Urban,SHS,Married,9,No,4,No,Not in Labor Force,
1534,31,Male,Ashanti,Urban,SHS,Married,5,No,8,Yes,Employed,Services
1536,33,Male,Upper West,Rural,JHS,Married,5,No,17,Yes,Employed,Agriculture
1537,23,Female,Volta,Rural,SHS,Single,3,No,4,Yes,Unemployed,
1540,33,Female,Bono,Urban,JHS,Single,5,No,13,Yes,Employed,Services
1541,21,Male,Greater Accra,Urban,JHS,Married,4,No,5,No,Not in Labor Force,
1542,23,Male,Savannah,Rural,SHS,Married,3,No,3,No,Not in Labor Force,
1543,28,Male,Bono East,Rural,Tertiary,Single,4,No,5,Yes,Employed,Services
1546,31,Female,Bono,Urban,Primary,Married,5,No,18,Yes,Employed,Informal Trade
1547,19,Male,Greater Accra,Urban,SHS,Single,5,Yes,0,No,Not in Labor Force,
1548,33,Female,Western North,Urban,,Single,6,No,19,Yes,Employed,Informal Trade
1549,31,Male,Greater Accra,Urban,Primary,Widowed,3,No,13,Yes,Employed,Services
1552,24,Female,Ashanti,Rural,,Single,4,No,17,Yes,Employed,Agriculture
1553,20,Female,Ashanti,Urban,JHS,Single,7,No,3,Yes,Employed,Industry
1557,18,Female,Western,Rural,JHS,Single,4,No,2,Yes,Employed,Agriculture
1558,28,Female,Western,Rural,,Married,4,No,16,Yes,Employed,Agriculture
1559,23,Female,Ashanti,Urban,JHS,Married,7,No,5,Yes,Unemployed,
1560,26,Female,Western,Rural,SHS,Married,4,No,6,No,Not in Labor Force,
1561,24,Female,Northern,Urban,SHS,Married,4,No,4,No,Not in Labor Force,
1563,18,Female,Greater Accra,Urban,Primary,Single,8,No,6,Yes,Employed,Services
1565,27,Female,Savannah,Rural,,Single,6,No,17,No,Not in Labor Force,
1566,27,Female,Bono,Rural,SHS,Single,4,No,8,Yes,Employed,Industry
1568,26,Female,Bono,Urban,SHS,Single,8,No,4,Yes,Unemployed,
1569,28,Female,Greater Accra,Urban,JHS,Single,5,No,8,Yes,Unemployed,
1570,27,Male,Greater Accra,Rural,JHS,Married,6,No,11,Yes,Employed,Industry
1572,25,Male,Central,Rural,Primary,Married,3,No,12,No,Not in Labor Force,
1573,35,Female,Bono,Urban,,Married,7,Yes,22,Yes,Employed,Industry
1574,24,Female,Bono,Rural,,Married,3,No,16,No,Not in Labor Force,
1575,24,Male,Ashanti,Urban,JHS,Married,4,Yes,7,No,Not in Labor Force,
1576,19,Male,Central,Urban,SHS,Married,7,No,0,Yes,Employed,Industry
1577,24,Male,Greater Accra,Urban,JHS,Single,7,No,7,Yes,Employed,Services
1578,19,Female,Oti,Rural,SHS,Married,3,No,0,Yes,Unemployed,
1579,26,Male,Ashanti,Urban,SHS,Divorced/Separated,5,No,5,No,Not in Labor Force,
1580,17,Female,Ashanti,Urban,SHS,Married,6,No,0,No,Not in Labor Force,
1581,34,Male,Savannah,Urban,JHS,Married,5,No,15,Yes,Employed,Services
1583,33,Female,Greater Accra,Urban,JHS,Single,2,No,16,Yes,Employed,Industry
1584,19,Female,Savannah,Rural,Primary,Single,3,No,6,Yes,Employed,Agriculture
1585,30,Female,Greater Accra,Urban,,Married,4,No,22,Yes,Employed,Informal Trade
1586,20,Female,Greater Accra,Urban,JHS,Single,5,No,3,No,Not in Labor Force,
1587,21,Male,Central,Rural,Primary,Single,4,No,8,No,Not in Labor Force,
1589,24,Male,Bono East,Urban,SHS,Widowed,5,No,4,Yes,Unemployed,
1590,28,Male,Northern,Rural,SHS,Single,4,No,8,Yes,Employed,Informal Trade
1592,17,Female,Greater Accra,Urban,SHS,Widowed,4,No,0,Yes,Unemployed,
1596,31,Female,Greater Accra,Urban,JHS,Married,4,No,14,Yes,Employed,Informal Trade
1598,22,Male,Upper East,Rural,JHS,Married,6,No,5,Yes,Employed,Industry
1600,34,Male,Ashanti,Rural,Primary,Single,4,No,18,Yes,Employed,Public Sector
1601,15,Male,Ashanti,Rural,JHS,Married,5,No,0,No,Not in Labor Force,
1602,23,Male,Bono,Rural,JHS,Single,2,No,6,Yes,Employed,Services
1607,33,Male,Greater Accra,Urban,JHS,Married,6,No,11,No,Not in Labor Force,
1608,20,Female,Bono,Urban,JHS,Widowed,5,No,3,Yes,Employed,Industry
1609,17,Female,Ashanti,Rural,Tertiary,Married,1,Yes,0,Yes,Unemployed,
1611,32,Female,Volta,Rural,Primary,Married,2,No,13,No,Not in Labor Force,
1612,31,Male,Upper West,Rural,JHS,Single,4,No,14,Yes,Employed,Industry
1615,17,Female,Greater Accra,Urban,SHS,Married,6,No,0,Yes,Employed,Public Sector
1616,35,Female,Central,Rural,Primary,Single,4,No,21,No,Not in Labor Force,
1618,21,Female,Ashanti,Urban,Tertiary,Married,5,No,0,Yes,Employed,Services
1619,16,Male,Volta,Rural,Tertiary,Single,6,No,0,No,Not in Labor Force,
1622,28,Female,Bono,Urban,JHS,Married,2,No,8,Yes,Employed,Industry
1623,25,Female,Eastern,Rural,,Single,7,No,18,Yes,Employed,Agriculture
1625,28,Female,Northern,Urban,SHS,Married,1,No,8,Yes,Unemployed,
1626,31,Female,Northern,Rural,,Single,2,No,19,Yes,Employed,Agriculture
1627,17,Female,Upper East,Rural,JHS,Married,8,No,1,Yes,Employed,Informal Trade
1628,21,Male,Western,Urban,SHS,Divorced/Separated,6,No,1,No,Not in Labor Force,
1630,30,Female,Central,Rural,,Married,6,No,15,Yes,Employed,Agriculture
1632,28,Female,Greater Accra,Urban,Tertiary,Single,2,No,5,Yes,Unemployed,
1633,19,Male,Western North,Rural,SHS,Single,4,No,0,Yes,Unemployed,
1634,29,Female,Greater Accra,Urban,SHS,Married,8,No,8,Yes,Employed,Industry
1636,33,Female,Western,Urban,Tertiary,Married,8,No,9,Yes,Employed,Services
1643,26,Male,Volta,Urban,SHS,Married,5,No,4,No,Not in Labor Force,
1644,28,Male,Bono,Rural,,Single,4,No,16,No,Not in Labor Force,
1649,29,Male,Greater Accra,Urban,Tertiary,Married,5,No,4,Yes,Employed,Industry
1650,24,Male,Upper West,Rural,,Married,9,No,17,Yes,Employed,Agriculture
1651,34,Male,Ashanti,Urban,SHS,Married,5,No,14,Yes,Employed,Informal Trade
1652,26,Male,Volta,Rural,,Single,8,No,12,Yes,Employed,Informal Trade
1653,26,Female,Eastern,Urban,SHS,Single,3,No,7,No,Not in Labor Force,
1654,29,Female,Eastern,Urban,JHS,Single,2,No,8,Yes,Employed,Services
1655,23,Female,Savannah,Rural,Primary,Married,5,No,7,No,Not in Labor Force,
1656,28,Male,Eastern,Rural,SHS,Single,5,No,7,Yes,Employed,Agriculture
1657,34,Female,Ashanti,Urban,Primary,Divorced/Separated,7,No,19,Yes,Employed,Public Sector
1658,26,Male,Western,Urban,Tertiary,Single,7,No,2,No,Not in Labor Force,
1662,34,Female,Volta,Rural,SHS,Married,4,No,12,Yes,Employed,Agriculture
1663,21,Male,Western North,Rural,JHS,Divorced/Separated,4,No,3,Yes,Employed,Public Sector
1664,35,Male,Ashanti,Rural,JHS,Married,5,No,12,Yes,Employed,Informal Trade
1666,23,Female,Bono East,Rural,JHS,Single,1,No,5,No,Not in Labor Force,
1667,21,Female,Volta,Urban,Tertiary,Single,6,No,0,Yes,Unemployed,
1668,29,Male,Northern,Rural,,Divorced/Separated,7,No,23,Yes,Employed,Agriculture
1669,24,Female,Upper West,Rural,,Single,6,No,17,Yes,Employed,Agriculture
1671,30,Male,Savannah,Rural,SHS,Married,3,No,7,Yes,Employed,Agriculture
1673,17,Female,Greater Accra,Urban,JHS,Single,5,No,1,No,Not in Labor Force,
1675,31,Male,Ashanti,Urban,JHS,Divorced/Separated,2,No,10,Yes,Employed,Services
1676,32,Male,Greater Accra,Urban,JHS,Single,6,No,10,Yes,Employed,Agriculture
1678,21,Female,Ashanti,Rural,Primary,Single,5,No,6,No,Not in Labor Force,
1680,32,Female,Greater Accra,Urban,SHS,Single,6,No,12,Yes,Employed,Public Sector
1682,25,Female,Volta,Rural,Primary,Single,4,No,12,Yes,Unemployed,
1683,25,Male,Greater Accra,Urban,SHS,Married,6,No,6,No,Not in Labor Force,
1684,19,Male,Upper West,Rural,JHS,Widowed,8,No,3,Yes,Employed,Agriculture
1685,29,Female,Bono,Urban,JHS,Single,3,No,9,No,Not in Labor Force,
1686,18,Female,Northern,Rural,JHS,Married,3,No,1,Yes,Employed,Services
1688,24,Female,Eastern,Urban,JHS,Married,6,No,8,Yes,Employed,Public Sector
1690,34,Female,Oti,Rural,JHS,Married,7,No,17,Yes,Employed,Services
1692,20,Female,Ashanti,Rural,Tertiary,Married,5,No,0,Yes,Employed,Agriculture
1693,31,Male,Greater Accra,Urban,Tertiary,Single,4,No,7,Yes,Employed,Public Sector
1694,26,Female,North East,Urban,SHS,Married,9,No,7,No,Not in Labor Force,
1695,31,Male,Greater Accra,Rural,,Single,3,No,16,Yes,Employed,Agriculture
1696,29,Female,Greater Accra,Urban,SHS,Married,10,No,6,Yes,Unemployed,
1697,32,Male,Greater Accra,Urban,SHS,Single,6,No,9,Yes,Employed,Informal Trade
1698,26,Male,Bono East,Urban,SHS,Married,6,No,5,No,Not in Labor Force,
1699,34,Female,Western,Rural,SHS,Divorced/Separated,6,No,14,Yes,Employed,Informal Trade
1701,35,Female,Oti,Rural,Tertiary,Single,5,No,11,Yes,Employed,Agriculture
1703,22,Male,Greater Accra,Urban,,Single,4,No,15,Yes,Unemployed,
1708,24,Male,Northern,Urban,SHS,Married,7,No,5,Yes,Unemployed,
1709,31,Male,Oti,Rural,JHS,Married,6,No,9,Yes,Employed,Agriculture
1713,23,Male,Western North,Rural,Primary,Single,5,No,11,Yes,Unemployed,
1714,25,Male,Greater Accra,Urban,Tertiary,Married,9,No,2,Yes,Employed,Industry
1715,19,Male,Eastern,Urban,Tertiary,Married,6,No,0,Yes,Unemployed,
1716,32,Female,Greater Accra,Urban,Primary,Single,6,No,13,Yes,Employed,Industry
1717,19,Male,Ashanti,Rural,,Single,4,No,9,Yes,Employed,Agriculture
1718,26,Male,Eastern,Rural,JHS,Single,8,No,9,Yes,Employed,Agriculture
1720,25,Female,Savannah,Rural,SHS,Single,4,No,4,No,Not in Labor Force,
1721,19,Female,Western North,Rural,,Married,3,No,8,Yes,Employed,Industry
1722,27,Female,Eastern,Rural,SHS,Married,3,No,7,Yes,Employed,Services
1724,25,Female,Eastern,Rural,Primary,Married,8,No,11,Yes,Employed,Agriculture
1725,30,Female,Ashanti,Urban,SHS,Divorced/Separated,5,No,8,Yes,Employed,Public Sector
1726,25,Female,Central,Rural,SHS,Divorced/Separated,5,No,4,Yes,Employed,Agriculture
1731,24,Female,Ashanti,Rural,Tertiary,Single,2,No,1,Yes,Employed,Industry
1732,25,Female,Ashanti,Urban,SHS,Single,7,No,5,Yes,Employed,Industry
1734,33,Male,Greater Accra,Rural,SHS,Married,7,No,9,No,Not in Labor Force,
1738,28,Male,Central,Rural,JHS,Single,3,No,10,Yes,Employed,Agriculture
1739,29,Male,Eastern,Urban,Tertiary,Single,11,No,6,Yes,Employed,Industry
1741,19,Female,Savannah,Rural,JHS,Single,8,No,3,Yes,Unemployed,
1742,32,Female,Bono East,Rural,,Married,4,No,23,Yes,Employed,Informal Trade
1743,32,Male,Ashanti,Urban,SHS,Single,4,No,12,Yes,Employed,Services
1745,31,Female,Greater Accra,Urban,SHS,Divorced/Separated,4,No,12,Yes,Employed,Agriculture
1749,23,Male,Eastern,Rural,JHS,Single,5,No,6,Yes,Employed,Agriculture
1750,29,Male,Volta,Rural,JHS,Single,5,No,8,No,Not in Labor Force,
1751,34,Male,Western,Rural,Primary,Married,6,No,18,Yes,Employed,Agriculture
1753,17,Male,Bono,Urban,Tertiary,Single,7,No,0,No,Not in Labor Force,
1754,35,Female,Northern,Rural,SHS,Divorced/Separated,2,No,11,Yes,Employed,Agriculture
1755,32,Female,Ashanti,Rural,SHS,Married,3,No,12,No,Not in Labor Force,
1756,32,Male,Ashanti,Urban,SHS,Single,8,No,10,Yes,Employed,Industry
1757,25,Male,Greater Accra,Urban,Tertiary,Married,3,No,1,No,Not in Labor Force,
1758,35,Female,Ashanti,Urban,SHS,Single,7,No,13,Yes,Unemployed,
1759,28,Male,Oti,Rural,Primary,Married,5,No,13,Yes,Employed,Agriculture
1760,28,Male,Western,Rural,Primary,Single,5,No,13,Yes,Employed,Agriculture
1761,25,Male,Western,Rural,JHS,Single,3,No,8,Yes,Employed,Agriculture
1762,33,Male,Central,Urban,SHS,Single,6,No,14,No,Not in Labor Force,
1763,33,Male,Volta,Urban,Tertiary,Widowed,10,No,8,Yes,Employed,Informal Trade
1764,22,Female,Western North,Rural,SHS,Single,4,No,2,Yes,Employed,Agriculture
1765,22,Female,Greater Accra,Urban,JHS,Married,5,Yes,5,Yes,Employed,Agriculture
1766,23,Female,Bono,Urban,Tertiary,Single,5,No,0,Yes,Employed,Services
1767,32,Female,Western,Urban,Primary,Married,6,No,20,Yes,Employed,Informal Trade
1771,28,Female,Greater Accra,Urban,Tertiary,Divorced/Separated,3,No,4,Yes,Unemployed,
1772,24,Female,Greater Accra,Urban,SHS,Married,5,No,4,Yes,Unemployed,
1777,27,Female,Eastern,Rural,Primary,Married,3,No,10,Yes,Employed,Agriculture
1778,29,Male,Ahafo,Rural,,Married,4,No,23,Yes,Employed,Industry
1780,23,Male,Ashanti,Urban,Tertiary,Married,6,No,0,No,Not in Labor Force,
1783,35,Male,Greater Accra,Urban,SHS,Married,6,No,15,Yes,Employed,Public Sector
1785,31,Female,Ashanti,Urban,SHS,Single,5,No,9,No,Not in Labor Force,
1788,25,Male,Ashanti,Urban,JHS,Married,6,No,7,Yes,Employed,Services
1789,35,Male,Greater Accra,Urban,Tertiary,Single,8,No,11,Yes,Employed,Public Sector
1790,33,Female,Bono,Rural,SHS,Married,4,No,13,Yes,Employed,Services
1791,23,Female,Greater Accra,Urban,,Widowed,4,No,13,Yes,Employed,Informal Trade
1793,16,Female,Western,Urban,SHS,Single,6,No,0,Yes,Employed,Public Sector
1794,26,Male,Greater Accra,Urban,SHS,Single,3,No,5,Yes,Employed,Agriculture
1796,33,Female,Greater Accra,Rural,JHS,Single,4,No,14,No,Not in Labor Force,
1797,20,Female,Western,Rural,JHS,Married,7,No,3,No,Not in Labor Force,
1798,23,Male,Oti,Urban,,Married,6,No,17,Yes,Employed,Public Sector
1800,31,Female,Northern,Rural,JHS,Single,4,No,11,Yes,Employed,Industry
1803,34,Male,Eastern,Urban,SHS,Single,6,No,13,Yes,Employed,Industry
1804,28,Male,Savannah,Urban,SHS,Single,4,No,8,Yes,Employed,Services
1805,31,Male,Volta,Rural,JHS,Single,3,No,12,Yes,Employed,Agriculture
1806,33,Male,Volta,Rural,,Single,6,No,24,Yes,Unemployed,
1808,34,Male,Upper East,Rural,,Single,4,No,25,Yes,Employed,Agriculture
1810,29,Female,Upper East,Urban,Primary,Single,6,No,12,Yes,Employed,Informal Trade
1812,35,Female,Greater Accra,Urban,SHS,Married,5,No,16,Yes,Employed,Industry
1813,23,Male,Western,Rural,JHS,Married,3,No,6,Yes,Unemployed,
1814,23,Male,Ahafo,Rural,Tertiary,Married,5,No,0,Yes,Unemployed,
1816,26,Female,Upper East,Urban,,Divorced/Separated,3,No,19,Yes,Employed,Industry
1818,23,Female,Central,Urban,,Married,5,No,13,No,Not in Labor Force,
1819,20,Male,Ahafo,Urban,SHS,Married,4,No,1,No,Not in Labor Force,
1820,22,Male,Volta,Urban,Tertiary,Married,4,No,0,No,Not in Labor Force,
1822,21,Male,Northern,Urban,SHS,Married,2,No,2,Yes,Unemployed,
1827,28,Male,Northern,Rural,SHS,Married,9,Yes,9,No,Not in Labor Force,
1831,18,Male,Ashanti,Rural,SHS,Married,7,No,0,Yes,Employed,Industry
1832,22,Male,Oti,Rural,SHS,Single,6,No,2,Yes,Employed,Agriculture
1833,27,Male,Central,Rural,JHS,Married,5,No,7,No,Not in Labor Force,
1834,31,Male,Upper West,Rural,SHS,Married,4,No,11,Yes,Employed,Agriculture
1837,32,Male,Ashanti,Urban,Primary,Married,3,No,17,No,Not in Labor Force,
1840,34,Male,Greater Accra,Urban,JHS,Married,4,No,11,Yes,Employed,Informal Trade
1842,26,Female,Greater Accra,Urban,Tertiary,Single,1,No,2,Yes,Employed,Informal Trade
1844,19,Male,North East,Urban,JHS,Married,3,No,3,Yes,Employed,Public Sector
1845,26,Male,Western North,Urban,JHS,Single,10,No,9,Yes,Employed,Agriculture
1852,32,Female,Greater Accra,Rural,Tertiary,Married,9,No,7,Yes,Employed,Agriculture
1853,27,Male,Western North,Rural,JHS,Single,5,No,8,No,Not in Labor Force,
1854,25,Male,Ashanti,Rural,JHS,Single,5,No,7,Yes,Employed,Agriculture
1856,19,Female,Ashanti,Urban,Tertiary,Married,1,No,0,No,Not in Labor Force,
1859,25,Male,Northern,Urban,SHS,Married,6,No,5,Yes,Unemployed,
1860,29,Female,Upper West,Rural,JHS,Married,7,No,13,Yes,Employed,Agriculture
1862,22,Male,Central,Urban,SHS,Married,2,No,3,Yes,Employed,Industry
1863,34,Male,Eastern,Rural,SHS,Divorced/Separated,4,No,12,Yes,Employed,Agriculture
1865,31,Female,Western,Urban,,Single,7,No,22,Yes,Employed,Informal Trade
1868,23,Female,Northern,Urban,Tertiary,Married,6,No,0,Yes,Employed,Services
1870,30,Female,Ashanti,Urban,SHS,Married,4,No,10,Yes,Unemployed,
1871,35,Female,Central,Rural,Primary,Married,4,No,23,Yes,Employed,Public Sector
1872,23,Male,Volta,Urban,JHS,Married,3,No,6,No,Not in Labor Force,
1874,28,Male,Greater Accra,Urban,Primary,Single,7,No,15,Yes,Employed,Services
1875,35,Female,Ahafo,Urban,JHS,Married,4,No,13,Yes,Employed,Public Sector
1876,31,Female,Greater Accra,Urban,SHS,Married,7,No,7,Yes,Employed,Informal Trade
1881,32,Male,Oti,Rural,JHS,Single,2,No,11,No,Not in Labor Force,
1882,32,Female,Volta,Rural,Primary,Married,7,No,16,Yes,Employed,Industry
1883,18,Male,Oti,Urban,JHS,Married,4,No,2,No,Not in Labor Force,
1884,30,Female,Greater Accra,Urban,Primary,Married,2,No,13,Yes,Unemployed,
1888,19,Male,Western,Rural,JHS,Married,7,No,2,Yes,Unemployed,
1889,22,Female,Oti,Rural,,Single,3,No,14,No,Not in Labor Force,
1890,30,Female,Ashanti,Rural,JHS,Single,5,No,8,Yes,Employed,Agriculture
1892,20,Male,Volta,Rural,JHS,Single,5,No,4,No,Not in Labor Force,
1894,32,Female,Ashanti,Urban,Primary,Single,5,No,15,No,Not in Labor Force,
1897,22,Male,Central,Urban,SHS,Single,9,No,3,No,Not in Labor Force,
1898,26,Female,Northern,Rural,JHS,Single,4,No,10,Yes,Employed,Industry
1900,32,Female,Ashanti,Rural,SHS,Divorced/Separated,5,No,8,Yes,Unemployed,
1902,30,Male,Western,Urban,SHS,Divorced/Separated,4,No,10,Yes,Unemployed,
1904,33,Male,Greater Accra,Urban,JHS,Married,5,No,12,Yes,Employed,Services
1906,24,Female,Eastern,Urban,SHS,Single,3,No,3,Yes,Unemployed,
1907,27,Female,Savannah,Rural,SHS,Married,6,No,8,Yes,Employed,Agriculture
1909,31,Male,Eastern,Rural,JHS,Divorced/Separated,6,No,11,No,Not in Labor Force,
1910,35,Male,Volta,Urban,JHS,Married,4,No,15,Yes,Employed,Informal Trade
1913,32,Female,Northern,Rural,Primary,Single,7,No,13,Yes,Employed,Industry
1917,30,Female,Greater Accra,Urban,,Single,5,No,15,Yes,Employed,Informal Trade
1918,28,Female,Greater Accra,Urban,SHS,Married,9,No,6,Yes,Employed,Public Sector
1919,21,Male,Greater Accra,Urban,JHS,Married,3,No,4,Yes,Employed,Public Sector
1920,26,Male,Ahafo,Rural,Primary,Single,10,No,11,Yes,Employed,Agriculture
1921,34,Female,Ashanti,Rural,Primary,Single,4,No,18,Yes,Employed,Agriculture
1924,16,Male,Western North,Rural,SHS,Divorced/Separated,4,No,0,Yes,Employed,Informal Trade
1925,18,Male,Central,Urban,SHS,Married,3,No,0,Yes,Employed,Services
1926,19,Female,Bono East,Urban,SHS,Married,2,No,0,Yes,Employed,Informal Trade
1929,33,Male,Eastern,Rural,Primary,Married,4,No,14,Yes,Employed,Agriculture
1930,29,Male,Ashanti,Rural,SHS,Divorced/Separated,3,No,9,Yes,Unemployed,
1932,26,Male,Ashanti,Urban,JHS,Married,4,No,6,No,Not in Labor Force,
1933,20,Female,Ashanti,Urban,JHS,Single,2,No,4,Yes,Employed,Informal Trade
1935,34,Male,Volta,Rural,Primary,Married,5,No,14,Yes,Employed,Agriculture
1936,25,Male,Oti,Urban,Tertiary,Married,6,No,2,No,Not in Labor Force,
1937,29,Male,Central,Rural,JHS,Married,4,No,8,Yes,Employed,Agriculture
1940,26,Female,Western,Urban,,Married,6,No,20,Yes,Employed,Services
1941,26,Male,Western,Urban,SHS,Single,5,No,4,Yes,Employed,Public Sector
1945,26,Female,Northern,Rural,SHS,Single,4,No,5,Yes,Employed,Informal Trade
1946,19,Male,Ashanti,Urban,Tertiary,Married,7,No,0,Yes,Employed,Public Sector
1947,29,Female,Greater Accra,Urban,SHS,Single,5,No,7,Yes,Unemployed,
1948,33,Male,Ashanti,Urban,Tertiary,Widowed,6,No,6,Yes,Employed,Services
1950,33,Female,Ashanti,Rural,,Married,9,No,22,Yes,Employed,Informal Trade
1951,17,Female,Ashanti,Rural,SHS,Divorced/Separated,5,No,0,Yes,Employed,Public Sector
1953,33,Female,Upper West,Rural,Primary,Married,5,No,18,No,Not in Labor Force,
1954,23,Male,Greater Accra,Rural,JHS,Single,7,No,6,Yes,Employed,Informal Trade
1959,25,Female,Eastern,Urban,Primary,Single,3,No,8,Yes,Employed,Industry
1961,17,Female,Ashanti,Rural,Primary,Married,7,No,4,No,Not in Labor Force,
1962,31,Female,Western,Rural,Primary,Single,3,No,15,Yes,Employed,Public Sector
1963,34,Female,Western,Urban,Primary,Married,3,No,13,Yes,Employed,Services
1967,26,Female,Western North,Urban,JHS,Single,8,No,7,Yes,Employed,Informal Trade
1968,28,Male,Bono East,Rural,,Married,7,No,16,No,Not in Labor Force,
1969,32,Male,Ashanti,Rural,Primary,Single,7,No,18,Yes,Employed,Agriculture
1970,33,Male,Ashanti,Urban,JHS,Single,9,No,12,No,Not in Labor Force,
1973,26,Female,Bono East,Urban,JHS,Married,4,No,6,Yes,Employed,Public Sector
1975,17,Female,Greater Accra,Urban,Tertiary,Single,5,No,0,Yes,Unemployed,
1976,32,Male,Eastern,Rural,SHS,Single,7,No,11,No,Not in Labor Force,
1977,24,Female,Northern,Rural,SHS,Married,5,No,5,No,Not in Labor Force,
1978,34,Female,Oti,Rural,SHS,Single,4,No,10,Yes,Employed,Informal Trade
1979,35,Female,Volta,Rural,,Married,5,No,21,Yes,Employed,Agriculture
1982,16,Male,Greater Accra,Urban,SHS,Married,1,No,0,Yes,Employed,Informal Trade
1983,20,Female,Greater Accra,Urban,JHS,Married,4,No,4,Yes,Unemployed,
1984,30,Male,Ashanti,Urban,SHS,Single,6,No,8,Yes,Unemployed,
1986,28,Female,Ashanti,Rural,,Married,4,No,14,Yes,Employed,Agriculture
1987,32,Female,Upper East,Urban,Tertiary,Married,4,No,8,Yes,Employed,Services
1988,29,Female,Greater Accra,Urban,SHS,Married,3,No,6,No,Not in Labor Force,
1989,32,Female,Central,Rural,JHS,Single,5,No,13,No,Not in Labor Force,
1990,32,Male,Ashanti,Urban,JHS,Single,5,No,12,No,Not in Labor Force,
1991,15,Female,Eastern,Urban,Primary,Married,6,No,3,Yes,Unemployed,
1993,25,Male,Greater Accra,Urban,Tertiary,Single,5,No,1,Yes,Unemployed,
1994,27,Male,Bono East,Urban,SHS,Married,1,No,6,Yes,Employed,Informal Trade
1996,22,Male,Savannah,Urban,JHS,Widowed,5,No,5,No,Not in Labor Force,
1997,21,Male,Savannah,Rural,JHS,Single,4,No,4,Yes,Unemployed,
1999,26,Female,Bono East,Urban,Primary,Married,3,No,9,Yes,Employed,Agriculture
2000,33,Male,Northern,Rural,JHS,Married,5,No,12,Yes,Employed,Industry
2001,30,Female,Western,Rural,,Married,5,No,17,Yes,Employed,Agriculture
2003,21,Female,Western,Urban,Tertiary,Married,2,No,0,Yes,Employed,Informal Trade
2006,27,Male,Bono,Urban,SHS,Married,5,Yes,7,Yes,Unemployed,
2007,15,Male,Ahafo,Rural,JHS,Single,2,No,0,No,Not in Labor Force,
2008,22,Male,Greater Accra,Urban,SHS,Married,4,No,2,Yes,Employed,Public Sector
2009,17,Male,Eastern,Urban,,Married,2,No,11,Yes,Employed,Informal Trade
2013,34,Male,Greater Accra,Rural,SHS,Single,5,No,12,Yes,Employed,Agriculture
2014,21,Female,Upper East,Urban,SHS,Single,5,No,2,No,Not in Labor Force,
2016,34,Female,Western,Rural,JHS,Married,6,No,12,No,Not in Labor Force,
2018,32,Female,Upper East,Urban,Primary,Single,5,No,19,Yes,Unemployed,
2020,26,Male,Ashanti,Urban,Primary,Married,8,Yes,12,No,Not in Labor Force,
2022,28,Male,Volta,Urban,Tertiary,Single,4,No,4,Yes,Employed,Informal Trade
2023,30,Female,Volta,Rural,Tertiary,Divorced/Separated,6,No,4,Yes,Employed,Agriculture
2024,29,Female,Central,Rural,Primary,Married,5,No,16,No,Not in Labor Force,
2025,34,Female,Northern,Rural,SHS,Single,4,No,11,Yes,Employed,Agriculture
2028,28,Male,Eastern,Rural,JHS,Single,4,No,10,No,Not in Labor Force,
2029,33,Male,Ashanti,Rural,SHS,Single,8,No,11,Yes,Employed,Agriculture
2030,30,Female,Oti,Rural,,Married,5,No,20,No,Not in Labor Force,
2031,22,Male,Oti,Urban,SHS,Married,3,No,3,No,Not in Labor Force,
2032,26,Male,Ashanti,Urban,SHS,Married,4,No,4,Yes,Unemployed,
2035,23,Male,Western,Rural,,Single,3,No,13,Yes,Employed,Services
2036,31,Female,Oti,Rural,Primary,Married,4,No,12,Yes,Employed,Informal Trade
2038,24,Male,Ashanti,Rural,JHS,Married,4,No,8,Yes,Employed,Agriculture
2039,26,Male,Eastern,Rural,Primary,Single,6,No,14,No,Not in Labor Force,
2043,33,Female,Upper West,Rural,,Married,7,No,26,Yes,Employed,Informal Trade
2044,35,Female,Central,Urban,SHS,Single,6,No,12,Yes,Employed,Services
2045,31,Female,Greater Accra,Urban,Tertiary,Single,5,No,7,Yes,Unemployed,
2046,34,Male,Northern,Rural,JHS,Married,5,No,15,Yes,Employed,Informal Trade
2047,18,Female,Eastern,Rural,JHS,Single,9,No,2,No,Not in Labor Force,
2049,31,Male,Bono East,Rural,JHS,Widowed,5,No,12,Yes,Employed,Agriculture
2051,27,Female,Western,Rural,Primary,Married,4,No,15,Yes,Employed,Industry
2052,28,Male,Oti,Rural,,Single,7,No,21,Yes,Employed,Services
2056,32,Female,Northern,Rural,JHS,Single,3,No,12,Yes,Employed,Industry
2058,29,Female,Western,Urban,JHS,Single,3,No,11,Yes,Unemployed,
2061,33,Female,Western North,Urban,SHS,Single,2,No,10,Yes,Employed,Informal Trade
2062,32,Male,Greater Accra,Urban,JHS,Single,6,No,14,Yes,Employed,Services
2063,28,Female,Northern,Urban,SHS,Single,7,No,7,Yes,Employed,Informal Trade
2064,23,Female,Ashanti,Urban,Tertiary,Divorced/Separated,4,No,0,Yes,Employed,Informal Trade
2066,28,Male,Ashanti,Rural,,Married,7,No,14,Yes,Employed,Agriculture
2068,26,Male,Eastern,Rural,SHS,Married,6,No,4,No,Not in Labor Force,
2069,20,Male,Bono East,Rural,Tertiary,Married,5,No,0,No,Not in Labor Force,
2071,30,Male,Ashanti,Rural,Primary,Divorced/Separated,4,No,18,Yes,Employed,Agriculture
2072,32,Female,Volta,Rural,JHS,Divorced/Separated,3,No,15,Yes,Employed,Informal Trade
2075,18,Female,Ashanti,Urban,JHS,Married,5,No,2,No,Not in Labor Force,
2076,21,Female,Ahafo,Urban,SHS,Married,4,No,2,No,Not in Labor Force,
2077,25,Female,Greater Accra,Urban,SHS,Single,5,No,6,Yes,Employed,Public Sector
2078,18,Male,Greater Accra,Urban,SHS,Single,8,No,0,Yes,Employed,Services
2079,31,Male,Eastern,Rural,SHS,Single,5,No,10,Yes,Employed,Agriculture
2081,31,Male,Central,Rural,JHS,Single,6,No,12,Yes,Employed,Informal Trade
2082,23,Female,Ashanti,Urban,Tertiary,Married,5,No,0,Yes,Unemployed,
2083,29,Male,Ashanti,Urban,JHS,Single,3,No,8,No,Not in Labor Force,
2086,30,Female,Greater Accra,Urban,Tertiary,Single,7,No,5,Yes,Employed,Agriculture
2089,31,Male,Northern,Rural,SHS,Single,4,No,12,Yes,Employed,Agriculture
2091,29,Female,Eastern,Urban,Tertiary,Single,8,No,6,No,Not in Labor Force,
2092,20,Female,Western,Rural,Primary,Widowed,2,No,6,Yes,Unemployed,
2093,34,Female,Greater Accra,Urban,Tertiary,Married,5,No,10,Yes,Employed,Informal Trade
2094,25,Female,Western,Rural,Primary,Married,4,No,12,No,Not in Labor Force,
2095,23,Male,Northern,Rural,Primary,Married,4,No,8,Yes,Employed,Agriculture
2097,32,Male,Greater Accra,Urban,,Single,7,No,24,Yes,Employed,Services
2099,22,Female,Oti,Rural,JHS,Married,9,No,4,Yes,Employed,Services
2100,23,Male,Central,Urban,SHS,Married,5,No,3,Yes,Employed,Industry
2102,21,Male,Northern,Urban,SHS,Married,4,No,2,No,Not in Labor Force,
2104,22,Male,Upper East,Rural,Primary,Divorced/Separated,4,No,10,Yes,Employed,Agriculture
2106,29,Female,Upper East,Rural,SHS,Single,6,No,8,Yes,Unemployed,
2107,28,Male,Greater Accra,Urban,JHS,Single,8,No,9,No,Not in Labor Force,
2108,29,Female,Upper East,Urban,,Single,4,No,19,Yes,Employed,Services
2109,30,Female,Western,Rural,Primary,Married,5,No,14,Yes,Employed,Industry
2110,20,Male,Northern,Rural,JHS,Married,5,No,4,No,Not in Labor Force,
2111,26,Male,Greater Accra,Rural,,Single,6,No,19,Yes,Employed,Agriculture
2112,19,Male,Greater Accra,Urban,JHS,Married,9,No,3,Yes,Employed,Industry
2113,22,Male,Greater Accra,Urban,JHS,Married,3,No,4,No,Not in Labor Force,
2114,32,Male,Ashanti,Urban,JHS,Single,4,No,13,No,Not in Labor Force,
2115,30,Male,Greater Accra,Urban,Tertiary,Single,7,No,7,No,Not in Labor Force,
2117,21,Female,Bono East,Urban,Tertiary,Single,6,Yes,0,Yes,Unemployed,
2119,33,Female,Eastern,Urban,SHS,Married,4,No,13,Yes,Employed,Industry
2121,32,Female,Ashanti,Rural,,Single,2,No,18,Yes,Employed,Agriculture
2124,29,Male,Greater Accra,Rural,,Married,7,No,19,No,Not in Labor Force,
2125,23,Female,Northern,Rural,JHS,Married,6,No,5,Yes,Employed,Informal Trade
2126,18,Male,North East,Rural,SHS,Married,5,No,0,Yes,Employed,Industry
2127,35,Female,Ashanti,Urban,JHS,Single,7,No,15,Yes,Employed,Industry
2128,27,Male,Greater Accra,Urban,Primary,Single,5,No,11,Yes,Employed,Public Sector
2132,22,Male,Greater Accra,Urban,Tertiary,Married,7,Yes,0,No,Not in Labor Force,
2133,26,Male,Greater Accra,Urban,Tertiary,Married,3,No,3,Yes,Employed,Informal Trade
2134,33,Female,Northern,Rural,SHS,Widowed,3,No,14,Yes,Employed,Agriculture
2136,33,Female,Eastern,Rural,SHS,Single,3,No,14,Yes,Employed,Agriculture
2138,23,Male,Ashanti,Rural,Primary,Married,5,No,9,No,Not in Labor Force,
2139,26,Female,Greater Accra,Urban,SHS,Single,4,No,5,No,Not in Labor Force,
2141,29,Male,Ashanti,Urban,SHS,Married,3,No,9,Yes,Employed,Public Sector
2144,27,Male,Ashanti,Urban,Tertiary,Widowed,5,No,3,Yes,Unemployed,
2145,28,Male,Ahafo,Rural,,Married,7,No,17,Yes,Employed,Agriculture
2146,23,Male,Eastern,Rural,Primary,Married,5,No,10,Yes,Employed,Public Sector
2147,32,Female,Greater Accra,Urban,Tertiary,Married,9,No,8,Yes,Employed,Public Sector
2148,27,Male,Eastern,Rural,SHS,Single,6,No,7,Yes,Employed,Informal Trade
2152,31,Female,Volta,Rural,JHS,Single,7,No,11,Yes,Employed,Agriculture
2153,21,Male,Northern,Urban,Primary,Married,4,No,6,Yes,Employed,Industry
2156,29,Female,Western North,Rural,Tertiary,Single,2,No,5,Yes,Employed,Agriculture
2158,24,Male,Eastern,Rural,JHS,Widowed,4,No,8,Yes,Unemployed,
2161,33,Female,Central,Rural,JHS,Single,6,No,14,No,Not in Labor Force,
2162,31,Male,Greater Accra,Rural,,Married,6,No,17,No,Not in Labor Force,
2163,29,Female,Ashanti,Rural,Primary,Married,7,No,16,Yes,Employed,Informal Trade
2165,26,Female,Western North,Rural,,Married,5,No,14,Yes,Employed,Agriculture
2166,30,Male,Ashanti,Urban,Tertiary,Married,2,No,4,No,Not in Labor Force,
2167,33,Female,Bono,Urban,JHS,Single,4,No,15,Yes,Unemployed,
2168,19,Male,Eastern,Urban,SHS,Married,5,No,0,Yes,Employed,Industry
2169,32,Female,Upper East,Rural,JHS,Widowed,4,No,12,Yes,Employed,Informal Trade
2171,19,Female,Volta,Rural,SHS,Married,2,No,0,Yes,Unemployed,
2172,26,Female,Western,Urban,Tertiary,Married,5,No,2,Yes,Employed,Public Sector
2173,27,Male,Eastern,Urban,JHS,Married,4,No,11,Yes,Employed,Informal Trade
2174,23,Female,Northern,Urban,JHS,Married,5,No,5,No,Not in Labor Force,
2175,24,Female,Bono East,Rural,Primary,Single,5,No,8,Yes,Employed,Agriculture
2176,27,Male,Eastern,Rural,SHS,Married,10,Yes,7,Yes,Unemployed,
2178,24,Male,Western,Urban,Tertiary,Widowed,2,No,1,No,Not in Labor Force,
2179,24,Female,Upper East,Rural,SHS,Single,7,No,4,Yes,Employed,Agriculture
2180,26,Male,Volta,Rural,SHS,Single,3,No,6,No,Not in Labor Force,
2185,28,Female,Eastern,Rural,,Married,6,No,21,No,Not in Labor Force,
2186,31,Female,Upper West,Urban,Tertiary,Married,6,No,5,Yes,Unemployed,
2187,18,Female,Ahafo,Rural,JHS,Married,5,Yes,2,No,Not in Labor Force,
2188,35,Female,Greater Accra,Urban,Tertiary,Single,4,No,11,Yes,Employed,Informal Trade
2189,32,Female,Ashanti,Rural,Primary,Divorced/Separated,4,No,18,Yes,Employed,Agriculture
2191,22,Female,Ashanti,Urban,SHS,Married,5,No,2,Yes,Employed,Services
2194,27,Female,Western,Rural,,Divorced/Separated,5,No,15,No,Not in Labor Force,
2195,20,Female,Northern,Rural,JHS,Single,4,No,4,Yes,Employed,Agriculture
2196,29,Female,Upper East,Rural,,Married,4,No,21,Yes,Employed,Agriculture
2201,22,Female,Greater Accra,Urban,SHS,Single,6,No,2,Yes,Employed,Informal Trade
2202,21,Female,Greater Accra,Urban,SHS,Single,6,No,2,Yes,Employed,Industry
2203,24,Female,Northern,Urban,SHS,Married,5,No,4,Yes,Unemployed,
2207,33,Male,Northern,Rural,JHS,Married,9,No,13,No,Not in Labor Force,
2208,19,Female,Volta,Urban,,Single,5,No,9,Yes,Employed,Informal Trade
2209,26,Male,Eastern,Urban,,Married,7,No,13,No,Not in Labor Force,
2211,25,Female,Savannah,Rural,JHS,Single,3,No,6,Yes,Employed,Agriculture
2212,27,Female,Greater Accra,Urban,Tertiary,Married,4,No,3,Yes,Employed,Informal Trade
2217,35,Male,Ashanti,Urban,JHS,Married,3,No,15,Yes,Employed,Services
2219,25,Female,Volta,Urban,SHS,Single,5,No,5,No,Not in Labor Force,
2220,33,Female,Oti,Rural,Primary,Married,3,No,17,Yes,Employed,Informal Trade
2221,24,Female,Bono,Rural,JHS,Married,6,No,6,Yes,Employed,Agriculture
2222,18,Female,Upper East,Urban,SHS,Married,11,No,0,Yes,Employed,Informal Trade
2223,31,Male,Greater Accra,Urban,Primary,Single,3,No,14,Yes,Employed,Services
2225,33,Female,Upper West,Rural,Primary,Single,3,No,18,No,Not in Labor Force,
2226,28,Female,Bono,Rural,SHS,Married,2,No,7,Yes,Unemployed,
2227,26,Male,Upper East,Rural,JHS,Single,5,No,9,No,Not in Labor Force,
2229,28,Male,Volta,Urban,SHS,Single,6,No,6,No,Not in Labor Force,
2231,31,Female,Central,Rural,SHS,Single,7,No,9,Yes,Employed,Agriculture
2232,20,Male,Ashanti,Urban,,Married,6,No,12,Yes,Employed,Informal Trade
2234,23,Female,Ashanti,Rural,Tertiary,Divorced/Separated,5,No,0,Yes,Unemployed,
2235,21,Male,Volta,Rural,SHS,Single,6,No,1,Yes,Employed,Industry
2237,33,Male,Bono East,Urban,JHS,Single,8,No,12,Yes,Employed,Services
2238,33,Female,Bono East,Urban,Tertiary,Divorced/Separated,3,No,8,No,Not in Labor Force,
2240,29,Female,Upper East,Urban,Tertiary,Married,4,No,5,No,Not in Labor Force,
2242,26,Male,Upper East,Urban,Tertiary,Married,8,No,3,Yes,Employed,Services
2245,32,Male,Central,Rural,Primary,Single,8,No,15,Yes,Employed,Agriculture
2247,30,Female,Ashanti,Rural,Primary,Single,1,No,18,Yes,Employed,Informal Trade
2250,22,Male,Bono,Rural,Primary,Married,4,No,9,Yes,Employed,Informal Trade
2253,21,Female,Savannah,Rural,SHS,Married,6,No,2,Yes,Employed,Agriculture
2254,24,Male,Bono East,Rural,JHS,Married,5,No,6,Yes,Employed,Agriculture
2255,30,Male,Bono East,Rural,Primary,Single,5,No,13,No,Not in Labor Force,
2256,29,Male,Upper East,Rural,Primary,Married,2,No,17,Yes,Employed,Agriculture
2258,31,Female,Central,Urban,SHS,Married,6,No,11,Yes,Employed,Services
2259,31,Male,Greater Accra,Urban,,Married,7,No,20,No,Not in Labor Force,
2260,24,Female,Western,Rural,SHS,Married,5,No,3,Yes,Employed,Informal Trade
2261,23,Male,Greater Accra,Rural,Tertiary,Single,4,No,0,Yes,Employed,Agriculture
2262,23,Female,Central,Rural,SHS,Single,2,No,3,Yes,Employed,Industry
2263,27,Male,Northern,Rural,JHS,Married,2,No,11,Yes,Employed,Services
2264,26,Female,Bono,Urban,SHS,Single,3,No,4,Yes,Employed,Public Sector
2265,33,Female,Greater Accra,Urban,SHS,Married,5,No,13,Yes,Employed,Services
2266,34,Male,Ahafo,Rural,JHS,Married,5,No,12,Yes,Employed,Industry
2268,16,Female,Oti,Rural,SHS,Married,5,No,0,No,Not in Labor Force,
2269,17,Female,Central,Rural,Primary,Single,4,No,4,Yes,Unemployed,
2270,27,Male,Greater Accra,Urban,Primary,Single,7,No,10,Yes,Employed,Services
2271,26,Female,Upper West,Rural,JHS,Single,7,No,7,No,Not in Labor Force,
2273,35,Female,Volta,Urban,SHS,Married,5,No,12,Yes,Employed,Industry
2274,28,Male,Upper West,Rural,JHS,Married,3,No,8,No,Not in Labor Force,
2275,33,Female,Central,Rural,JHS,Single,8,No,17,No,Not in Labor Force,
2277,31,Female,Eastern,Rural,JHS,Married,4,No,13,Yes,Employed,Agriculture
2279,30,Female,Northern,Rural,JHS,Married,2,No,9,Yes,Unemployed,
2283,18,Female,Ashanti,Rural,Primary,Single,3,No,5,Yes,Employed,Agriculture
2285,24,Female,Savannah,Rural,SHS,Single,7,No,5,Yes,Employed,Informal Trade
2286,25,Male,Bono,Rural,Primary,Married,5,No,8,Yes,Unemployed,
2287,28,Male,Upper West,Urban,,Divorced/Separated,4,No,17,Yes,Employed,Services
2288,29,Male,Ashanti,Rural,Primary,Single,2,No,16,No,Not in Labor Force,
2290,21,Male,Western,Urban,Primary,Single,6,No,9,No,Not in Labor Force,
2292,33,Male,Central,Urban,SHS,Single,2,No,12,Yes,Unemployed,
2294,21,Female,Bono,Rural,JHS,Married,5,No,3,Yes,Employed,Informal Trade
2295,21,Male,Upper East,Urban,SHS,Divorced/Separated,4,No,1,Yes,Unemployed,
2296,33,Female,Central,Urban,,Single,7,No,27,No,Not in Labor Force,
2300,35,Male,Ashanti,Urban,Tertiary,Single,3,No,11,Yes,Unemployed,
2301,18,Female,Ahafo,Rural,JHS,Married,6,No,2,No,Not in Labor Force,
2302,25,Female,Upper East,Urban,SHS,Single,12,No,4,No,Not in Labor Force,
2303,26,Female,Oti,Urban,SHS,Single,6,No,5,No,Not in Labor Force,
2304,30,Female,Bono East,Rural,JHS,Married,5,No,13,Yes,Employed,Agriculture
2306,27,Female,Ashanti,Urban,SHS,Single,4,No,7,No,Not in Labor Force,
2307,29,Female,Eastern,Urban,JHS,Divorced/Separated,2,No,9,Yes,Employed,Informal Trade
2314,28,Male,Upper West,Rural,SHS,Single,4,No,8,Yes,Employed,Agriculture
2317,34,Male,Volta,Rural,JHS,Single,3,No,11,Yes,Employed,Agriculture
2318,34,Female,Greater Accra,Urban,SHS,Single,7,No,15,Yes,Unemployed,
2320,27,Female,Ashanti,Rural,Primary,Married,2,No,12,Yes,Employed,Agriculture
2321,29,Male,Upper East,Urban,JHS,Married,8,No,9,Yes,Employed,Services
2325,23,Female,Bono,Rural,Primary,Single,6,No,11,Yes,Employed,Services
2326,22,Female,Ashanti,Urban,SHS,Married,3,No,3,Yes,Unemployed,
2328,24,Male,Greater Accra,Urban,JHS,Single,4,No,5,Yes,Employed,Industry
2329,32,Male,Upper West,Rural,,Married,2,No,20,Yes,Employed,Agriculture
2331,35,Male,Central,Urban,Tertiary,Married,4,No,8,Yes,Employed,Industry
2332,26,Female,Ashanti,Rural,SHS,Married,4,No,6,Yes,Employed,Informal Trade
2333,35,Female,Volta,Rural,JHS,Single,6,No,13,Yes,Employed,Agriculture
2335,34,Female,Greater Accra,Urban,SHS,Single,4,No,12,No,Not in Labor Force,
2336,17,Male,Eastern,Rural,JHS,Single,6,No,1,No,Not in Labor Force,
2337,32,Female,Savannah,Rural,JHS,Single,6,No,14,Yes,Employed,Informal Trade
2338,35,Female,Bono,Urban,JHS,Single,5,No,12,No,Not in Labor Force,
2343,23,Female,Ashanti,Urban,JHS,Married,4,No,5,Yes,Employed,Services
2344,24,Female,Greater Accra,Rural,Tertiary,Single,3,No,1,Yes,Employed,Agriculture
2345,32,Female,Greater Accra,Urban,Primary,Married,4,No,19,No,Not in Labor Force,
2346,19,Male,Oti,Rural,Primary,Single,7,No,6,Yes,Employed,Agriculture
2348,25,Female,Ashanti,Rural,Primary,Single,9,No,12,Yes,Employed,Industry
2349,22,Female,Upper West,Rural,JHS,Widowed,7,No,5,Yes,Employed,Agriculture
2351,23,Female,Central,Urban,SHS,Married,7,No,4,No,Not in Labor Force,
2354,24,Female,Ashanti,Urban,SHS,Single,3,No,5,Yes,Employed,Services
2355,27,Female,Ashanti,Urban,JHS,Single,2,No,11,No,Not in Labor Force,
2356,23,Male,Eastern,Rural,,Widowed,7,No,11,No,Not in Labor Force,
2358,33,Female,Northern,Rural,JHS,Married,5,No,15,No,Not in Labor Force,
2359,26,Female,Ashanti,Urban,SHS,Married,3,No,6,Yes,Employed,Industry
2361,31,Male,Western,Urban,Tertiary,Single,7,No,5,Yes,Employed,Services
2362,23,Female,Central,Urban,JHS,Married,5,No,4,Yes,Employed,Industry
2363,29,Male,Greater Accra,Urban,JHS,Married,4,No,9,No,Not in Labor Force,
2364,30,Female,Greater Accra,Urban,JHS,Widowed,5,No,10,No,Not in Labor Force,
2365,19,Male,Ashanti,Rural,JHS,Married,3,No,3,Yes,Employed,Agriculture
2366,18,Male,Ashanti,Rural,JHS,Single,6,No,2,Yes,Employed,Services
2368,22,Male,Central,Rural,JHS,Single,5,No,6,No,Not in Labor Force,
2372,33,Female,Ashanti,Urban,Tertiary,Divorced/Separated,3,No,6,Yes,Employed,Services
2373,30,Male,Western North,Rural,,Single,5,No,17,Yes,Employed,Services
2374,28,Female,Western,Urban,JHS,Married,4,No,9,Yes,Unemployed,
2375,26,Female,Ashanti,Urban,Tertiary,Married,6,No,2,No,Not in Labor Force,
2376,28,Female,Greater Accra,Urban,SHS,Married,7,No,6,Yes,Employed,Services
2377,35,Male,Greater Accra,Rural,Primary,Single,4,No,22,Yes,Employed,Agriculture
2379,18,Female,Greater Accra,Urban,,Single,6,No,11,Yes,Employed,Informal Trade
2381,26,Female,Greater Accra,Urban,JHS,Married,3,No,7,Yes,Employed,Services
2383,33,Male,Volta,Rural,JHS,Married,3,No,14,Yes,Unemployed,
2384,20,Female,Ashanti,Rural,,Married,3,No,9,No,Not in Labor Force,
2386,20,Male,Bono,Urban,Tertiary,Married,6,No,0,No,Not in Labor Force,
2387,23,Male,Northern,Rural,JHS,Divorced/Separated,2,No,5,Yes,Employed,Agriculture
2388,31,Male,North East,Rural,Primary,Married,7,No,13,Yes,Employed,Services
2389,25,Male,Greater Accra,Urban,Tertiary,Single,4,No,2,No,Not in Labor Force,
2391,30,Male,Ashanti,Rural,JHS,Divorced/Separated,4,No,13,Yes,Employed,Agriculture
2392,24,Male,Central,Rural,SHS,Single,3,No,5,Yes,Unemployed,
2393,34,Female,Upper East,Urban,JHS,Single,5,No,11,Yes,Employed,Industry
2394,22,Female,Greater Accra,Urban,JHS,Single,6,No,6,Yes,Employed,Informal Trade
2395,35,Male,Central,Rural,JHS,Married,5,No,14,Yes,Employed,Informal Trade
2396,16,Female,Ashanti,Urban,Tertiary,Single,4,No,0,Yes,Unemployed,
2397,18,Male,Greater Accra,Urban,SHS,Married,7,No,0,Yes,Employed,Public Sector
2398,33,Female,Northern,Rural,Tertiary,Married,5,No,9,Yes,Employed,Agriculture
2400,34,Male,Eastern,Rural,SHS,Married,8,No,12,Yes,Employed,Industry
2401,23,Female,Northern,Rural,SHS,Divorced/Separated,4,No,3,Yes,Employed,Agriculture
2402,25,Male,Western,Rural,,Single,2,No,18,Yes,Employed,Services
2403,23,Male,Greater Accra,Rural,JHS,Married,4,No,4,Yes,Employed,Agriculture
2404,26,Male,Greater Accra,Urban,Primary,Single,5,No,10,Yes,Employed,Industry
2405,29,Male,Western,Urban,SHS,Single,6,No,8,Yes,Employed,Services
2408,34,Male,Western,Rural,SHS,Single,2,No,10,Yes,Employed,Services
2409,32,Female,Western,Rural,,Married,5,No,16,No,Not in Labor Force,
2411,23,Male,Bono,Rural,JHS,Married,4,No,5,No,Not in Labor Force,
2412,30,Female,Eastern,Urban,SHS,Married,3,No,10,Yes,Employed,Public Sector
2414,28,Female,Greater Accra,Urban,JHS,Married,5,No,9,Yes,Employed,Industry
2415,20,Female,Bono East,Urban,Primary,Divorced/Separated,4,No,7,Yes,Employed,Industry
2416,30,Female,Eastern,Urban,JHS,Married,5,No,11,Yes,Employed,Informal Trade
2418,28,Male,Ashanti,Rural,JHS,Single,4,No,7,Yes,Employed,Industry
2420,22,Male,Ashanti,Urban,SHS,Widowed,7,No,2,Yes,Unemployed,
2421,32,Male,Western North,Rural,JHS,Married,5,No,11,Yes,Employed,Services
2423,27,Female,Western,Urban,Primary,Married,5,No,13,Yes,Employed,Services
2426,21,Male,Volta,Urban,Tertiary,Divorced/Separated,7,No,0,No,Not in Labor Force,
2427,26,Female,Oti,Rural,JHS,Single,10,No,10,Yes,Unemployed,
2428,33,Female,Western,Rural,JHS,Married,3,No,13,No,Not in Labor Force,
2429,33,Female,Ashanti,Rural,SHS,Single,8,No,12,Yes,Employed,Informal Trade
2431,34,Female,Central,Rural,,Single,2,No,25,Yes,Employed,Agriculture
2432,32,Female,Upper East,Urban,SHS,Married,6,No,10,Yes,Unemployed,
2433,31,Female,Central,Rural,Primary,Single,10,No,19,Yes,Employed,Services
2434,26,Female,Western North,Rural,,Single,6,No,19,Yes,Employed,Informal Trade
2437,27,Male,Greater Accra,Rural,SHS,Married,4,No,7,Yes,Employed,Agriculture
2438,24,Female,Eastern,Urban,JHS,Married,5,No,6,Yes,Unemployed,
2440,31,Male,Eastern,Rural,Primary,Married,6,No,19,No,Not in Labor Force,
2448,29,Male,Central,Urban,JHS,Single,4,No,8,Yes,Unemployed,
2450,19,Male,Northern,Rural,SHS,Married,4,No,0,No,Not in Labor Force,
2451,34,Female,Northern,Urban,SHS,Married,1,No,13,No,Not in Labor Force,
2454,32,Female,Eastern,Rural,JHS,Single,6,No,12,No,Not in Labor Force,
2456,35,Female,Savannah,Rural,JHS,Married,1,No,17,No,Not in Labor Force,
2457,27,Female,Upper East,Rural,Primary,Divorced/Separated,6,No,9,Yes,Employed,Agriculture
2458,26,Female,Bono,Rural,JHS,Married,2,No,8,Yes,Employed,Informal Trade
2459,19,Male,Bono,Urban,JHS,Married,6,No,3,Yes,Employed,Industry
2460,21,Male,Volta,Rural,JHS,Divorced/Separated,5,No,4,Yes,Employed,Informal Trade
2462,30,Male,Ashanti,Urban,JHS,Single,6,No,12,No,Not in Labor Force,
2463,22,Male,Upper East,Urban,SHS,Single,5,No,2,Yes,Employed,Industry
2466,26,Male,Greater Accra,Urban,JHS,Divorced/Separated,7,No,6,Yes,Unemployed,
2468,27,Male,Greater Accra,Urban,Tertiary,Married,5,No,3,Yes,Unemployed,
2470,29,Female,Volta,Rural,SHS,Divorced/Separated,5,No,6,Yes,Employed,Services
2475,19,Female,Greater Accra,Urban,Tertiary,Married,6,No,0,Yes,Unemployed,
2476,28,Female,Greater Accra,Rural,,Married,1,No,14,No,Not in Labor Force,
2480,18,Female,Greater Accra,Rural,Primary,Divorced/Separated,6,No,6,Yes,Employed,Agriculture
2481,31,Female,Northern,Rural,SHS,Single,4,No,9,Yes,Employed,Informal Trade
2482,22,Female,Ashanti,Rural,SHS,Single,6,No,3,Yes,Employed,Public Sector
2483,19,Male,Greater Accra,Urban,JHS,Single,4,No,2,No,Not in Labor Force,
2485,23,Male,Greater Accra,Urban,SHS,Married,4,No,4,No,Not in Labor Force,
2486,35,Male,Northern,Urban,SHS,Married,2,No,13,Yes,Unemployed,
2487,28,Male,Bono East,Urban,JHS,Single,5,No,10,No,Not in Labor Force,
2490,31,Female,Western,Rural,Primary,Single,4,No,12,No,Not in Labor Force,
2491,24,Female,Ashanti,Urban,SHS,Married,2,No,4,No,Not in Labor Force,
2493,20,Female,Upper West,Urban,Tertiary,Married,5,No,0,No,Not in Labor Force,
2494,23,Male,Western North,Rural,Primary,Single,5,No,7,No,Not in Labor Force,
2495,28,Female,Savannah,Urban,JHS,Widowed,7,No,7,Yes,Employed,Public Sector
2496,20,Female,Northern,Rural,Primary,Widowed,4,No,6,Yes,Unemployed,
2497,18,Male,Greater Accra,Urban,JHS,Single,4,No,2,Yes,Unemployed,
2500,33,Female,Ashanti,Urban,SHS,Married,6,No,13,No,Not in Labor Force,
2501,19,Female,Bono,Urban,SHS,Married,5,No,0,No,Not in Labor Force,
2502,25,Male,Central,Rural,Primary,Married,5,No,9,Yes,Employed,Agriculture
2508,27,Male,Ashanti,Urban,SHS,Single,5,No,7,Yes,Employed,Services
2510,25,Female,Ashanti,Rural,Tertiary,Married,8,No,2,Yes,Employed,Public Sector
2511,29,Female,Northern,Rural,Primary,Widowed,7,No,14,Yes,Unemployed,
2512,35,Female,Ashanti,Urban,SHS,Single,6,No,12,Yes,Employed,Informal Trade
2513,29,Female,Central,Urban,SHS,Single,7,No,9,Yes,Employed,Informal Trade
2514,26,Male,Upper West,Rural,SHS,Married,4,No,6,No,Not in Labor Force,
2516,25,Female,Northern,Rural,,Single,5,No,15,Yes,Employed,Industry
2520,29,Male,Western North,Rural,SHS,Single,4,No,8,Yes,Employed,Services
2521,21,Female,Bono East,Rural,JHS,Married,4,No,5,Yes,Employed,Informal Trade
2522,32,Male,Ahafo,Rural,JHS,Married,6,No,15,No,Not in Labor Force,
2524,26,Female,Western,Rural,,Married,2,No,14,Yes,Employed,Informal Trade
2529,30,Female,Eastern,Urban,SHS,Single,4,No,11,No,Not in Labor Force,
2531,31,Female,Northern,Rural,JHS,Single,4,No,9,Yes,Employed,Agriculture
2532,23,Male,Ashanti,Urban,SHS,Single,5,No,3,No,Not in Labor Force,
2533,30,Female,Greater Accra,Urban,JHS,Widowed,8,No,12,No,Not in Labor Force,
2534,17,Female,Bono East,Rural,JHS,Married,5,No,1,No,Not in Labor Force,
2536,27,Male,Bono,Urban,Primary,Married,5,No,12,Yes,Employed,Public Sector
2538,24,Female,Western North,Rural,SHS,Married,4,No,5,Yes,Employed,Informal Trade
2539,34,Female,Ashanti,Rural,JHS,Divorced/Separated,5,No,18,Yes,Employed,Agriculture
2540,33,Female,Volta,Rural,,Married,4,No,19,Yes,Employed,Agriculture
2542,23,Male,Greater Accra,Urban,SHS,Single,7,No,4,Yes,Employed,Informal Trade
2543,21,Female,Western,Urban,JHS,Single,4,No,4,Yes,Employed,Agriculture
2545,24,Male,Greater Accra,Urban,SHS,Single,8,No,4,Yes,Unemployed,
2546,34,Male,Ashanti,Urban,Tertiary,Widowed,2,No,9,Yes,Unemployed,
2549,35,Male,Bono East,Rural,Primary,Single,7,No,18,No,Not in Labor Force,
2550,26,Female,Northern,Urban,JHS,Single,4,No,6,Yes,Employed,Services
2552,29,Female,Greater Accra,Urban,Primary,Married,5,No,16,No,Not in Labor Force,
2553,15,Female,Eastern,Rural,SHS,Married,2,No,0,No,Not in Labor Force,
2557,23,Female,Oti,Rural,Primary,Single,3,No,8,Yes,Employed,Agriculture
2558,31,Female,Ashanti,Urban,SHS,Single,3,No,11,No,Not in Labor Force,
2560,20,Female,Greater Accra,Urban,Tertiary,Married,10,No,0,Yes,Employed,Services
2561,29,Female,Northern,Rural,,Single,4,No,15,Yes,Employed,Services
2564,34,Male,Ashanti,Rural,SHS,Single,5,No,14,No,Not in Labor Force,
2565,33,Male,Greater Accra,Urban,Tertiary,Married,9,No,7,No,Not in Labor Force,
2568,34,Male,Bono,Rural,JHS,Married,5,No,16,No,Not in Labor Force,
2570,32,Male,Western,Rural,,Married,2,No,24,No,Not in Labor Force,
2571,35,Male,Upper East,Rural,Tertiary,Married,4,No,10,No,Not in Labor Force,
2572,22,Male,Ashanti,Urban,SHS,Married,3,No,3,No,Not in Labor Force,
2573,34,Female,Western,Rural,JHS,Married,6,No,12,Yes,Unemployed,
2575,30,Female,Ahafo,Rural,SHS,Married,5,No,8,Yes,Employed,Agriculture
2578,29,Female,Upper East,Rural,JHS,Widowed,5,No,12,Yes,Employed,Agriculture
2581,20,Male,Central,Urban,JHS,Married,7,Yes,3,No,Not in Labor Force,
2582,22,Male,Greater Accra,Urban,SHS,Single,7,No,2,Yes,Employed,Services
2583,25,Female,Eastern,Urban,Tertiary,Single,5,No,1,Yes,Unemployed,
2584,19,Female,Savannah,Rural,SHS,Married,6,No,0,No,Not in Labor Force,
2585,32,Female,Upper East,Urban,Primary,Married,4,No,20,Yes,Employed,Informal Trade
2586,29,Female,Ashanti,Urban,Primary,Married,7,No,16,Yes,Employed,Informal Trade
2587,27,Female,Ashanti,Urban,Tertiary,Single,3,No,3,No,Not in Labor Force,
2588,33,Male,Ashanti,Urban,SHS,Married,5,No,13,Yes,Employed,Informal Trade
2595,33,Female,Greater Accra,Rural,,Divorced/Separated,7,Yes,18,Yes,Employed,Informal Trade
2597,32,Female,Oti,Rural,SHS,Divorced/Separated,2,No,10,Yes,Employed,Agriculture
2598,35,Male,Greater Accra,Urban,Tertiary,Married,3,No,8,Yes,Employed,Informal Trade
2599,17,Male,Greater Accra,Urban,JHS,Married,6,No,1,Yes,Employed,Services
2601,25,Male,Volta,Rural,JHS,Married,9,No,8,Yes,Employed,Public Sector
2603,32,Female,Ashanti,Urban,JHS,Single,6,No,14,Yes,Unemployed,
2604,23,Female,Upper West,Urban,Tertiary,Married,4,No,0,Yes,Unemployed,
2605,30,Male,Eastern,Rural,,Married,3,No,20,Yes,Employed,Agriculture
2610,30,Female,Ashanti,Urban,SHS,Married,4,No,10,Yes,Employed,Public Sector
2612,20,Female,Ashanti,Urban,,Married,4,No,10,No,Not in Labor Force,
2613,16,Male,Ashanti,Rural,JHS,Single,7,No,0,Yes,Employed,Agriculture
2615,29,Female,Northern,Rural,JHS,Single,8,No,13,Yes,Unemployed,
2616,22,Male,Ashanti,Rural,Primary,Single,2,No,7,No,Not in Labor Force,
2617,26,Female,Oti,Rural,,Single,5,No,17,No,Not in Labor Force,
2618,26,Male,Upper East,Rural,,Single,3,No,17,No,Not in Labor Force,
2619,34,Female,Ahafo,Rural,SHS,Married,6,No,10,Yes,Employed,Agriculture
2620,34,Female,Greater Accra,Urban,SHS,Divorced/Separated,5,No,9,Yes,Employed,Public Sector
2621,32,Male,Volta,Urban,SHS,Married,3,No,11,Yes,Employed,Informal Trade
2624,34,Female,Volta,Urban,SHS,Widowed,3,No,10,Yes,Employed,Informal Trade
2625,25,Male,Oti,Urban,Primary,Single,3,No,11,Yes,Employed,Informal Trade
2626,24,Female,Greater Accra,Urban,Tertiary,Divorced/Separated,6,No,1,Yes,Unemployed,
2627,22,Female,Greater Accra,Urban,SHS,Married,6,No,3,Yes,Employed,Services
2628,20,Male,Central,Urban,Tertiary,Married,3,Yes,0,No,Not in Labor Force,
2629,23,Female,Ashanti,Rural,Primary,Married,2,No,8,No,Not in Labor Force,
2630,20,Female,Western North,Rural,Primary,Divorced/Separated,5,No,6,Yes,Employed,Agriculture
2632,31,Female,Ashanti,Urban,SHS,Married,9,No,9,Yes,Employed,Informal Trade
2633,32,Female,Ashanti,Urban,SHS,Divorced/Separated,4,No,10,Yes,Unemployed,
2634,24,Female,Northern,Rural,Primary,Married,4,No,11,No,Not in Labor Force,
2635,21,Male,Greater Accra,Urban,JHS,Single,6,No,3,Yes,Employed,Services
2636,18,Female,Bono,Urban,JHS,Single,3,No,2,No,Not in Labor Force,
2637,27,Male,Western North,Rural,Primary,Single,6,No,12,No,Not in Labor Force,
2640,23,Male,Greater Accra,Urban,Tertiary,Single,3,No,0,Yes,Employed,Industry
2641,28,Male,Ashanti,Rural,JHS,Single,6,No,11,Yes,Employed,Agriculture
2642,32,Female,Greater Accra,Urban,SHS,Married,4,No,13,Yes,Unemployed,
2646,30,Female,Bono,Rural,Primary,Single,6,No,14,No,Not in Labor Force,
2647,21,Male,Volta,Urban,Tertiary,Single,4,No,0,Yes,Employed,Industry
2648,32,Male,Volta,Urban,Tertiary,Married,7,No,7,Yes,Employed,Public Sector
2649,35,Female,Northern,Rural,Primary,Single,5,No,18,No,Not in Labor Force,
2651,28,Female,Northern,Urban,JHS,Single,9,No,10,Yes,Employed,Services
2653,29,Female,Western,Rural,JHS,Married,5,No,10,Yes,Employed,Informal Trade
2656,29,Male,Oti,Urban,SHS,Married,5,No,8,Yes,Employed,Public Sector
2657,18,Female,Ashanti,Rural,,Married,6,No,10,Yes,Employed,Informal Trade
2658,21,Female,Upper East,Urban,Tertiary,Widowed,4,No,0,Yes,Unemployed,
2659,18,Male,Oti,Rural,JHS,Married,5,No,2,Yes,Employed,Agriculture
2660,20,Male,Ashanti,Rural,JHS,Married,7,No,3,Yes,Unemployed,
2661,20,Male,Central,Urban,SHS,Married,4,No,1,No,Not in Labor Force,
2664,21,Male,Upper West,Rural,,Single,8,No,10,Yes,Employed,Services
2666,24,Male,Greater Accra,Urban,SHS,Married,3,No,3,Yes,Unemployed,
2667,21,Male,Upper East,Rural,JHS,Single,5,No,3,No,Not in Labor Force,
2670,23,Male,Bono East,Urban,Primary,Married,2,No,11,No,Not in Labor Force,
2671,32,Male,Bono East,Rural,JHS,Married,4,Yes,12,No,Not in Labor Force,
2672,19,Male,Northern,Rural,JHS,Married,9,No,3,Yes,Employed,Industry
2674,22,Male,Ashanti,Rural,JHS,Married,9,No,6,Yes,Employed,Agriculture
2676,35,Male,Ashanti,Urban,JHS,Single,5,No,14,No,Not in Labor Force,
2677,20,Female,Upper East,Rural,JHS,Married,7,No,4,Yes,Employed,Agriculture
2680,23,Female,Ashanti,Rural,SHS,Single,7,No,3,Yes,Unemployed,
2681,28,Male,Greater Accra,Urban,JHS,Single,7,No,9,Yes,Employed,Public Sector
2682,18,Male,Ashanti,Urban,SHS,Married,5,No,0,No,Not in Labor Force,
2683,29,Female,Greater Accra,Urban,Tertiary,Single,5,No,4,Yes,Unemployed,
2685,28,Male,Greater Accra,Urban,JHS,Widowed,5,No,11,Yes,Employed,Services
2687,34,Male,Central,Urban,SHS,Married,7,No,10,Yes,Employed,Services
2688,28,Male,Western,Urban,SHS,Widowed,9,No,6,No,Not in Labor Force,
2690,32,Female,Oti,Urban,SHS,Married,5,No,11,Yes,Employed,Industry
2692,28,Female,Bono East,Urban,Tertiary,Single,5,No,4,Yes,Unemployed,
2695,27,Male,Bono East,Rural,Primary,Single,5,No,13,No,Not in Labor Force,
2696,19,Male,Upper West,Urban,Primary,Married,2,No,5,No,Not in Labor Force,
2697,26,Female,Ashanti,Rural,,Single,5,No,16,Yes,Employed,Agriculture
2698,29,Male,Greater Accra,Rural,Primary,Single,5,No,17,Yes,Employed,Agriculture
2699,35,Male,Volta,Rural,JHS,Single,6,No,13,Yes,Employed,Agriculture
2700,27,Female,Eastern,Urban,Tertiary,Single,7,No,3,No,Not in Labor Force,
2706,27,Male,Ashanti,Urban,Tertiary,Married,5,No,3,Yes,Employed,Services
2707,26,Male,Greater Accra,Urban,SHS,Divorced/Separated,2,No,6,Yes,Employed,Informal Trade
2708,34,Male,Bono East,Urban,JHS,Single,4,No,17,Yes,Employed,Agriculture
2709,25,Male,Bono,Urban,JHS,Single,1,No,7,Yes,Employed,Public Sector
2710,33,Male,Greater Accra,Urban,SHS,Single,4,No,14,No,Not in Labor Force,
2711,32,Female,Upper East,Rural,SHS,Single,4,No,10,Yes,Employed,Informal Trade
2712,27,Female,Greater Accra,Urban,SHS,Single,5,No,5,Yes,Employed,Industry
2713,21,Male,Central,Urban,JHS,Divorced/Separated,5,No,3,Yes,Unemployed,
2714,30,Male,Central,Rural,,Single,2,No,17,Yes,Unemployed,
2715,26,Female,Western,Rural,JHS,Single,4,No,8,No,Not in Labor Force,
2716,26,Male,Ashanti,Urban,SHS,Single,4,No,7,Yes,Unemployed,
2718,29,Female,Northern,Urban,SHS,Single,6,No,9,Yes,Employed,Informal Trade
2720,20,Male,Eastern,Rural,JHS,Married,7,No,4,No,Not in Labor Force,
2722,26,Female,Savannah,Rural,,Single,3,No,14,Yes,Employed,Agriculture
2723,23,Male,Northern,Urban,SHS,Divorced/Separated,3,No,3,Yes,Unemployed,
2724,26,Female,Bono East,Rural,Primary,Widowed,6,No,10,Yes,Employed,Industry
2725,24,Male,Western,Urban,JHS,Married,4,No,5,No,Not in Labor Force,
2726,27,Male,Ashanti,Urban,JHS,Single,3,No,10,Yes,Employed,Agriculture
2728,22,Male,Bono,Rural,Primary,Single,6,No,7,No,Not in Labor Force,
2729,33,Male,Northern,Urban,JHS,Married,4,No,14,Yes,Employed,Agriculture
2732,20,Male,Greater Accra,Urban,SHS,Married,3,No,1,No,Not in Labor Force,
2733,30,Female,Western,Rural,JHS,Married,8,No,13,Yes,Employed,Informal Trade
2734,20,Male,Ashanti,Urban,Tertiary,Widowed,5,No,0,No,Not in Labor Force,
2737,28,Male,Eastern,Rural,SHS,Single,4,No,7,Yes,Employed,Industry
2738,31,Male,Volta,Rural,JHS,Married,3,No,9,Yes,Employed,Industry
2739,19,Female,Ashanti,Rural,Primary,Single,6,No,7,Yes,Unemployed,
2741,28,Female,Ashanti,Rural,,Married,8,No,20,No,Not in Labor Force,
2742,30,Male,Central,Urban,Tertiary,Married,3,No,5,Yes,Employed,Informal Trade
2743,19,Female,Ashanti,Urban,Tertiary,Single,4,No,0,No,Not in Labor Force,
2745,20,Male,Oti,Rural,JHS,Single,3,Yes,3,Yes,Employed,Services
2747,25,Male,Volta,Rural,,Single,4,No,13,Yes,Employed,Agriculture
2748,29,Female,Volta,Urban,SHS,Married,5,No,7,No,Not in Labor Force,
2749,28,Male,Eastern,Rural,Primary,Married,6,No,15,Yes,Employed,Industry
2750,29,Male,Northern,Urban,JHS,Single,7,No,10,Yes,Unemployed,
2752,31,Male,Bono,Rural,Tertiary,Married,8,No,7,No,Not in Labor Force,
2755,20,Female,Eastern,Urban,SHS,Married,5,No,1,Yes,Employed,Industry
2756,24,Female,Western,Urban,Tertiary,Married,6,No,1,Yes,Unemployed,
2757,32,Female,Ashanti,Urban,JHS,Single,7,No,13,Yes,Employed,Public Sector
2758,29,Female,Ashanti,Urban,SHS,Single,9,No,8,No,Not in Labor Force,
2761,33,Female,Greater Accra,Urban,SHS,Single,5,No,10,Yes,Employed,Informal Trade
2762,34,Female,Ashanti,Urban,Primary,Single,6,No,22,Yes,Employed,Industry
2763,30,Female,Greater Accra,Urban,SHS,Married,3,No,7,No,Not in Labor Force,
2764,24,Male,North East,Rural,JHS,Single,3,No,6,Yes,Employed,Agriculture
2765,30,Female,Greater Accra,Urban,Primary,Married,7,No,15,Yes,Employed,Services
2766,35,Female,Greater Accra,Urban,Primary,Single,3,No,19,Yes,Employed,Industry
2767,30,Male,Western,Urban,Tertiary,Married,2,No,4,Yes,Employed,Informal Trade
2768,32,Female,Greater Accra,Rural,JHS,Single,5,No,14,Yes,Employed,Informal Trade
2770,18,Female,Greater Accra,Urban,Primary,Married,4,No,4,No,Not in Labor Force,
2771,16,Female,Central,Urban,SHS,Divorced/Separated,2,No,0,Yes,Employed,Services
2774,24,Male,Greater Accra,Urban,,Widowed,2,No,14,Yes,Employed,Services
2775,30,Male,Greater Accra,Urban,JHS,Married,2,No,13,Yes,Employed,Agriculture
2776,31,Female,Bono,Rural,Tertiary,Divorced/Separated,5,No,5,Yes,Employed,Industry
2777,28,Female,Ahafo,Urban,SHS,Married,6,No,8,Yes,Employed,Services
2778,23,Female,Ashanti,Urban,,Married,4,No,16,No,Not in Labor Force,
2779,29,Female,Eastern,Urban,SHS,Single,8,No,9,Yes,Unemployed,
2780,28,Female,Northern,Rural,Primary,Single,8,No,15,Yes,Employed,Agriculture
2782,34,Female,Eastern,Rural,Primary,Married,10,No,14,Yes,Employed,Agriculture
2783,33,Male,Eastern,Rural,JHS,Single,3,No,17,Yes,Employed,Informal Trade
2784,34,Female,Upper West,Urban,JHS,Married,5,No,16,Yes,Employed,Public Sector
2785,22,Female,Eastern,Urban,Tertiary,Single,8,No,0,No,Not in Labor Force,
2786,31,Female,Eastern,Urban,SHS,Single,5,No,8,No,Not in Labor Force,
2787,26,Male,Ashanti,Rural,SHS,Single,8,No,7,Yes,Employed,Informal Trade
2790,21,Male,Eastern,Urban,SHS,Married,7,No,2,Yes,Employed,Informal Trade
2792,24,Female,Eastern,Rural,JHS,Widowed,5,No,5,Yes,Employed,Agriculture
2793,30,Female,Western,Rural,JHS,Single,5,No,12,No,Not in Labor Force,
2803,32,Female,Volta,Rural,JHS,Widowed,3,No,14,Yes,Employed,Agriculture
2804,23,Male,Greater Accra,Urban,Primary,Single,6,No,9,Yes,Employed,Industry
2805,23,Female,Oti,Rural,,Married,6,No,14,Yes,Employed,Industry
2808,18,Female,North East,Rural,SHS,Married,3,No,0,Yes,Employed,Informal Trade
2810,30,Female,Greater Accra,Urban,JHS,Single,9,No,10,Yes,Employed,Informal Trade
2813,29,Female,Upper East,Rural,JHS,Married,7,No,10,Yes,Employed,Agriculture
2814,24,Female,Upper East,Rural,JHS,Divorced/Separated,6,No,5,Yes,Unemployed,
2815,30,Male,Ashanti,Urban,Tertiary,Single,5,No,5,Yes,Unemployed,
2816,32,Female,Western,Rural,,Single,5,No,17,Yes,Employed,Informal Trade
2818,31,Male,Central,Urban,JHS,Married,8,No,10,Yes,Employed,Public Sector
2819,21,Female,Northern,Urban,Tertiary,Single,3,No,0,Yes,Employed,Informal Trade
2823,32,Female,Greater Accra,Urban,SHS,Married,6,No,11,Yes,Unemployed,
2826,25,Female,Western North,Rural,Primary,Married,4,No,12,Yes,Unemployed,
2827,21,Male,Oti,Urban,JHS,Single,5,No,5,No,Not in Labor Force,
2828,28,Female,Northern,Rural,Primary,Married,4,No,11,Yes,Employed,Agriculture
2829,20,Female,Eastern,Rural,,Divorced/Separated,3,No,9,No,Not in Labor Force,
2830,33,Male,Eastern,Rural,Primary,Single,4,No,19,No,Not in Labor Force,
2831,34,Female,Western,Rural,SHS,Married,5,No,14,Yes,Employed,Agriculture
2832,28,Male,Upper East,Rural,SHS,Single,4,No,8,Yes,Employed,Informal Trade
2834,21,Male,Ashanti,Urban,Primary,Married,5,No,6,No,Not in Labor Force,
2835,32,Female,Western,Urban,Tertiary,Married,9,No,9,Yes,Unemployed,
2837,21,Female,Bono,Rural,Primary,Married,4,No,8,No,Not in Labor Force,
2841,20,Female,Eastern,Urban,Tertiary,Married,2,No,0,Yes,Employed,Informal Trade
2843,31,Female,Volta,Rural,JHS,Single,5,No,14,Yes,Employed,Agriculture
2844,35,Female,Upper West,Rural,Primary,Single,6,No,16,No,Not in Labor Force,
2846,31,Male,Ashanti,Urban,SHS,Married,3,Yes,10,No,Not in Labor Force,
2848,21,Female,Western,Urban,JHS,Single,5,No,4,No,Not in Labor Force,
2850,19,Female,Bono East,Rural,Primary,Single,3,No,5,Yes,Employed,Industry
2851,30,Female,Bono,Rural,JHS,Married,6,No,11,Yes,Employed,Agriculture
2854,25,Female,Bono,Urban,SHS,Single,3,No,5,Yes,Employed,Services
2855,35,Female,Ashanti,Rural,Primary,Single,10,Yes,14,Yes,Employed,Agriculture
2861,31,Female,Ahafo,Urban,Primary,Married,2,No,18,No,Not in Labor Force,
2862,29,Female,Northern,Rural,JHS,Single,8,No,11,Yes,Employed,Informal Trade
2863,28,Female,Volta,Rural,JHS,Single,4,No,9,Yes,Employed,Agriculture
2864,29,Male,Greater Accra,Urban,SHS,Married,6,No,9,Yes,Unemployed,
2865,33,Male,Greater Accra,Urban,JHS,Widowed,2,No,13,Yes,Unemployed,
2866,28,Male,Greater Accra,Urban,Primary,Single,5,No,10,Yes,Employed,Industry
2871,17,Female,Greater Accra,Urban,,Married,4,No,10,Yes,Employed,Services
2873,25,Male,Northern,Rural,JHS,Married,7,No,6,Yes,Employed,Agriculture
2874,29,Female,Ashanti,Rural,Primary,Single,10,No,15,No,Not in Labor Force,
2877,35,Female,Greater Accra,Urban,SHS,Single,4,No,10,No,Not in Labor Force,
2879,23,Female,Savannah,Rural,Primary,Single,4,No,8,No,Not in Labor Force,
2882,29,Female,Eastern,Urban,SHS,Single,7,No,8,No,Not in Labor Force,
2883,29,Female,Greater Accra,Urban,,Divorced/Separated,1,No,14,Yes,Employed,Informal Trade
2885,33,Male,Greater Accra,Urban,JHS,Married,7,No,15,No,Not in Labor Force,
2886,23,Female,Greater Accra,Urban,SHS,Single,4,No,3,Yes,Employed,Industry
2888,24,Female,Bono,Rural,JHS,Single,5,Yes,8,Yes,Unemployed,
2889,32,Male,Ashanti,Urban,JHS,Single,7,No,12,Yes,Employed,Services
2890,20,Male,Greater Accra,Rural,Primary,Divorced/Separated,8,No,6,Yes,Employed,Services
2892,33,Male,Greater Accra,Urban,Primary,Married,3,No,14,Yes,Employed,Industry
2897,18,Male,Northern,Urban,SHS,Single,3,No,0,Yes,Employed,Industry
2900,25,Female,Oti,Rural,JHS,Single,4,No,6,Yes,Unemployed,
2901,25,Female,Bono,Urban,SHS,Married,6,No,5,Yes,Unemployed,
2902,31,Male,Volta,Rural,JHS,Widowed,2,No,12,No,Not in Labor Force,
2903,28,Female,Ashanti,Rural,JHS,Married,6,No,8,Yes,Employed,Agriculture
2905,23,Male,Bono East,Rural,JHS,Single,5,No,5,No,Not in Labor Force,
2906,27,Female,Central,Urban,,Married,5,No,17,No,Not in Labor Force,
2907,18,Female,Ashanti,Urban,JHS,Married,8,No,1,No,Not in Labor Force,
2908,29,Male,Ashanti,Urban,,Single,2,No,14,Yes,Employed,Services
2909,23,Male,Upper East,Rural,JHS,Divorced/Separated,2,No,6,Yes,Employed,Agriculture
2910,26,Female,Oti,Rural,Primary,Married,6,No,11,Yes,Employed,Agriculture
2911,32,Female,Western,Urban,SHS,Married,7,No,10,Yes,Employed,Industry
2914,34,Male,Bono,Rural,SHS,Married,8,No,15,Yes,Employed,Agriculture
2919,28,Male,Ashanti,Urban,SHS,Divorced/Separated,3,No,8,Yes,Employed,Services
2920,29,Female,Ashanti,Urban,JHS,Single,2,No,11,Yes,Employed,Informal Trade
2921,24,Male,North East,Rural,Primary,Single,3,No,11,No,Not in Labor Force,
2922,32,Male,Ashanti,Urban,SHS,Married,4,No,10,No,Not in Labor Force,
2923,29,Female,Upper East,Rural,JHS,Married,3,No,11,Yes,Employed,Public Sector
2925,23,Female,Upper West,Urban,JHS,Single,9,No,6,No,Not in Labor Force,
2926,35,Male,Savannah,Urban,Tertiary,Widowed,7,No,12,Yes,Employed,Services
2927,33,Female,Greater Accra,Urban,SHS,Single,4,No,12,Yes,Employed,Informal Trade
2929,28,Male,Eastern,Rural,SHS,Single,4,No,8,Yes,Employed,Informal Trade
2931,32,Female,Upper East,Rural,,Married,2,No,20,Yes,Employed,Agriculture
2932,30,Female,Upper East,Rural,Primary,Widowed,4,No,13,Yes,Employed,Industry
2933,28,Male,Western,Rural,SHS,Married,6,No,7,Yes,Employed,Agriculture
2934,22,Male,Northern,Rural,,Married,6,No,15,Yes,Employed,Agriculture
2935,21,Female,Bono East,Rural,,Married,7,No,9,Yes,Employed,Agriculture
2937,23,Female,Greater Accra,Urban,Tertiary,Single,6,No,0,Yes,Employed,Industry
2938,19,Male,Ashanti,Urban,JHS,Married,6,No,2,Yes,Employed,Public Sector
2939,35,Male,Bono East,Rural,Primary,Married,8,No,22,Yes,Employed,Agriculture
2941,25,Male,Ashanti,Rural,JHS,Married,8,No,9,Yes,Unemployed,
2942,32,Female,Western North,Rural,Primary,Single,2,No,17,No,Not in Labor Force,
2943,32,Male,Greater Accra,Urban,SHS,Divorced/Separated,4,No,11,Yes,Unemployed,
2947,26,Female,Ashanti,Rural,JHS,Divorced/Separated,5,No,8,No,Not in Labor Force,
2949,32,Female,Ashanti,Urban,JHS,Widowed,1,No,15,No,Not in Labor Force,
2951,18,Male,Eastern,Rural,,Single,5,No,10,Yes,Employed,Informal Trade
2953,23,Male,North East,Rural,SHS,Single,4,No,3,Yes,Employed,Agriculture
2954,21,Male,Eastern,Rural,JHS,Married,4,No,5,Yes,Employed,Agriculture
2955,21,Male,Greater Accra,Urban,SHS,Married,4,No,1,Yes,Employed,Informal Trade
2956,21,Female,Volta,Urban,JHS,Married,4,No,5,Yes,Unemployed,
2960,26,Male,Ashanti,Rural,,Single,7,No,17,Yes,Employed,Agriculture
2961,26,Male,Eastern,Rural,SHS,Married,6,No,6,Yes,Employed,Agriculture
2962,21,Male,Ashanti,Rural,SHS,Single,4,No,1,No,Not in Labor Force,
2964,32,Male,Bono,Urban,Primary,Single,4,No,18,Yes,Employed,Services
2966,35,Female,Ashanti,Urban,SHS,Married,8,No,12,Yes,Employed,Services
2967,23,Male,Western,Urban,JHS,Single,4,No,7,Yes,Employed,Services
2972,22,Female,Upper East,Rural,Primary,Married,8,No,8,Yes,Employed,Agriculture
2975,32,Male,Northern,Rural,JHS,Married,7,No,15,No,Not in Labor Force,
2977,26,Female,Greater Accra,Urban,SHS,Married,5,No,5,No,Not in Labor Force,
2980,29,Female,Western,Urban,SHS,Divorced/Separated,7,No,7,Yes,Employed,Services
2981,23,Female,Bono,Rural,Primary,Married,7,No,7,No,Not in Labor Force,
2982,23,Female,Greater Accra,Urban,JHS,Married,7,No,5,Yes,Unemployed,
2984,26,Female,Ashanti,Urban,SHS,Single,3,No,6,Yes,Unemployed,
2986,24,Female,Volta,Rural,JHS,Single,6,No,7,Yes,Employed,Agriculture
2988,33,Female,Central,Rural,JHS,Single,5,No,11,Yes,Employed,Agriculture
2990,18,Female,Savannah,Rural,JHS,Married,7,No,2,No,Not in Labor Force,
2991,30,Male,Upper East,Rural,SHS,Married,5,No,10,Yes,Employed,Agriculture
2993,28,Male,Savannah,Rural,,Single,7,No,14,Yes,Employed,Agriculture
2994,30,Female,Greater Accra,Urban,Primary,Single,1,No,15,Yes,Employed,Informal Trade
2995,21,Male,Central,Urban,JHS,Married,4,No,4,Yes,Employed,Informal Trade
2997,30,Female,Bono East,Urban,SHS,Married,4,No,10,No,Not in Labor Force,
2998,20,Female,Ashanti,Urban,SHS,Single,6,No,1,No,Not in Labor Force,
2999,32,Female,Western,Rural,JHS,Married,4,No,10,Yes,Employed,Services
3001,31,Female,Northern,Rural,Primary,Single,4,No,19,Yes,Employed,Industry
3002,30,Male,Volta,Urban,JHS,Married,7,No,12,Yes,Employed,Services
3004,28,Female,Ahafo,Rural,Primary,Married,8,No,15,No,Not in Labor Force,
3005,35,Male,Greater Accra,Urban,JHS,Single,3,No,14,Yes,Employed,Services
3008,28,Female,Greater Accra,Urban,SHS,Divorced/Separated,4,No,6,Yes,Employed,Agriculture
3009,33,Female,Western North,Rural,JHS,Single,5,No,15,Yes,Employed,Informal Trade
3010,30,Female,Western North,Rural,Tertiary,Single,2,No,5,Yes,Employed,Informal Trade
3011,35,Male,Oti,Rural,JHS,Married,8,No,19,Yes,Employed,Agriculture
3012,21,Male,Bono,Rural,SHS,Married,5,No,2,No,Not in Labor Force,
3013,25,Female,Ashanti,Urban,Tertiary,Single,5,No,2,Yes,Employed,Industry
3014,30,Male,Ashanti,Urban,Primary,Married,2,No,17,No,Not in Labor Force,
3016,28,Male,Ashanti,Rural,Tertiary,Single,4,No,5,Yes,Unemployed,
3018,35,Female,Eastern,Rural,Primary,Single,1,No,22,Yes,Employed,Agriculture
3019,22,Male,Ashanti,Urban,JHS,Married,4,No,5,Yes,Employed,Services
3020,34,Female,Upper East,Rural,SHS,Married,6,No,14,Yes,Employed,Public Sector
3023,29,Female,Western North,Rural,JHS,Married,3,No,12,Yes,Employed,Public Sector
3024,28,Female,Eastern,Rural,JHS,Married,5,No,8,Yes,Employed,Agriculture
3025,32,Female,Volta,Rural,Primary,Single,4,No,15,Yes,Employed,Agriculture
3026,18,Female,Greater Accra,Urban,,Single,5,No,10,Yes,Employed,Informal Trade
3027,23,Female,Volta,Urban,,Married,8,No,11,No,Not in Labor Force,
3029,31,Male,Upper East,Rural,JHS,Single,7,No,11,Yes,Employed,Agriculture
3031,33,Female,Western,Rural,SHS,Married,5,No,10,Yes,Employed,Agriculture
3032,18,Male,Greater Accra,Urban,JHS,Single,6,No,1,No,Not in Labor Force,
3033,28,Male,Western North,Rural,JHS,Married,5,No,9,No,Not in Labor Force,
3035,19,Male,Greater Accra,Rural,Primary,Single,6,No,7,Yes,Employed,Services
3040,32,Male,Bono,Urban,JHS,Married,5,No,10,No,Not in Labor Force,
3043,18,Female,Ashanti,Urban,JHS,Married,5,No,2,Yes,Employed,Industry
3044,30,Female,Greater Accra,Urban,Tertiary,Widowed,5,No,6,Yes,Employed,Informal Trade
3045,32,Male,Bono East,Urban,JHS,Single,5,No,12,Yes,Employed,Industry
3046,30,Male,Western North,Urban,SHS,Single,3,No,7,Yes,Employed,Services
3048,24,Female,Volta,Rural,JHS,Single,6,No,6,Yes,Employed,Public Sector
3049,24,Female,Ashanti,Rural,JHS,Widowed,5,No,8,Yes,Unemployed,
3051,25,Female,Greater Accra,Urban,Primary,Married,4,No,8,No,Not in Labor Force,
3052,32,Male,Northern,Rural,SHS,Single,3,No,10,Yes,Employed,Informal Trade
3053,22,Female,Eastern,Rural,,Married,5,No,14,Yes,Employed,Agriculture
3056,25,Female,Central,Urban,Tertiary,Married,3,No,1,Yes,Unemployed,
3057,28,Male,Eastern,Urban,JHS,Single,4,No,11,Yes,Unemployed,
3058,28,Female,Greater Accra,Urban,Primary,Married,5,No,14,Yes,Employed,Services
3059,28,Male,Western,Rural,,Single,5,No,14,Yes,Employed,Agriculture
3061,22,Male,Eastern,Urban,Tertiary,Single,7,No,0,Yes,Unemployed,
3062,35,Male,Eastern,Urban,SHS,Married,7,No,11,Yes,Employed,Services
3063,16,Male,Ashanti,Rural,JHS,Married,7,No,0,No,Not in Labor Force,
3065,33,Male,Ashanti,Urban,Tertiary,Single,7,No,7,No,Not in Labor Force,
3066,19,Female,Volta,Rural,,Married,4,Yes,9,Yes,Employed,Agriculture
3067,30,Female,Savannah,Rural,,Single,5,No,22,Yes,Employed,Industry
3068,28,Male,Upper West,Rural,Primary,Married,3,No,14,Yes,Employed,Agriculture
3069,34,Male,Upper East,Rural,JHS,Single,4,No,13,Yes,Employed,Agriculture
3070,16,Female,Greater Accra,Urban,Tertiary,Single,5,No,0,No,Not in Labor Force,
3072,27,Male,Upper East,Rural,Primary,Widowed,1,No,10,Yes,Employed,Agriculture
3073,19,Male,Northern,Urban,SHS,Widowed,3,No,0,Yes,Employed,Services
3074,28,Male,Eastern,Rural,JHS,Single,3,No,11,Yes,Employed,Informal Trade
3075,28,Male,Western North,Rural,Primary,Married,4,No,16,No,Not in Labor Force,
3076,25,Female,Eastern,Urban,JHS,Divorced/Separated,3,No,7,Yes,Employed,Services
3077,24,Female,Bono,Rural,Primary,Single,6,No,10,Yes,Employed,Informal Trade
3078,18,Female,Bono East,Urban,Tertiary,Married,4,No,0,No,Not in Labor Force,
3080,19,Male,Greater Accra,Urban,Tertiary,Widowed,7,No,0,Yes,Unemployed,
3081,29,Female,Upper East,Rural,JHS,Married,4,No,12,Yes,Employed,Agriculture
3083,26,Female,Northern,Urban,SHS,Married,7,No,7,Yes,Employed,Informal Trade
3085,27,Male,Ashanti,Urban,SHS,Single,3,No,7,Yes,Employed,Services
3090,23,Male,Ashanti,Urban,SHS,Single,2,No,3,Yes,Employed,Services
3091,31,Male,Upper East,Rural,Primary,Single,6,Yes,12,No,Not in Labor Force,
3093,19,Female,Ashanti,Rural,,Married,5,No,11,Yes,Employed,Agriculture
3094,29,Female,Ashanti,Urban,Tertiary,Married,4,No,4,No,Not in Labor Force,
3095,26,Female,Ahafo,Rural,JHS,Married,5,No,7,No,Not in Labor Force,
3098,22,Female,North East,Urban,JHS,Married,7,No,5,Yes,Unemployed,
3100,28,Male,Ashanti,Urban,Primary,Married,3,No,13,Yes,Employed,Industry
3103,35,Male,Savannah,Rural,,Married,6,Yes,28,Yes,Employed,Agriculture
3104,30,Female,Western,Rural,Primary,Single,7,No,17,No,Not in Labor Force,
3105,26,Female,Northern,Rural,SHS,Married,6,No,6,Yes,Employed,Agriculture
3106,33,Female,Western,Rural,JHS,Married,4,No,15,No,Not in Labor Force,
3108,31,Male,Northern,Rural,SHS,Married,4,No,11,No,Not in Labor Force,
3112,34,Female,Greater Accra,Urban,Primary,Single,3,No,22,Yes,Employed,Services
3113,22,Female,Savannah,Urban,SHS,Single,6,No,2,Yes,Employed,Industry
3115,35,Female,Central,Rural,,Single,6,No,22,Yes,Employed,Agriculture
3116,28,Male,Upper East,Rural,SHS,Single,4,No,7,Yes,Employed,Agriculture
3117,26,Male,North East,Rural,JHS,Married,2,No,7,Yes,Employed,Agriculture
3118,18,Female,Central,Rural,JHS,Single,6,No,2,No,Not in Labor Force,
3120,26,Female,Greater Accra,Urban,JHS,Single,3,No,8,No,Not in Labor Force,
3121,29,Male,Oti,Rural,SHS,Widowed,8,No,9,No,Not in Labor Force,
3122,31,Female,Greater Accra,Urban,SHS,Single,4,No,11,Yes,Employed,Informal Trade
3127,33,Female,Western,Rural,,Divorced/Separated,7,No,27,Yes,Employed,Agriculture
3128,24,Male,Oti,Rural,SHS,Single,3,No,3,Yes,Employed,Agriculture
3129,25,Female,Ashanti,Rural,Primary,Married,6,No,12,No,Not in Labor Force,
3131,35,Male,Ahafo,Rural,Primary,Married,6,No,15,Yes,Employed,Informal Trade
3132,28,Male,Ashanti,Urban,,Single,3,No,13,Yes,Employed,Industry
3137,29,Female,Northern,Rural,,Married,4,No,17,No,Not in Labor Force,
3139,31,Female,Eastern,Rural,SHS,Single,1,No,12,No,Not in Labor Force,
3140,29,Male,Volta,Urban,JHS,Married,5,No,11,No,Not in Labor Force,
3141,18,Female,Upper West,Rural,SHS,Single,3,No,0,Yes,Employed,Agriculture
3144,35,Female,North East,Urban,Tertiary,Single,5,No,9,Yes,Employed,Informal Trade
3147,31,Male,Ashanti,Urban,JHS,Married,4,No,14,Yes,Employed,Informal Trade
3148,22,Female,Central,Urban,SHS,Single,5,No,3,No,Not in Labor Force,
3150,33,Female,Ahafo,Urban,SHS,Single,3,No,9,No,Not in Labor Force,
3151,32,Male,Central,Rural,,Married,7,No,16,No,Not in Labor Force,
3152,19,Male,Bono East,Urban,Tertiary,Single,2,No,0,Yes,Employed,Services
3154,29,Male,Greater Accra,Urban,Tertiary,Single,5,No,4,Yes,Employed,Industry
3156,31,Female,Western North,Rural,JHS,Married,7,No,15,Yes,Employed,Services
3157,34,Male,Eastern,Rural,SHS,Single,5,No,12,Yes,Employed,Agriculture
3158,22,Male,Bono East,Rural,,Married,6,No,15,Yes,Employed,Services
3159,25,Male,Northern,Rural,JHS,Single,4,No,8,Yes,Employed,Agriculture
3161,32,Female,Central,Rural,JHS,Single,4,No,13,Yes,Employed,Informal Trade
3163,19,Male,Western North,Rural,Primary,Married,9,No,5,Yes,Unemployed,
3164,32,Male,Northern,Rural,SHS,Divorced/Separated,4,No,10,Yes,Employed,Public Sector
3165,30,Female,Western North,Rural,,Single,3,No,23,Yes,Employed,Agriculture
3166,24,Female,Ashanti,Rural,SHS,Single,5,No,3,Yes,Employed,Agriculture
3167,27,Female,Upper West,Rural,JHS,Married,6,No,8,Yes,Employed,Agriculture
3168,23,Female,Eastern,Urban,JHS,Married,2,No,5,Yes,Unemployed,
3169,31,Female,Greater Accra,Urban,SHS,Single,7,No,11,Yes,Employed,Services
3170,31,Male,Volta,Rural,SHS,Single,4,No,12,No,Not in Labor Force,
3171,30,Male,Volta,Rural,Primary,Married,6,No,12,Yes,Employed,Industry
3172,35,Male,North East,Rural,JHS,Single,5,No,16,Yes,Unemployed,
3173,25,Male,Volta,Rural,Tertiary,Married,6,No,1,Yes,Employed,Agriculture
3175,29,Male,North East,Urban,Tertiary,Single,4,No,5,No,Not in Labor Force,
3176,26,Male,Ashanti,Urban,Primary,Married,3,No,11,Yes,Employed,Industry
3177,34,Male,Northern,Rural,JHS,Married,6,No,12,Yes,Employed,Agriculture
3178,34,Female,Eastern,Urban,,Married,6,No,21,No,Not in Labor Force,
3180,32,Male,Western,Rural,,Divorced/Separated,4,No,24,Yes,Employed,Agriculture
3181,29,Male,Volta,Urban,Tertiary,Divorced/Separated,7,No,5,Yes,Employed,Informal Trade
3182,20,Female,Bono East,Rural,SHS,Single,5,No,1,Yes,Employed,Industry
3183,29,Female,Oti,Rural,SHS,Single,8,No,10,Yes,Employed,Agriculture
3185,34,Female,Greater Accra,Urban,SHS,Married,6,No,10,Yes,Employed,Public Sector
3186,35,Female,Greater Accra,Urban,JHS,Divorced/Separated,6,No,13,Yes,Employed,Informal Trade
3188,32,Female,Savannah,Urban,JHS,Married,4,No,14,No,Not in Labor Force,
3189,34,Male,Greater Accra,Urban,Tertiary,Single,1,No,8,No,Not in Labor Force,
3190,19,Male,Northern,Rural,JHS,Single,4,No,2,Yes,Unemployed,
3191,26,Female,Oti,Rural,JHS,Single,5,No,7,No,Not in Labor Force,
3192,33,Female,Eastern,Urban,SHS,Single,4,No,13,Yes,Employed,Services
3194,29,Male,Greater Accra,Urban,SHS,Married,5,No,8,Yes,Employed,Services
3195,27,Male,Northern,Rural,,Married,4,No,13,Yes,Employed,Informal Trade
3196,31,Male,Western,Urban,Tertiary,Widowed,6,No,6,Yes,Employed,Public Sector
3199,30,Male,Ahafo,Rural,SHS,Married,4,No,8,Yes,Employed,Informal Trade
3200,31,Female,Ahafo,Rural,JHS,Single,8,No,9,Yes,Employed,Informal Trade
3201,20,Male,Volta,Urban,SHS,Single,4,No,1,Yes,Employed,Informal Trade
3202,32,Male,Central,Rural,JHS,Divorced/Separated,2,No,13,Yes,Unemployed,
3203,34,Male,Western,Urban,SHS,Single,4,No,11,Yes,Employed,Services
3204,27,Female,Greater Accra,Urban,JHS,Married,9,No,10,Yes,Unemployed,
3205,30,Male,Western North,Rural,JHS,Divorced/Separated,4,No,12,Yes,Employed,Industry
3207,24,Female,Greater Accra,Urban,Tertiary,Married,4,No,1,Yes,Unemployed,
3209,34,Female,Savannah,Urban,SHS,Single,3,No,14,Yes,Employed,Services
3212,20,Female,North East,Rural,JHS,Divorced/Separated,5,Yes,3,No,Not in Labor Force,
3216,27,Male,Northern,Rural,,Divorced/Separated,4,No,16,No,Not in Labor Force,
3217,26,Male,Greater Accra,Urban,,Single,11,No,20,Yes,Employed,Industry
3219,35,Female,Eastern,Urban,SHS,Married,6,Yes,16,Yes,Employed,Services
3221,29,Male,Eastern,Urban,Tertiary,Married,9,No,6,Yes,Employed,Services
3224,32,Male,Ashanti,Rural,SHS,Married,3,No,12,Yes,Employed,Services
3225,26,Male,Northern,Rural,JHS,Married,5,No,8,No,Not in Labor Force,
3226,24,Male,Greater Accra,Urban,JHS,Single,7,No,7,Yes,Employed,Services
3229,35,Male,Greater Accra,Urban,JHS,Married,6,No,12,No,Not in Labor Force,
3232,25,Male,Greater Accra,Urban,JHS,Single,2,No,8,Yes,Employed,Industry
3236,20,Male,Ashanti,Urban,JHS,Married,5,No,3,Yes,Employed,Industry
3237,33,Male,Greater Accra,Urban,SHS,Married,3,No,9,No,Not in Labor Force,
3238,32,Female,Northern,Rural,Primary,Divorced/Separated,5,No,15,Yes,Employed,Agriculture
3239,18,Male,Ashanti,Urban,SHS,Married,3,No,0,Yes,Employed,Services
3240,19,Female,Eastern,Urban,SHS,Married,4,No,0,Yes,Unemployed,
3241,24,Female,Upper East,Urban,Tertiary,Single,2,No,1,Yes,Unemployed,
3242,30,Male,Upper West,Rural,JHS,Married,4,No,11,Yes,Employed,Agriculture
3243,29,Male,Ashanti,Urban,SHS,Married,6,No,9,Yes,Employed,Services
3245,16,Male,Ashanti,Rural,JHS,Single,2,No,0,Yes,Employed,Industry
3247,21,Male,Upper East,Rural,SHS,Married,3,No,2,Yes,Employed,Agriculture
3248,25,Female,Eastern,Urban,SHS,Divorced/Separated,3,No,5,Yes,Employed,Public Sector
3250,25,Female,Northern,Urban,JHS,Married,7,No,9,Yes,Employed,Public Sector
3251,25,Male,Volta,Rural,SHS,Single,3,No,6,No,Not in Labor Force,
3252,26,Male,Eastern,Rural,JHS,Single,5,No,7,Yes,Employed,Informal Trade
3253,29,Male,Western,Rural,SHS,Widowed,9,No,8,Yes,Unemployed,
3256,24,Female,Ashanti,Urban,SHS,Married,5,No,4,Yes,Employed,Informal Trade
3259,19,Male,Greater Accra,Urban,SHS,Single,7,No,0,No,Not in Labor Force,
3260,30,Female,Ashanti,Urban,SHS,Divorced/Separated,6,No,7,Yes,Employed,Public Sector
3262,35,Male,Eastern,Rural,,Divorced/Separated,5,No,26,No,Not in Labor Force,
3264,35,Male,Upper West,Rural,SHS,Single,9,No,11,Yes,Unemployed,
3266,27,Female,Ashanti,Urban,SHS,Single,4,No,7,Yes,Employed,Services
3267,35,Female,Upper East,Rural,SHS,Married,5,No,14,No,Not in Labor Force,
3270,27,Male,Upper East,Rural,JHS,Single,4,No,7,Yes,Employed,Services
3271,24,Male,Greater Accra,Urban,JHS,Married,8,No,5,Yes,Unemployed,
3273,21,Male,Upper East,Rural,Primary,Married,5,No,8,No,Not in Labor Force,
3274,18,Female,Central,Rural,JHS,Single,2,No,1,Yes,Employed,Industry
3275,28,Female,Western,Urban,Tertiary,Single,9,No,4,No,Not in Labor Force,
3277,20,Male,Northern,Urban,SHS,Divorced/Separated,7,No,1,Yes,Employed,Industry
3278,29,Female,Bono,Urban,Tertiary,Single,6,No,5,Yes,Employed,Services
3279,27,Female,Bono,Urban,JHS,Divorced/Separated,4,No,8,Yes,Employed,Informal Trade
3281,19,Male,Savannah,Rural,JHS,Single,4,No,3,Yes,Employed,Informal Trade
3283,31,Female,Western,Rural,Primary,Married,7,No,14,Yes,Employed,Agriculture
3284,27,Female,Ashanti,Urban,SHS,Single,7,No,7,Yes,Unemployed,
3285,35,Male,Greater Accra,Urban,SHS,Married,4,No,13,Yes,Employed,Services
3287,32,Female,Ashanti,Urban,JHS,Divorced/Separated,6,No,13,Yes,Employed,Informal Trade
3289,19,Male,North East,Rural,JHS,Widowed,6,No,2,Yes,Employed,Informal Trade
3290,18,Female,Upper East,Rural,,Married,2,No,8,No,Not in Labor Force,
3292,27,Male,Greater Accra,Rural,,Single,7,No,18,Yes,Employed,Industry
3293,31,Male,Greater Accra,Urban,Primary,Single,3,No,12,Yes,Employed,Industry
3295,28,Female,Central,Rural,SHS,Married,10,No,7,No,Not in Labor Force,
3297,27,Male,Greater Accra,Urban,SHS,Divorced/Separated,4,No,6,No,Not in Labor Force,
3298,33,Female,Greater Accra,Urban,SHS,Married,6,No,9,Yes,Employed,Industry
3299,19,Female,Northern,Rural,JHS,Married,7,No,3,No,Not in Labor Force,
3303,19,Female,Ashanti,Urban,JHS,Single,3,No,2,Yes,Employed,Agriculture
3306,22,Female,Ashanti,Urban,SHS,Married,6,No,2,No,Not in Labor Force,
3309,16,Female,Greater Accra,Urban,SHS,Single,7,No,0,Yes,Employed,Services
3310,28,Male,Volta,Urban,SHS,Single,2,No,6,Yes,Employed,Services
3311,32,Female,Bono,Rural,Primary,Single,6,No,17,Yes,Employed,Informal Trade
3312,23,Male,Oti,Rural,JHS,Married,6,No,6,Yes,Employed,Agriculture
3313,18,Female,Ashanti,Rural,JHS,Married,4,No,2,Yes,Unemployed,
3315,20,Male,Central,Rural,JHS,Married,5,No,3,No,Not in Labor Force,
3316,31,Male,Ashanti,Rural,JHS,Married,6,No,10,Yes,Employed,Agriculture
3318,18,Male,Western,Urban,JHS,Married,4,No,2,No,Not in Labor Force,
3320,29,Male,Oti,Rural,JHS,Married,5,No,9,Yes,Employed,Public Sector
3321,25,Male,Central,Rural,Primary,Single,4,No,12,Yes,Employed,Agriculture
3323,26,Female,Ashanti,Rural,,Married,3,No,13,Yes,Employed,Agriculture
3329,30,Female,Greater Accra,Urban,Tertiary,Married,2,No,5,Yes,Unemployed,
3330,27,Male,Savannah,Rural,JHS,Married,8,No,7,Yes,Employed,Informal Trade
3331,26,Female,Ashanti,Rural,SHS,Married,4,No,5,Yes,Employed,Agriculture
3332,25,Male,Greater Accra,Urban,Tertiary,Single,4,No,2,Yes,Unemployed,
3333,33,Male,Western,Rural,SHS,Married,4,No,12,Yes,Employed,Agriculture
3334,21,Male,Northern,Urban,JHS,Single,6,No,4,Yes,Unemployed,
3335,33,Female,Western,Rural,SHS,Single,5,No,12,Yes,Employed,Informal Trade
3336,33,Female,Ahafo,Rural,Primary,Single,8,No,20,No,Not in Labor Force,
3337,23,Female,Ashanti,Rural,SHS,Single,6,No,3,Yes,Employed,Industry
3338,27,Female,Eastern,Rural,JHS,Divorced/Separated,4,No,8,Yes,Employed,Informal Trade
3339,26,Female,Greater Accra,Urban,,Single,3,No,16,No,Not in Labor Force,
3340,35,Female,Greater Accra,Urban,Tertiary,Single,5,No,10,No,Not in Labor Force,
3342,30,Male,Ashanti,Urban,SHS,Married,5,No,10,Yes,Unemployed,
3343,32,Male,Volta,Urban,Tertiary,Single,5,No,7,No,Not in Labor Force,
3345,19,Female,Bono East,Urban,SHS,Divorced/Separated,3,No,0,Yes,Employed,Services
3347,22,Female,Western,Rural,,Single,6,No,11,Yes,Employed,Services
3348,19,Male,Ashanti,Rural,JHS,Single,7,No,3,Yes,Employed,Services
3349,32,Female,Ashanti,Urban,SHS,Single,4,No,8,Yes,Employed,Services
3351,30,Female,Volta,Rural,JHS,Single,5,No,14,Yes,Employed,Informal Trade
3352,29,Female,Eastern,Rural,JHS,Single,5,No,12,Yes,Employed,Agriculture
3354,28,Female,Greater Accra,Urban,JHS,Married,6,No,8,Yes,Unemployed,
3355,25,Male,Greater Accra,Rural,Primary,Single,4,No,12,No,Not in Labor Force,
3356,22,Female,North East,Rural,JHS,Married,8,No,5,Yes,Unemployed,
3361,23,Female,Central,Urban,SHS,Married,7,No,3,Yes,Employed,Informal Trade
3362,35,Female,Greater Accra,Urban,Tertiary,Married,5,Yes,9,Yes,Employed,Services
3363,26,Male,Ahafo,Rural,JHS,Divorced/Separated,6,No,10,No,Not in Labor Force,
3365,31,Female,Western,Rural,,Married,7,No,17,Yes,Employed,Industry
3366,31,Female,Western,Rural,JHS,Married,6,No,15,Yes,Unemployed,
3368,33,Female,Volta,Rural,JHS,Married,5,No,12,No,Not in Labor Force,
3370,32,Female,Volta,Rural,Primary,Married,5,No,20,Yes,Employed,Agriculture
3375,20,Male,Greater Accra,Rural,Primary,Married,6,No,7,Yes,Employed,Agriculture
3376,23,Male,Northern,Rural,Primary,Married,5,No,7,No,Not in Labor Force,
3377,29,Female,Eastern,Urban,SHS,Single,4,No,8,Yes,Employed,Services
3380,18,Female,Northern,Rural,JHS,Single,3,No,2,Yes,Employed,Agriculture
3381,26,Female,Ashanti,Urban,SHS,Married,8,No,5,Yes,Employed,Informal Trade
3382,35,Male,Greater Accra,Urban,JHS,Single,5,No,14,No,Not in Labor Force,
3385,26,Female,Ashanti,Urban,Tertiary,Married,5,No,2,Yes,Employed,Services
3386,19,Male,Greater Accra,Urban,Tertiary,Married,4,No,0,No,Not in Labor Force,
3388,27,Male,Western North,Urban,JHS,Married,4,No,8,Yes,Employed,Industry
3390,19,Female,Ashanti,Rural,Tertiary,Single,2,No,0,Yes,Employed,Agriculture
3392,20,Male,Bono East,Urban,JHS,Married,4,No,3,Yes,Unemployed,
3393,27,Female,Northern,Rural,JHS,Married,4,No,11,No,Not in Labor Force,
3394,28,Male,Ashanti,Urban,SHS,Divorced/Separated,6,No,7,Yes,Employed,Informal Trade
3396,33,Male,Western North,Rural,JHS,Married,5,No,11,Yes,Employed,Services
3397,28,Male,Ashanti,Rural,SHS,Single,7,No,7,No,Not in Labor Force,
3398,34,Male,Ahafo,Urban,Primary,Married,2,No,14,Yes,Employed,Agriculture
3399,29,Male,Northern,Rural,SHS,Widowed,5,No,8,No,Not in Labor Force,
3400,31,Female,Bono East,Urban,JHS,Divorced/Separated,2,No,14,Yes,Employed,Informal Trade
3401,25,Male,Western,Urban,SHS,Married,4,No,4,Yes,Unemployed,
3403,21,Male,Central,Rural,JHS,Single,3,No,4,No,Not in Labor Force,
3404,35,Female,Ashanti,Rural,Primary,Widowed,8,No,15,Yes,Employed,Agriculture
3405,22,Male,Eastern,Urban,Primary,Married,7,No,8,No,Not in Labor Force,
3407,31,Female,Greater Accra,Urban,JHS,Single,4,No,13,Yes,Employed,Industry
3409,20,Male,Greater Accra,Urban,Primary,Married,2,No,6,Yes,Employed,Industry
3410,20,Female,Bono East,Rural,JHS,Married,5,No,3,Yes,Unemployed,
3412,25,Male,Central,Urban,SHS,Married,2,No,4,No,Not in Labor Force,
3414,29,Female,Central,Rural,SHS,Divorced/Separated,6,No,9,No,Not in Labor Force,
3415,22,Female,Ashanti,Urban,Primary,Married,3,No,8,Yes,Unemployed,
3420,26,Female,Ashanti,Urban,SHS,Married,5,No,5,Yes,Employed,Services
3421,23,Male,Oti,Urban,Tertiary,Married,5,No,0,Yes,Employed,Services
3422,25,Female,Volta,Rural,SHS,Married,1,No,5,No,Not in Labor Force,
3423,29,Female,Eastern,Rural,JHS,Married,4,No,13,No,Not in Labor Force,
3425,32,Female,Ashanti,Urban,SHS,Single,5,No,13,Yes,Employed,Informal Trade
3428,20,Female,Ashanti,Rural,JHS,Married,2,No,3,Yes,Employed,Agriculture
3429,34,Male,Ashanti,Rural,Primary,Married,2,Yes,20,Yes,Employed,Agriculture
3430,18,Male,Bono East,Rural,Primary,Married,9,Yes,6,Yes,Unemployed,
3431,35,Female,Upper West,Rural,Primary,Married,7,No,23,No,Not in Labor Force,
3433,28,Male,Greater Accra,Urban,SHS,Married,3,No,6,No,Not in Labor Force,
3434,18,Female,Greater Accra,Urban,SHS,Single,4,No,0,No,Not in Labor Force,
3435,28,Female,Ashanti,Urban,SHS,Married,2,No,6,Yes,Employed,Services
3437,26,Male,Northern,Rural,JHS,Married,8,No,6,Yes,Unemployed,
3438,16,Female,Greater Accra,Urban,Tertiary,Married,8,Yes,0,No,Not in Labor Force,
3441,22,Male,Ashanti,Rural,Primary,Married,7,No,9,Yes,Employed,Agriculture
3443,28,Male,Eastern,Rural,Primary,Single,4,No,16,Yes,Employed,Informal Trade
3447,31,Female,Northern,Rural,JHS,Single,4,Yes,12,No,Not in Labor Force,
3448,33,Male,Upper West,Rural,Primary,Married,5,No,20,Yes,Unemployed,
3450,32,Male,Ashanti,Rural,JHS,Single,4,No,10,No,Not in Labor Force,
3451,25,Female,Greater Accra,Urban,SHS,Married,7,Yes,5,No,Not in Labor Force,
3454,18,Male,Eastern,Rural,JHS,Single,8,No,1,Yes,Employed,Agriculture
3455,35,Male,Greater Accra,Urban,Tertiary,Divorced/Separated,2,No,11,No,Not in Labor Force,
3458,33,Male,Western,Urban,SHS,Single,6,No,13,No,Not in Labor Force,
3460,25,Female,Greater Accra,Urban,JHS,Single,7,No,8,No,Not in Labor Force,
3462,21,Female,Eastern,Rural,Primary,Single,5,No,6,No,Not in Labor Force,
3463,29,Male,Savannah,Rural,JHS,Married,10,No,9,Yes,Employed,Agriculture
3465,35,Male,Western,Rural,JHS,Married,6,No,18,No,Not in Labor Force,
3467,27,Male,Oti,Rural,JHS,Married,6,No,10,Yes,Employed,Agriculture
3468,25,Male,Bono East,Rural,,Single,6,No,15,Yes,Employed,Agriculture
3469,22,Male,Northern,Rural,Primary,Married,6,No,6,No,Not in Labor Force,
3471,23,Female,Northern,Rural,,Married,4,No,16,Yes,Employed,Informal Trade
3474,28,Male,Northern,Rural,Primary,Single,5,No,15,Yes,Employed,Agriculture
3475,29,Female,Volta,Rural,JHS,Married,5,No,8,Yes,Employed,Agriculture
3476,31,Male,Western North,Rural,JHS,Divorced/Separated,8,No,11,Yes,Employed,Agriculture
3480,26,Female,Western,Rural,JHS,Married,8,No,7,Yes,Employed,Industry
3482,30,Female,Ashanti,Rural,JHS,Married,7,No,12,Yes,Employed,Industry
3484,28,Male,Ashanti,Urban,SHS,Married,4,No,7,Yes,Employed,Public Sector
3489,20,Male,Greater Accra,Rural,Primary,Married,6,No,6,Yes,Employed,Services
3490,29,Female,Greater Accra,Urban,SHS,Married,4,No,6,Yes,Unemployed,
3491,29,Female,Eastern,Rural,Primary,Single,3,No,13,Yes,Employed,Public Sector
3494,28,Female,Ashanti,Urban,JHS,Single,3,No,11,Yes,Employed,Informal Trade
3495,29,Male,Bono East,Rural,JHS,Married,6,No,9,Yes,Employed,Agriculture
3497,30,Male,Ashanti,Urban,SHS,Single,8,No,7,No,Not in Labor Force,
3498,31,Male,Western,Rural,Primary,Married,3,No,17,Yes,Employed,Agriculture
3499,19,Female,Northern,Urban,SHS,Married,3,No,0,No,Not in Labor Force,
3500,34,Female,Ashanti,Rural,,Married,9,No,23,Yes,Employed,Public Sector
3501,29,Female,Northern,Urban,SHS,Single,6,No,9,Yes,Employed,Services
3504,27,Male,Upper East,Rural,SHS,Single,5,No,6,Yes,Employed,Agriculture
3506,35,Female,Greater Accra,Urban,,Married,6,No,23,Yes,Employed,Services
3508,35,Female,Volta,Rural,,Married,4,No,26,Yes,Employed,Industry
3509,20,Male,Northern,Rural,,Divorced/Separated,5,No,10,Yes,Employed,Informal Trade
3510,21,Female,Central,Urban,SHS,Married,5,No,2,Yes,Unemployed,
3512,25,Male,Greater Accra,Urban,SHS,Married,6,No,4,No,Not in Labor Force,
3513,28,Female,Greater Accra,Urban,Primary,Single,10,No,13,No,Not in Labor Force,
3518,26,Female,Western North,Rural,SHS,Married,5,No,6,Yes,Employed,Services
3519,29,Male,Greater Accra,Rural,,Single,10,No,16,Yes,Employed,Agriculture
3520,30,Male,Greater Accra,Urban,SHS,Divorced/Separated,4,No,11,Yes,Employed,Public Sector
3521,28,Female,Bono East,Urban,Tertiary,Single,4,No,4,Yes,Employed,Public Sector
3522,20,Female,Ashanti,Rural,Tertiary,Single,4,No,0,No,Not in Labor Force,
3523,17,Male,Western,Urban,JHS,Single,6,No,1,No,Not in Labor Force,
3526,31,Male,Greater Accra,Urban,JHS,Married,4,No,11,Yes,Employed,Informal Trade
3528,24,Female,Upper East,Urban,Tertiary,Single,7,No,1,Yes,Employed,Public Sector
3531,27,Female,Northern,Rural,JHS,Married,7,No,7,No,Not in Labor Force,
3534,21,Female,Ashanti,Urban,Tertiary,Married,5,No,0,No,Not in Labor Force,
3535,20,Male,Northern,Rural,SHS,Married,9,No,1,No,Not in Labor Force,
3536,21,Female,Greater Accra,Urban,JHS,Married,7,No,4,Yes,Unemployed,
3537,35,Male,Ashanti,Rural,SHS,Married,1,No,13,Yes,Unemployed,
3538,28,Female,Northern,Urban,JHS,Single,4,No,11,Yes,Employed,Public Sector
3542,29,Male,Greater Accra,Urban,JHS,Divorced/Separated,3,No,11,No,Not in Labor Force,
3544,32,Female,Greater Accra,Urban,SHS,Married,8,No,8,Yes,Employed,Industry
3547,30,Female,Ahafo,Rural,,Divorced/Separated,6,No,24,Yes,Employed,Public Sector
3549,20,Male,Northern,Urban,JHS,Single,2,No,2,Yes,Employed,Informal Trade
3552,21,Female,Oti,Rural,Primary,Married,4,No,9,No,Not in Labor Force,
3553,29,Female,Savannah,Rural,Tertiary,Married,8,No,6,Yes,Unemployed,
3555,27,Female,Ashanti,Urban,SHS,Single,6,No,6,No,Not in Labor Force,
3557,25,Female,Oti,Rural,SHS,Divorced/Separated,5,No,4,Yes,Unemployed,
3558,28,Female,Ashanti,Urban,Tertiary,Single,5,No,4,No,Not in Labor Force,
3560,35,Female,Central,Urban,SHS,Widowed,6,No,10,Yes,Employed,Services
3561,25,Female,Northern,Rural,SHS,Single,6,No,4,Yes,Employed,Informal Trade
3562,29,Male,Ashanti,Urban,Tertiary,Divorced/Separated,3,No,6,Yes,Unemployed,
3567,32,Female,Western North,Rural,Tertiary,Divorced/Separated,6,No,6,No,Not in Labor Force,
3568,23,Male,Eastern,Rural,JHS,Married,9,No,5,Yes,Unemployed,
3570,20,Male,Northern,Rural,JHS,Single,6,No,2,Yes,Employed,Agriculture
3571,27,Female,Ashanti,Rural,JHS,Married,3,No,10,Yes,Employed,Informal Trade
3572,23,Male,Upper East,Rural,SHS,Single,5,No,4,Yes,Employed,Services
3573,23,Male,Bono East,Rural,,Single,3,No,16,No,Not in Labor Force,
3577,23,Female,Eastern,Rural,JHS,Married,9,No,6,Yes,Employed,Agriculture
3578,34,Female,Ashanti,Urban,SHS,Married,4,No,13,Yes,Employed,Services
3580,20,Male,Ashanti,Urban,JHS,Single,6,No,3,No,Not in Labor Force,
3581,23,Female,Bono,Rural,Tertiary,Single,7,No,0,Yes,Employed,Informal Trade
3582,31,Male,Western,Rural,JHS,Married,2,No,14,Yes,Employed,Agriculture
3584,16,Female,Greater Accra,Urban,Tertiary,Married,3,No,0,No,Not in Labor Force,
3585,17,Female,Ashanti,Rural,,Single,5,No,10,Yes,Employed,Agriculture
3587,18,Male,Northern,Rural,,Single,6,No,11,No,Not in Labor Force,
3588,22,Male,Savannah,Rural,SHS,Single,4,No,3,Yes,Employed,Agriculture
3589,35,Male,Greater Accra,Rural,JHS,Divorced/Separated,5,No,13,Yes,Employed,Agriculture
3590,27,Female,Western North,Rural,Primary,Single,5,No,11,No,Not in Labor Force,
3591,23,Female,Ashanti,Urban,SHS,Single,4,No,4,No,Not in Labor Force,
3592,21,Female,Savannah,Rural,SHS,Married,2,No,2,Yes,Employed,Industry
3593,35,Female,Greater Accra,Urban,Tertiary,Single,5,No,10,Yes,Employed,Services
3595,15,Female,Upper East,Rural,JHS,Married,4,No,0,Yes,Unemployed,
3596,29,Female,Ashanti,Urban,JHS,Married,6,No,10,Yes,Unemployed,
3599,31,Male,Ashanti,Urban,SHS,Married,6,No,8,No,Not in Labor Force,
3600,27,Female,Greater Accra,Urban,Primary,Married,8,No,11,No,Not in Labor Force,
3601,34,Male,Greater Accra,Urban,SHS,Married,5,No,11,Yes,Employed,Services
3602,19,Female,Greater Accra,Urban,Tertiary,Single,4,No,0,No,Not in Labor Force,
3606,25,Female,Greater Accra,Urban,Tertiary,Single,4,No,2,No,Not in Labor Force,
3610,28,Female,Eastern,Urban,,Married,4,No,18,No,Not in Labor Force,
3611,34,Female,Ashanti,Urban,JHS,Married,6,No,12,Yes,Employed,Services
3612,22,Male,Upper East,Urban,JHS,Single,6,No,5,Yes,Employed,Services
3613,34,Female,Greater Accra,Urban,Primary,Married,7,No,13,No,Not in Labor Force,
3614,21,Female,Northern,Rural,JHS,Widowed,4,No,5,No,Not in Labor Force,
3615,35,Female,Greater Accra,Urban,Primary,Single,7,No,19,Yes,Employed,Informal Trade
3616,29,Female,Greater Accra,Urban,SHS,Married,4,No,6,Yes,Employed,Agriculture
3617,27,Male,Oti,Rural,,Divorced/Separated,4,No,18,Yes,Employed,Informal Trade
3618,33,Male,Greater Accra,Urban,JHS,Divorced/Separated,8,No,11,No,Not in Labor Force,
3619,31,Female,Ashanti,Rural,JHS,Married,2,No,13,Yes,Employed,Agriculture
3621,29,Female,Northern,Rural,Tertiary,Single,3,No,5,Yes,Employed,Services
3622,17,Female,Upper East,Rural,,Married,7,No,10,Yes,Employed,Agriculture
3623,34,Female,Greater Accra,Urban,JHS,Married,6,No,17,Yes,Employed,Services
3624,22,Male,Central,Rural,Primary,Single,7,No,8,Yes,Employed,Public Sector
3626,30,Female,Upper West,Urban,SHS,Married,7,No,11,Yes,Employed,Informal Trade
3628,35,Female,Greater Accra,Urban,SHS,Single,4,No,10,Yes,Unemployed,
3630,31,Male,Eastern,Urban,SHS,Single,6,No,11,Yes,Employed,Services
3631,22,Female,Central,Rural,Primary,Divorced/Separated,2,No,7,No,Not in Labor Force,
3633,22,Female,Western North,Rural,SHS,Single,5,No,2,Yes,Employed,Agriculture
3634,29,Female,Northern,Rural,Primary,Divorced/Separated,4,No,17,Yes,Employed,Informal Trade
3635,17,Male,Central,Rural,JHS,Married,3,No,1,No,Not in Labor Force,
3638,31,Male,Central,Urban,,Married,2,No,20,Yes,Unemployed,
3639,31,Male,Greater Accra,Urban,Tertiary,Married,5,No,7,No,Not in Labor Force,
3640,33,Female,Northern,Urban,Tertiary,Single,4,No,6,Yes,Employed,Services
3641,33,Female,Upper West,Urban,Tertiary,Single,2,No,7,No,Not in Labor Force,
3648,21,Female,Ashanti,Rural,JHS,Divorced/Separated,3,No,5,Yes,Unemployed,
3649,31,Female,Greater Accra,Urban,JHS,Married,8,No,14,No,Not in Labor Force,
3650,32,Male,Bono,Rural,Primary,Single,5,No,17,Yes,Employed,Agriculture
3651,21,Male,Ashanti,Urban,SHS,Widowed,4,No,2,Yes,Employed,Industry
3653,32,Female,Upper East,Rural,JHS,Single,4,No,15,No,Not in Labor Force,
3654,26,Male,Eastern,Urban,SHS,Single,6,No,5,No,Not in Labor Force,
3655,30,Male,Eastern,Urban,Tertiary,Divorced/Separated,8,No,6,No,Not in Labor Force,
3656,18,Female,Greater Accra,Urban,JHS,Married,6,No,2,Yes,Employed,Industry
3659,29,Male,North East,Rural,Primary,Married,5,No,14,Yes,Employed,Informal Trade
3660,24,Female,Ashanti,Rural,Primary,Married,4,No,11,No,Not in Labor Force,
3662,17,Female,Greater Accra,Urban,SHS,Single,8,No,0,Yes,Employed,Informal Trade
3663,31,Male,Central,Rural,Primary,Single,4,No,14,No,Not in Labor Force,
3664,20,Male,Greater Accra,Urban,,Married,8,No,14,Yes,Employed,Services
3665,19,Female,Upper West,Rural,Primary,Single,2,No,6,Yes,Employed,Agriculture
3666,32,Female,Bono East,Rural,Primary,Single,2,No,13,No,Not in Labor Force,
3668,31,Female,Bono,Rural,JHS,Married,3,No,12,Yes,Employed,Industry
3669,26,Female,Greater Accra,Urban,JHS,Married,4,No,10,No,Not in Labor Force,
3670,20,Female,Western,Rural,JHS,Divorced/Separated,8,No,3,No,Not in Labor Force,
3672,18,Male,Western,Rural,Primary,Divorced/Separated,4,No,5,No,Not in Labor Force,
3674,25,Female,Northern,Urban,Primary,Divorced/Separated,9,No,12,No,Not in Labor Force,
3676,29,Female,Oti,Rural,,Single,6,No,15,No,Not in Labor Force,
3679,34,Male,Bono,Rural,JHS,Single,4,No,18,No,Not in Labor Force,
3680,33,Female,Western,Rural,JHS,Single,7,No,16,Yes,Employed,Agriculture
3681,20,Female,Eastern,Rural,SHS,Married,5,No,1,Yes,Employed,Agriculture
3683,35,Male,Greater Accra,Urban,JHS,Single,6,No,13,Yes,Unemployed,
3685,19,Female,Eastern,Rural,JHS,Single,4,Yes,2,No,Not in Labor Force,
3686,21,Female,Ashanti,Urban,SHS,Married,5,No,2,Yes,Employed,Services
3687,18,Female,North East,Rural,SHS,Single,5,No,0,Yes,Employed,Informal Trade
3692,23,Female,Greater Accra,Urban,JHS,Widowed,3,No,7,Yes,Unemployed,
3694,28,Male,Greater Accra,Urban,SHS,Married,3,No,7,No,Not in Labor Force,
3695,35,Female,Greater Accra,Urban,SHS,Married,4,No,11,Yes,Employed,Services
3696,24,Female,Eastern,Urban,SHS,Single,1,No,3,No,Not in Labor Force,
3697,22,Female,North East,Rural,Primary,Married,5,No,9,No,Not in Labor Force,
3698,27,Female,Ashanti,Urban,JHS,Married,6,No,11,Yes,Unemployed,
3699,33,Female,Western,Rural,JHS,Married,2,No,16,Yes,Employed,Informal Trade
3701,16,Male,Eastern,Urban,JHS,Single,7,No,0,No,Not in Labor Force,
3702,26,Female,Ashanti,Urban,SHS,Married,6,No,7,No,Not in Labor Force,
3704,23,Female,Central,Urban,Tertiary,Single,5,No,0,Yes,Employed,Informal Trade
3707,27,Female,Volta,Rural,JHS,Married,6,No,7,No,Not in Labor Force,
3709,32,Female,Upper East,Rural,Primary,Divorced/Separated,4,No,12,No,Not in Labor Force,
3710,33,Male,Central,Urban,JHS,Single,1,No,14,Yes,Employed,Public Sector
3711,31,Male,Greater Accra,Urban,JHS,Married,6,No,14,Yes,Employed,Industry
3718,27,Male,Volta,Urban,SHS,Married,4,No,8,No,Not in Labor Force,
3719,24,Male,Ashanti,Urban,SHS,Single,4,No,5,No,Not in Labor Force,
3720,25,Female,Oti,Rural,JHS,Single,5,Yes,7,No,Not in Labor Force,
3722,29,Female,Northern,Rural,JHS,Married,5,No,10,Yes,Employed,Public Sector
3723,31,Female,Greater Accra,Urban,JHS,Single,6,No,10,Yes,Employed,Services
3724,34,Male,Central,Urban,Primary,Single,4,No,15,Yes,Employed,Informal Trade
3726,31,Male,Western,Urban,SHS,Married,2,No,9,No,Not in Labor Force,
3727,31,Male,Eastern,Urban,JHS,Married,7,Yes,9,Yes,Employed,Industry
3728,30,Male,Volta,Urban,Tertiary,Single,3,No,6,No,Not in Labor Force,
3729,17,Male,Western,Rural,Primary,Single,4,No,5,No,Not in Labor Force,
3730,29,Female,Greater Accra,Urban,Primary,Married,7,No,11,No,Not in Labor Force,
3732,18,Male,Greater Accra,Urban,Tertiary,Married,3,No,0,No,Not in Labor Force,
3733,27,Female,Upper West,Urban,JHS,Single,7,No,9,No,Not in Labor Force,
3735,33,Male,Upper East,Rural,JHS,Married,6,No,12,Yes,Employed,Agriculture
3737,19,Female,Ashanti,Rural,JHS,Married,2,No,3,No,Not in Labor Force,
3739,21,Female,Volta,Rural,JHS,Single,4,No,4,No,Not in Labor Force,
3741,30,Female,Volta,Urban,SHS,Married,3,No,8,Yes,Unemployed,
3743,23,Male,Central,Rural,SHS,Married,1,No,3,No,Not in Labor Force,
3746,31,Female,Upper West,Urban,SHS,Married,9,No,8,Yes,Employed,Services
3748,23,Male,Ashanti,Urban,Tertiary,Single,7,No,0,Yes,Employed,Informal Trade
3749,32,Female,Western North,Rural,,Single,6,No,22,Yes,Employed,Agriculture
3750,27,Male,Bono,Urban,Primary,Married,3,No,12,Yes,Employed,Public Sector
3751,28,Male,Central,Rural,,Married,6,No,19,No,Not in Labor Force,
3752,28,Female,Central,Urban,SHS,Single,6,No,6,Yes,Employed,Services
3754,35,Male,Ashanti,Urban,JHS,Widowed,3,No,16,No,Not in Labor Force,
3755,29,Male,Ashanti,Rural,Primary,Married,4,No,11,No,Not in Labor Force,
3758,32,Female,Western,Rural,JHS,Single,6,No,10,Yes,Employed,Agriculture
3759,20,Female,Northern,Rural,SHS,Married,6,No,1,No,Not in Labor Force,
3760,27,Male,Volta,Urban,JHS,Married,6,No,10,Yes,Employed,Industry
3762,17,Female,Ashanti,Urban,Primary,Single,2,No,5,No,Not in Labor Force,
3763,24,Female,Ashanti,Rural,SHS,Single,3,No,3,Yes,Employed,Agriculture
3766,30,Male,North East,Rural,JHS,Single,6,No,13,No,Not in Labor Force,
3768,35,Female,Upper East,Rural,Primary,Single,8,No,14,No,Not in Labor Force,
3769,30,Female,Western North,Rural,JHS,Married,5,No,13,Yes,Employed,Agriculture
3771,23,Male,Ashanti,Urban,JHS,Married,5,No,5,Yes,Employed,Services
3772,34,Male,Greater Accra,Urban,JHS,Married,2,No,11,Yes,Employed,Public Sector
3776,32,Male,Central,Rural,Tertiary,Married,8,No,6,Yes,Employed,Informal Trade
3781,23,Female,Central,Rural,Primary,Married,5,No,8,Yes,Unemployed,
3783,27,Male,Ashanti,Urban,SHS,Widowed,5,No,7,Yes,Unemployed,
3784,26,Male,Greater Accra,Urban,SHS,Single,2,No,6,No,Not in Labor Force,
3786,32,Male,Western North,Rural,,Married,9,No,17,No,Not in Labor Force,
3787,26,Male,Greater Accra,Urban,Primary,Single,5,No,13,Yes,Employed,Public Sector
3788,19,Female,Western,Rural,,Married,4,No,12,Yes,Employed,Agriculture
3789,32,Female,Greater Accra,Urban,Tertiary,Single,6,No,7,Yes,Employed,Informal Trade
3791,17,Female,Volta,Rural,JHS,Married,10,No,1,Yes,Unemployed,
3792,22,Male,Western North,Rural,JHS,Married,7,No,4,No,Not in Labor Force,
3793,30,Male,Ashanti,Urban,Tertiary,Single,8,No,5,No,Not in Labor Force,
3795,34,Male,Upper West,Rural,Primary,Married,4,No,14,Yes,Employed,Agriculture
3796,25,Male,Volta,Rural,Tertiary,Married,5,No,2,Yes,Employed,Agriculture
3797,24,Male,Bono East,Urban,JHS,Married,8,No,5,No,Not in Labor Force,
3798,31,Female,Greater Accra,Urban,SHS,Single,5,No,12,Yes,Employed,Informal Trade
3804,30,Male,Greater Accra,Rural,SHS,Married,5,No,8,Yes,Employed,Informal Trade
3805,33,Female,Western North,Rural,Primary,Single,6,No,19,Yes,Employed,Agriculture
3807,30,Female,Bono,Urban,JHS,Single,5,No,13,Yes,Employed,Services
3811,34,Male,Central,Urban,Tertiary,Married,6,No,10,Yes,Employed,Services
3814,19,Female,Greater Accra,Rural,JHS,Single,3,No,3,Yes,Employed,Agriculture
3817,23,Male,Northern,Rural,JHS,Widowed,5,No,6,Yes,Employed,Agriculture
3818,22,Male,Ashanti,Urban,,Single,1,Yes,16,Yes,Unemployed,
3819,30,Female,Northern,Rural,SHS,Single,8,No,9,Yes,Employed,Agriculture
3820,35,Female,Northern,Rural,JHS,Single,6,No,17,Yes,Employed,Informal Trade
3821,30,Male,North East,Urban,Tertiary,Married,8,No,7,Yes,Employed,Services
3822,30,Male,Ashanti,Rural,Primary,Single,5,No,16,Yes,Employed,Agriculture
3823,34,Female,Ashanti,Rural,SHS,Married,3,No,13,Yes,Employed,Agriculture
3824,22,Female,Central,Rural,Primary,Single,6,No,7,No,Not in Labor Force,
3825,24,Male,Northern,Rural,,Widowed,3,No,15,No,Not in Labor Force,
3826,18,Male,Central,Rural,SHS,Single,3,No,0,No,Not in Labor Force,
3828,27,Male,Oti,Rural,JHS,Widowed,4,No,8,Yes,Employed,Agriculture
3833,25,Male,Western North,Rural,SHS,Single,9,No,5,Yes,Employed,Agriculture
3836,19,Female,Western,Rural,,Married,6,No,12,No,Not in Labor Force,
3837,30,Female,Western North,Rural,,Single,1,No,24,Yes,Employed,Informal Trade
3838,21,Male,Ashanti,Rural,JHS,Married,4,No,5,Yes,Employed,Services
3840,29,Male,Northern,Rural,Primary,Married,5,No,10,Yes,Employed,Agriculture
3841,27,Female,Greater Accra,Urban,SHS,Single,5,No,8,Yes,Employed,Services
3843,28,Male,Western North,Rural,SHS,Married,6,No,8,Yes,Employed,Agriculture
3846,27,Female,Bono East,Urban,SHS,Widowed,4,No,6,Yes,Employed,Industry
3850,34,Female,Ashanti,Urban,SHS,Single,9,No,12,Yes,Employed,Industry
3851,20,Female,Ashanti,Rural,SHS,Single,5,No,1,No,Not in Labor Force,
3853,33,Male,Oti,Rural,Primary,Single,5,No,17,Yes,Employed,Industry
3854,32,Male,Upper East,Rural,Primary,Single,3,No,15,Yes,Employed,Industry
3855,18,Female,Greater Accra,Urban,JHS,Single,4,No,2,No,Not in Labor Force,
3856,32,Male,Ashanti,Rural,JHS,Single,1,No,10,No,Not in Labor Force,
3857,29,Male,Ahafo,Urban,JHS,Single,3,No,12,Yes,Employed,Industry
3858,25,Female,Bono,Rural,,Married,5,No,18,Yes,Employed,Agriculture
3859,29,Male,Ashanti,Urban,Primary,Married,4,No,12,No,Not in Labor Force,
3862,20,Female,Greater Accra,Urban,Primary,Married,3,No,6,Yes,Unemployed,
3863,32,Female,Ahafo,Rural,Primary,Married,4,No,13,Yes,Employed,Agriculture
3866,27,Male,Central,Rural,JHS,Single,3,No,10,Yes,Employed,Informal Trade
3867,35,Male,Central,Urban,Tertiary,Married,5,No,9,Yes,Employed,Services
3868,21,Female,North East,Rural,JHS,Single,5,No,5,Yes,Employed,Agriculture
3873,33,Female,Upper East,Urban,JHS,Single,5,No,12,Yes,Employed,Public Sector
3874,32,Female,Northern,Rural,Primary,Married,11,No,13,Yes,Employed,Informal Trade
3882,22,Male,Ashanti,Rural,,Divorced/Separated,4,No,10,No,Not in Labor Force,
3886,32,Male,Savannah,Rural,,Married,4,No,18,No,Not in Labor Force,
3887,29,Female,Eastern,Rural,JHS,Divorced/Separated,5,No,11,Yes,Employed,Informal Trade
3889,23,Male,Greater Accra,Urban,Primary,Divorced/Separated,3,No,8,Yes,Employed,Services
3890,29,Male,Ashanti,Urban,Tertiary,Single,2,No,4,Yes,Employed,Industry
3892,32,Male,Eastern,Urban,Primary,Married,4,No,16,Yes,Employed,Services
3893,34,Male,Savannah,Rural,Primary,Widowed,3,No,14,Yes,Employed,Agriculture
3897,30,Male,Greater Accra,Urban,Tertiary,Divorced/Separated,4,No,6,Yes,Employed,Services
3898,17,Female,Western,Rural,Primary,Married,4,No,5,No,Not in Labor Force,
3899,16,Female,Greater Accra,Urban,Tertiary,Single,5,No,0,Yes,Employed,Agriculture
3901,25,Female,Upper West,Rural,Primary,Married,3,No,10,Yes,Employed,Agriculture
3902,19,Male,Ashanti,Rural,JHS,Divorced/Separated,4,No,2,No,Not in Labor Force,
3903,31,Female,Western North,Urban,SHS,Single,3,No,10,Yes,Employed,Public Sector
3905,30,Female,Ashanti,Urban,SHS,Single,6,No,10,Yes,Employed,Informal Trade
3906,32,Female,Western,Urban,Tertiary,Married,5,No,6,Yes,Employed,Services
3908,23,Male,Volta,Urban,Primary,Single,2,No,8,No,Not in Labor Force,
3909,20,Female,Eastern,Urban,SHS,Single,5,Yes,1,Yes,Unemployed,
3911,24,Male,Oti,Rural,JHS,Married,4,No,7,Yes,Unemployed,
3912,19,Female,Greater Accra,Urban,JHS,Single,2,No,2,Yes,Unemployed,
3914,32,Male,Greater Accra,Urban,Primary,Married,2,No,13,Yes,Employed,Informal Trade
3916,28,Female,Greater Accra,Rural,,Single,5,No,14,Yes,Unemployed,
3917,21,Male,Greater Accra,Urban,SHS,Married,3,No,1,Yes,Employed,Services
3918,22,Male,Greater Accra,Urban,SHS,Single,4,No,3,No,Not in Labor Force,
3922,32,Female,Central,Urban,JHS,Single,3,No,16,Yes,Employed,Industry
3923,23,Male,Greater Accra,Urban,JHS,Married,4,No,7,Yes,Employed,Informal Trade
3924,35,Female,Western North,Urban,SHS,Single,3,No,13,Yes,Employed,Public Sector
3926,26,Male,Western North,Rural,SHS,Married,5,Yes,7,Yes,Employed,Services
3931,25,Male,Upper West,Rural,JHS,Single,4,No,6,Yes,Unemployed,
3932,21,Female,Central,Rural,Primary,Single,5,No,7,No,Not in Labor Force,
3935,23,Female,Ashanti,Urban,JHS,Single,7,No,6,No,Not in Labor Force,
3939,22,Male,Ashanti,Urban,Primary,Married,4,No,6,Yes,Unemployed,
3942,34,Male,Greater Accra,Urban,Tertiary,Single,5,No,11,No,Not in Labor Force,
3943,35,Female,Greater Accra,Urban,SHS,Married,3,No,13,Yes,Employed,Services
3944,32,Male,Eastern,Rural,SHS,Married,6,No,9,Yes,Unemployed,
3946,18,Female,Western North,Urban,SHS,Single,4,No,0,Yes,Unemployed,
3947,32,Male,Eastern,Rural,JHS,Married,5,No,15,Yes,Employed,Agriculture
3949,26,Female,Greater Accra,Urban,,Married,5,No,13,Yes,Employed,Services
3953,34,Male,Greater Accra,Urban,JHS,Single,8,No,11,Yes,Employed,Services
3955,28,Female,Northern,Rural,,Married,6,No,16,Yes,Employed,Services
3957,21,Male,Central,Rural,Primary,Single,3,No,8,No,Not in Labor Force,
3960,24,Female,Greater Accra,Urban,Primary,Married,2,No,11,No,Not in Labor Force,
3962,34,Female,Greater Accra,Urban,SHS,Single,4,No,15,Yes,Employed,Public Sector
3963,32,Female,Bono,Urban,SHS,Married,4,No,9,Yes,Employed,Informal Trade
3964,31,Male,Northern,Urban,Primary,Single,3,No,14,Yes,Employed,Industry
3965,31,Female,Bono East,Rural,JHS,Married,10,No,12,Yes,Unemployed,
3968,18,Male,Upper East,Rural,SHS,Single,4,No,0,No,Not in Labor Force,
3969,22,Male,Central,Rural,Primary,Married,7,No,9,Yes,Employed,Agriculture
3970,20,Male,Upper West,Rural,JHS,Married,5,No,3,No,Not in Labor Force,
3972,35,Male,Northern,Rural,Primary,Widowed,5,No,21,No,Not in Labor Force,
3973,24,Female,Ashanti,Urban,JHS,Single,10,No,8,Yes,Employed,Industry
3974,32,Female,Northern,Rural,JHS,Single,4,No,12,Yes,Employed,Industry
3976,23,Male,Ashanti,Urban,Tertiary,Married,4,No,0,Yes,Employed,Public Sector
3977,34,Female,Northern,Urban,JHS,Married,7,No,16,Yes,Unemployed,
3979,16,Female,Volta,Rural,JHS,Married,6,No,0,No,Not in Labor Force,
3983,30,Male,Western,Rural,JHS,Single,5,No,14,Yes,Employed,Agriculture
3984,33,Female,Volta,Urban,Tertiary,Widowed,4,No,8,Yes,Unemployed,
3985,27,Female,Ahafo,Urban,SHS,Divorced/Separated,6,No,5,Yes,Employed,Services
3988,26,Male,Greater Accra,Urban,JHS,Single,5,No,6,Yes,Employed,Public Sector
3989,35,Male,Central,Rural,SHS,Married,7,No,11,Yes,Employed,Industry
3990,32,Female,Greater Accra,Urban,SHS,Married,3,No,9,No,Not in Labor Force,
3993,35,Female,Northern,Rural,Primary,Single,7,No,18,No,Not in Labor Force,
3994,24,Male,Western,Rural,JHS,Single,7,No,6,Yes,Unemployed,
3995,27,Male,Ashanti,Urban,JHS,Single,5,No,11,Yes,Employed,Services
3996,33,Female,Oti,Rural,JHS,Single,6,No,13,Yes,Employed,Agriculture
4000,23,Female,Ashanti,Urban,JHS,Married,8,No,7,No,Not in Labor Force,
4002,35,Male,Greater Accra,Urban,Tertiary,Divorced/Separated,7,No,8,No,Not in Labor Force,
4004,31,Female,Western,Urban,SHS,Single,6,No,10,Yes,Employed,Industry
4009,18,Male,Greater Accra,Urban,Primary,Married,4,No,6,Yes,Unemployed,
4010,26,Female,Central,Urban,SHS,Single,5,No,5,Yes,Employed,Services
4011,31,Female,Bono,Rural,,Single,7,No,24,Yes,Employed,Agriculture
4012,27,Female,Western North,Rural,,Single,4,No,14,Yes,Employed,Informal Trade
4013,25,Male,Ashanti,Rural,,Married,5,No,19,Yes,Employed,Agriculture
4014,23,Male,Bono,Rural,SHS,Married,9,No,4,Yes,Employed,Informal Trade
4017,19,Female,Bono,Rural,JHS,Married,2,No,2,Yes,Employed,Agriculture
4018,35,Male,Greater Accra,Urban,Primary,Married,5,No,20,No,Not in Labor Force,
4019,28,Female,Oti,Rural,JHS,Single,8,No,11,Yes,Unemployed,
4022,23,Female,Western,Rural,JHS,Married,8,No,5,No,Not in Labor Force,
4023,30,Male,Central,Rural,JHS,Single,5,No,9,Yes,Employed,Services
4024,27,Male,Ashanti,Urban,JHS,Single,4,No,9,Yes,Employed,Public Sector
4025,28,Male,Greater Accra,Urban,JHS,Single,4,No,9,Yes,Employed,Informal Trade
4026,21,Male,Bono,Rural,,Divorced/Separated,3,No,12,Yes,Unemployed,
4028,27,Male,Central,Urban,SHS,Divorced/Separated,3,No,6,Yes,Employed,Services
4029,33,Female,Upper East,Rural,Primary,Single,5,No,19,No,Not in Labor Force,
4030,26,Male,Western North,Urban,SHS,Married,6,No,5,Yes,Unemployed,
4035,34,Female,Ashanti,Rural,,Married,8,No,27,Yes,Employed,Informal Trade
4038,26,Female,Eastern,Rural,Primary,Single,5,No,10,Yes,Employed,Services
4039,30,Male,Bono East,Rural,JHS,Widowed,5,No,12,Yes,Unemployed,
4041,24,Male,Western,Urban,JHS,Divorced/Separated,1,No,6,Yes,Unemployed,
4042,17,Male,Bono East,Urban,Tertiary,Single,8,No,0,No,Not in Labor Force,
4043,27,Female,Ashanti,Rural,SHS,Married,5,No,6,Yes,Employed,Agriculture
4047,21,Female,Central,Rural,JHS,Single,4,No,5,Yes,Employed,Industry
4048,21,Male,Ashanti,Rural,Primary,Single,4,No,7,Yes,Employed,Public Sector
4049,24,Female,Northern,Rural,JHS,Married,3,No,7,Yes,Unemployed,
4052,18,Male,Central,Rural,,Married,9,No,11,Yes,Employed,Agriculture
4056,30,Female,Western North,Urban,JHS,Divorced/Separated,3,No,10,Yes,Employed,Industry
4057,22,Female,Northern,Rural,JHS,Single,6,No,6,Yes,Unemployed,
4058,29,Male,Eastern,Rural,SHS,Married,5,No,9,Yes,Employed,Agriculture
4059,32,Male,Eastern,Rural,SHS,Married,4,No,9,Yes,Employed,Informal Trade
4061,22,Male,Central,Urban,Tertiary,Married,4,No,0,No,Not in Labor Force,
4063,30,Male,Central,Rural,SHS,Widowed,2,No,8,Yes,Employed,Informal Trade
4065,33,Male,Ashanti,Rural,JHS,Widowed,5,No,12,Yes,Employed,Industry
4067,35,Male,Ashanti,Rural,JHS,Single,4,No,14,Yes,Employed,Agriculture
4068,19,Female,Greater Accra,Urban,Primary,Single,5,No,6,Yes,Employed,Services
4070,31,Male,Savannah,Urban,Tertiary,Divorced/Separated,2,No,8,Yes,Employed,Informal Trade
4071,28,Female,Ashanti,Urban,Tertiary,Married,2,No,3,No,Not in Labor Force,
4072,27,Female,Bono East,Rural,JHS,Married,6,Yes,9,No,Not in Labor Force,
4075,24,Female,Volta,Rural,,Married,5,No,11,No,Not in Labor Force,
4076,25,Female,Ashanti,Urban,SHS,Single,6,No,4,No,Not in Labor Force,
4080,25,Male,Bono East,Rural,Primary,Married,5,No,9,Yes,Employed,Agriculture
4083,32,Female,Upper West,Rural,JHS,Widowed,6,No,16,Yes,Employed,Agriculture
4085,35,Male,Ashanti,Urban,SHS,Married,5,No,11,Yes,Employed,Industry
4086,23,Female,Ashanti,Urban,Primary,Married,6,No,10,Yes,Employed,Public Sector
4088,21,Female,Western North,Rural,SHS,Single,4,Yes,2,No,Not in Labor Force,
4091,29,Female,Ashanti,Rural,,Divorced/Separated,3,No,16,Yes,Employed,Agriculture
4092,24,Female,Bono,Rural,JHS,Single,3,No,6,Yes,Employed,Agriculture
4093,29,Male,Bono,Rural,Primary,Married,3,No,12,No,Not in Labor Force,
4095,25,Male,Eastern,Urban,SHS,Single,7,No,6,Yes,Employed,Industry
4098,29,Male,Western,Urban,SHS,Single,4,No,7,Yes,Employed,Public Sector
4099,30,Female,Ahafo,Rural,Primary,Married,4,No,16,Yes,Employed,Informal Trade
4104,31,Female,Ashanti,Urban,Tertiary,Married,3,No,6,Yes,Employed,Informal Trade
4105,16,Female,Ashanti,Rural,SHS,Divorced/Separated,6,No,0,No,Not in Labor Force,
4106,25,Female,Greater Accra,Urban,JHS,Married,4,No,6,Yes,Unemployed,
4107,16,Female,Ahafo,Rural,JHS,Single,3,No,0,No,Not in Labor Force,
4108,31,Female,Bono,Rural,Primary,Married,5,No,18,Yes,Employed,Agriculture
4109,16,Female,Western North,Rural,Primary,Divorced/Separated,7,No,3,No,Not in Labor Force,
4110,21,Female,Upper East,Urban,SHS,Married,5,No,1,Yes,Unemployed,
4111,31,Male,Upper East,Rural,JHS,Single,5,No,13,No,Not in Labor Force,
4114,33,Female,Greater Accra,Urban,Primary,Married,4,No,20,Yes,Employed,Public Sector
4116,30,Female,Central,Urban,Tertiary,Single,4,No,6,No,Not in Labor Force,
4118,18,Female,Greater Accra,Urban,Primary,Married,6,No,6,Yes,Employed,Services
4121,30,Male,Greater Accra,Urban,SHS,Married,6,No,10,Yes,Unemployed,
4122,32,Male,Ashanti,Rural,,Single,3,No,20,Yes,Employed,Public Sector
4124,19,Female,Ashanti,Urban,Tertiary,Married,2,No,0,No,Not in Labor Force,
4126,23,Female,Northern,Urban,SHS,Married,5,No,3,Yes,Unemployed,
4129,19,Male,Ashanti,Urban,SHS,Single,6,No,0,Yes,Employed,Public Sector
4130,22,Male,Western,Rural,JHS,Married,7,No,5,Yes,Unemployed,
4131,23,Female,Eastern,Urban,Primary,Married,9,No,9,Yes,Unemployed,
4132,27,Male,Bono,Urban,JHS,Widowed,7,No,11,Yes,Employed,Services
4133,28,Male,North East,Rural,JHS,Married,4,No,10,Yes,Employed,Industry
4135,28,Female,Ashanti,Rural,,Single,3,No,16,Yes,Employed,Agriculture
4136,24,Female,Upper West,Rural,,Married,5,No,15,Yes,Employed,Agriculture
4137,22,Male,Volta,Rural,,Married,4,No,13,Yes,Employed,Services
4139,20,Male,Volta,Rural,JHS,Divorced/Separated,4,No,4,Yes,Employed,Agriculture
4142,28,Male,Northern,Rural,SHS,Single,5,No,8,Yes,Employed,Agriculture
4144,33,Male,Volta,Rural,Primary,Married,6,No,14,Yes,Employed,Industry
4145,21,Male,Greater Accra,Urban,JHS,Single,5,No,4,Yes,Employed,Informal Trade
4149,34,Male,Ashanti,Urban,SHS,Married,6,No,10,Yes,Unemployed,
4150,17,Male,Bono,Urban,SHS,Single,4,No,0,Yes,Employed,Informal Trade
4151,18,Male,Ashanti,Urban,JHS,Single,5,No,2,Yes,Unemployed,
4152,30,Male,Ashanti,Urban,Tertiary,Divorced/Separated,4,No,4,Yes,Employed,Services
4154,25,Male,Greater Accra,Urban,SHS,Single,8,No,6,No,Not in Labor Force,
4156,29,Female,Central,Urban,SHS,Single,6,No,10,Yes,Employed,Services
4157,26,Male,Northern,Rural,JHS,Single,8,No,8,No,Not in Labor Force,
4158,32,Male,Upper West,Rural,JHS,Married,10,No,11,Yes,Employed,Industry
4160,21,Male,Central,Rural,JHS,Single,4,No,3,Yes,Employed,Industry
4161,24,Female,Ashanti,Urban,JHS,Married,3,No,6,Yes,Employed,Public Sector
4163,20,Female,Bono,Rural,Primary,Married,5,No,8,No,Not in Labor Force,
4165,25,Male,Greater Accra,Rural,,Single,7,No,17,Yes,Unemployed,
4166,20,Male,Northern,Rural,JHS,Single,6,No,4,No,Not in Labor Force,
4167,33,Male,Northern,Rural,SHS,Married,2,No,13,Yes,Employed,Agriculture
4169,22,Female,Western,Rural,SHS,Married,4,No,2,No,Not in Labor Force,
4171,23,Male,Upper West,Rural,JHS,Single,5,No,5,No,Not in Labor Force,
4174,32,Female,Upper West,Urban,SHS,Single,5,No,10,Yes,Employed,Services
4176,18,Female,Greater Accra,Rural,SHS,Married,5,No,0,Yes,Employed,Informal Trade
4177,19,Female,Greater Accra,Urban,SHS,Single,4,No,0,Yes,Employed,Services
4178,20,Female,Central,Rural,JHS,Single,5,No,4,No,Not in Labor Force,
4179,31,Female,Upper West,Urban,Primary,Single,5,No,17,Yes,Employed,Informal Trade
4183,28,Male,Northern,Rural,JHS,Single,3,No,9,Yes,Employed,Agriculture
4184,19,Female,Upper West,Rural,JHS,Divorced/Separated,4,No,3,Yes,Employed,Agriculture
4185,32,Female,Greater Accra,Urban,JHS,Married,6,No,14,Yes,Employed,Services
4186,34,Male,Bono,Urban,JHS,Single,3,No,17,Yes,Employed,Public Sector
4188,32,Male,Greater Accra,Urban,SHS,Single,2,No,12,Yes,Employed,Services
4189,26,Male,Ashanti,Urban,JHS,Married,4,No,9,No,Not in Labor Force,
4190,21,Female,Bono East,Rural,JHS,Single,8,No,3,Yes,Employed,Informal Trade
4192,26,Male,Central,Urban,,Widowed,4,No,14,No,Not in Labor Force,
4193,27,Female,Greater Accra,Urban,JHS,Divorced/Separated,4,No,11,Yes,Employed,Informal Trade
4194,34,Male,Ashanti,Rural,,Married,6,No,27,No,Not in Labor Force,
4196,29,Female,Volta,Rural,Primary,Single,3,No,13,Yes,Employed,Agriculture
4197,20,Male,Northern,Rural,Tertiary,Married,8,No,0,Yes,Unemployed,
4198,26,Male,Volta,Rural,JHS,Divorced/Separated,5,No,8,Yes,Employed,Agriculture
4199,32,Female,Ahafo,Rural,Primary,Married,7,No,20,Yes,Employed,Agriculture
4200,35,Female,Greater Accra,Urban,Primary,Married,4,No,16,Yes,Employed,Services
4201,25,Male,Western,Urban,JHS,Married,7,No,9,Yes,Unemployed,
4202,22,Female,Ashanti,Urban,JHS,Single,2,No,4,Yes,Unemployed,
4203,35,Male,Upper East,Rural,SHS,Single,4,No,15,Yes,Employed,Informal Trade
4204,29,Female,Northern,Rural,JHS,Married,4,No,12,Yes,Unemployed,
4206,18,Male,Ashanti,Rural,Primary,Single,5,No,5,Yes,Unemployed,
4207,30,Female,Bono East,Rural,,Married,5,No,20,Yes,Employed,Services
4208,34,Female,Eastern,Urban,Tertiary,Married,5,No,10,Yes,Employed,Services
4209,30,Male,Greater Accra,Urban,SHS,Married,4,No,8,Yes,Employed,Informal Trade
4211,28,Male,Ashanti,Rural,,Single,4,No,18,Yes,Employed,Industry
4212,27,Male,Upper East,Rural,Primary,Married,2,No,15,Yes,Employed,Informal Trade
4214,34,Female,Central,Rural,Primary,Married,6,No,18,No,Not in Labor Force,
4217,34,Female,Eastern,Rural,SHS,Married,8,No,11,No,Not in Labor Force,
4219,32,Male,Oti,Rural,Primary,Single,6,No,12,Yes,Employed,Public Sector
4221,16,Female,Central,Rural,Primary,Married,3,No,3,Yes,Employed,Agriculture
4222,23,Female,Bono,Rural,Primary,Married,3,No,10,No,Not in Labor Force,
4226,33,Female,Greater Accra,Rural,Primary,Single,8,No,19,Yes,Employed,Industry
4227,34,Male,Central,Rural,JHS,Single,4,No,17,Yes,Employed,Informal Trade
4234,30,Male,Greater Accra,Urban,JHS,Married,6,No,12,Yes,Employed,Informal Trade
4235,33,Female,Western,Urban,SHS,Married,3,No,12,Yes,Employed,Services
4238,19,Male,Ashanti,Rural,Tertiary,Single,3,No,0,Yes,Unemployed,
4245,23,Male,Greater Accra,Rural,,Widowed,3,No,13,No,Not in Labor Force,
4247,17,Male,Greater Accra,Rural,Primary,Married,3,No,4,No,Not in Labor Force,
4249,17,Male,Greater Accra,Urban,Tertiary,Married,5,No,0,Yes,Unemployed,
4252,33,Female,Greater Accra,Urban,JHS,Single,3,No,14,No,Not in Labor Force,
4254,34,Male,Ahafo,Urban,JHS,Married,6,No,12,Yes,Employed,Services
4255,16,Female,Bono East,Rural,JHS,Single,10,No,0,Yes,Unemployed,
4256,30,Female,Western,Rural,JHS,Single,3,No,10,No,Not in Labor Force,
4259,32,Female,Upper East,Urban,SHS,Single,8,No,12,Yes,Employed,Services
4260,29,Female,Northern,Rural,JHS,Married,4,No,8,No,Not in Labor Force,
4261,17,Male,Eastern,Urban,Tertiary,Single,8,No,0,No,Not in Labor Force,
4262,27,Male,Greater Accra,Urban,SHS,Divorced/Separated,4,No,5,No,Not in Labor Force,
4263,33,Male,Ashanti,Urban,SHS,Widowed,3,No,13,No,Not in Labor Force,
4265,23,Male,Greater Accra,Urban,Tertiary,Single,9,No,0,Yes,Employed,Public Sector
4268,32,Male,Ashanti,Rural,Primary,Divorced/Separated,4,No,19,Yes,Employed,Public Sector
4270,33,Male,Ashanti,Urban,JHS,Single,5,No,16,Yes,Employed,Services
4273,35,Female,Western North,Rural,JHS,Single,4,No,13,Yes,Employed,Informal Trade
4274,31,Male,North East,Rural,JHS,Single,1,No,12,No,Not in Labor Force,
4275,20,Male,Ashanti,Urban,SHS,Single,5,No,1,Yes,Unemployed,
4276,19,Male,Ashanti,Urban,SHS,Married,3,No,0,Yes,Employed,Industry
4277,32,Female,Northern,Rural,SHS,Married,6,No,12,No,Not in Labor Force,
4278,35,Male,Upper East,Rural,Primary,Single,4,No,22,No,Not in Labor Force,
4279,26,Female,Greater Accra,Urban,SHS,Single,6,No,6,Yes,Employed,Informal Trade
4281,20,Male,Greater Accra,Urban,Tertiary,Married,7,No,0,Yes,Unemployed,
4282,31,Male,Ashanti,Urban,,Single,3,No,17,Yes,Employed,Services
4285,26,Female,Central,Urban,,Single,5,No,20,Yes,Employed,Informal Trade
4287,23,Male,Greater Accra,Urban,Tertiary,Married,5,No,0,Yes,Unemployed,
4290,31,Female,Eastern,Urban,SHS,Married,4,No,8,Yes,Employed,Informal Trade
4291,24,Male,Ashanti,Urban,SHS,Married,4,No,5,Yes,Employed,Informal Trade
4292,31,Male,Volta,Rural,Primary,Single,5,No,17,No,Not in Labor Force,
4294,24,Female,Ahafo,Urban,SHS,Married,3,No,4,Yes,Employed,Public Sector
4295,32,Male,Oti,Rural,Tertiary,Married,1,No,6,Yes,Employed,Agriculture
4296,16,Male,Ashanti,Urban,JHS,Single,7,No,0,Yes,Employed,Industry
4299,32,Male,Ashanti,Urban,Tertiary,Single,6,No,9,Yes,Employed,Informal Trade
4302,28,Male,Bono East,Urban,,Single,3,No,14,No,Not in Labor Force,
4303,34,Female,Eastern,Rural,,Married,7,No,23,Yes,Employed,Informal Trade
4304,28,Male,Ashanti,Urban,Primary,Divorced/Separated,7,No,12,Yes,Unemployed,
4306,23,Male,Bono East,Rural,JHS,Divorced/Separated,3,No,7,No,Not in Labor Force,
4308,26,Female,Western,Urban,SHS,Single,6,No,5,Yes,Employed,Services
4309,22,Male,Ashanti,Urban,Tertiary,Married,3,No,0,Yes,Employed,Public Sector
4315,33,Male,Eastern,Rural,JHS,Married,5,No,16,No,Not in Labor Force,
4316,17,Male,Ashanti,Rural,SHS,Single,7,No,0,Yes,Employed,Agriculture
4318,34,Male,Western,Urban,JHS,Married,5,No,17,Yes,Employed,Services
4319,26,Female,Ashanti,Rural,JHS,Married,6,No,9,Yes,Employed,Public Sector
4321,28,Female,North East,Rural,Primary,Married,6,No,10,Yes,Employed,Informal Trade
4322,19,Female,North East,Rural,JHS,Married,8,No,3,Yes,Unemployed,
4323,31,Male,Upper West,Rural,Primary,Single,5,No,14,Yes,Unemployed,
4324,16,Female,Central,Urban,SHS,Single,8,No,0,Yes,Employed,Public Sector
4326,34,Male,Northern,Urban,,Widowed,3,No,19,Yes,Employed,Informal Trade
4327,34,Female,Greater Accra,Urban,SHS,Married,5,No,9,Yes,Employed,Industry
4329,21,Female,Western,Urban,Tertiary,Single,6,No,0,Yes,Unemployed,
4330,18,Female,Ashanti,Urban,SHS,Single,7,No,0,No,Not in Labor Force,
4333,18,Male,Volta,Urban,SHS,Married,4,No,0,No,Not in Labor Force,
4335,29,Male,Bono East,Rural,SHS,Married,4,No,9,No,Not in Labor Force,
4336,34,Female,Western,Rural,JHS,Single,2,No,16,Yes,Employed,Public Sector
4337,24,Male,Ashanti,Urban,Primary,Single,2,No,9,No,Not in Labor Force,
4340,22,Female,Greater Accra,Urban,Tertiary,Single,8,No,0,No,Not in Labor Force,
4341,31,Female,Bono East,Rural,Primary,Married,7,No,15,Yes,Employed,Agriculture
4342,34,Female,Central,Rural,Primary,Single,7,Yes,15,Yes,Employed,Agriculture
4343,27,Male,Volta,Rural,SHS,Married,4,No,6,Yes,Employed,Informal Trade
4346,21,Female,Upper West,Rural,JHS,Divorced/Separated,10,No,4,No,Not in Labor Force,
4349,26,Male,Upper East,Urban,JHS,Single,4,No,9,No,Not in Labor Force,
4351,32,Female,Volta,Rural,Tertiary,Married,9,No,6,Yes,Employed,Informal Trade
4355,25,Female,Greater Accra,Urban,SHS,Widowed,2,No,6,No,Not in Labor Force,
4357,33,Male,Volta,Rural,SHS,Single,7,No,12,Yes,Employed,Agriculture
4359,24,Male,Upper East,Rural,JHS,Married,4,No,7,Yes,Employed,Industry
4360,29,Female,Ashanti,Rural,,Single,6,No,20,Yes,Employed,Agriculture
4361,26,Female,Volta,Rural,JHS,Single,6,No,9,Yes,Employed,Agriculture
4362,26,Male,Ashanti,Rural,Primary,Single,2,No,13,Yes,Employed,Agriculture
4366,28,Female,Savannah,Rural,JHS,Married,5,No,8,Yes,Employed,Informal Trade
4367,35,Female,Northern,Rural,JHS,Married,5,No,14,Yes,Employed,Agriculture
4368,32,Male,Greater Accra,Urban,Tertiary,Single,3,No,9,No,Not in Labor Force,
4369,28,Female,Western,Urban,SHS,Divorced/Separated,3,No,7,Yes,Employed,Informal Trade
4372,33,Female,Central,Urban,Tertiary,Married,5,No,8,Yes,Employed,Industry
4373,25,Female,Eastern,Urban,SHS,Married,3,No,5,Yes,Employed,Informal Trade
4374,31,Male,Ashanti,Urban,Tertiary,Married,4,No,7,Yes,Employed,Public Sector
4375,28,Male,Western,Urban,JHS,Married,6,No,11,Yes,Employed,Industry
4376,34,Male,Greater Accra,Urban,JHS,Single,4,No,11,No,Not in Labor Force,
4377,31,Female,Northern,Rural,SHS,Single,5,No,8,Yes,Employed,Agriculture
4378,26,Female,Ashanti,Urban,JHS,Single,4,No,7,Yes,Unemployed,
4379,29,Female,Western,Urban,Tertiary,Married,4,No,4,Yes,Unemployed,
4380,20,Male,Western North,Rural,SHS,Single,7,No,1,Yes,Employed,Agriculture
4381,33,Female,Western,Urban,SHS,Divorced/Separated,5,No,10,Yes,Employed,Industry
4382,31,Male,Ashanti,Urban,Tertiary,Married,5,No,6,Yes,Employed,Public Sector
4385,31,Female,Northern,Rural,JHS,Married,6,No,13,Yes,Employed,Agriculture
4386,17,Male,Northern,Urban,Tertiary,Widowed,1,No,0,No,Not in Labor Force,
4387,21,Female,Ashanti,Rural,JHS,Married,3,No,3,Yes,Employed,Industry
4389,32,Male,Eastern,Rural,,Married,2,No,25,Yes,Employed,Informal Trade
4390,30,Female,Bono East,Rural,JHS,Married,7,No,10,Yes,Employed,Agriculture
4393,31,Female,Western North,Urban,SHS,Single,4,No,12,Yes,Employed,Public Sector
4394,30,Male,Ashanti,Rural,Tertiary,Married,3,No,5,Yes,Unemployed,
4395,32,Male,Northern,Rural,Primary,Single,5,No,13,No,Not in Labor Force,
4396,27,Male,Volta,Rural,SHS,Single,6,No,6,Yes,Employed,Informal Trade
4397,27,Female,Greater Accra,Urban,SHS,Married,5,No,7,Yes,Unemployed,
4398,26,Female,Savannah,Urban,Tertiary,Single,6,No,2,Yes,Unemployed,
4399,33,Female,Upper West,Rural,JHS,Divorced/Separated,6,No,15,No,Not in Labor Force,
4400,34,Male,Western,Rural,JHS,Single,4,No,14,Yes,Employed,Agriculture
4401,17,Female,Eastern,Rural,Primary,Single,10,No,3,Yes,Employed,Informal Trade
4403,33,Male,Ashanti,Rural,Primary,Married,2,No,19,Yes,Employed,Agriculture
4404,35,Male,Ahafo,Urban,JHS,Single,4,No,16,Yes,Employed,Services
4405,23,Male,Eastern,Rural,JHS,Married,8,No,5,Yes,Unemployed,
4409,30,Female,Greater Accra,Urban,Primary,Married,8,No,15,Yes,Employed,Public Sector
4411,27,Male,Oti,Urban,JHS,Single,5,No,7,Yes,Employed,Informal Trade
4413,19,Female,Western,Urban,JHS,Single,4,No,2,No,Not in Labor Force,
4414,26,Male,Eastern,Rural,SHS,Married,6,No,6,No,Not in Labor Force,
4415,19,Female,Eastern,Rural,Primary,Single,4,No,5,No,Not in Labor Force,
4417,34,Male,Western North,Rural,JHS,Married,5,No,14,No,Not in Labor Force,
4418,33,Male,Ashanti,Rural,,Married,7,No,18,Yes,Employed,Agriculture
4421,35,Female,Ashanti,Urban,,Single,8,No,23,Yes,Employed,Services
4423,20,Male,Bono,Urban,Tertiary,Single,7,No,0,No,Not in Labor Force,
4425,33,Male,Greater Accra,Urban,JHS,Married,4,No,11,Yes,Employed,Public Sector
4428,35,Male,Western,Urban,JHS,Single,2,No,13,Yes,Employed,Informal Trade
4429,22,Female,Upper West,Rural,Primary,Divorced/Separated,7,No,10,Yes,Unemployed,
4430,21,Male,Western,Urban,SHS,Single,6,No,2,Yes,Employed,Industry
4431,22,Female,Greater Accra,Urban,Primary,Married,2,No,8,Yes,Employed,Informal Trade
4434,26,Female,Greater Accra,Urban,SHS,Single,5,Yes,5,Yes,Employed,Public Sector
4435,29,Female,Upper East,Urban,SHS,Single,5,No,7,Yes,Employed,Informal Trade
4436,27,Female,Ashanti,Rural,,Single,3,No,17,No,Not in Labor Force,
4437,31,Male,Central,Rural,,Married,4,No,23,Yes,Employed,Agriculture
4439,28,Female,Eastern,Rural,Primary,Single,3,No,12,Yes,Employed,Public Sector
4440,29,Female,Bono East,Urban,SHS,Married,5,No,6,Yes,Unemployed,
4441,18,Female,Bono,Urban,,Married,4,No,11,Yes,Employed,Services
4443,35,Male,Greater Accra,Urban,SHS,Married,4,No,10,Yes,Employed,Services
4444,35,Female,Bono East,Urban,JHS,Married,8,No,15,Yes,Employed,Services
4447,24,Male,Greater Accra,Urban,JHS,Married,3,No,7,Yes,Employed,Informal Trade
4448,27,Male,Savannah,Rural,Primary,Single,3,No,14,Yes,Employed,Informal Trade
4449,30,Male,Savannah,Rural,SHS,Single,2,No,7,Yes,Employed,Public Sector
4450,20,Female,Ashanti,Urban,SHS,Single,9,No,1,No,Not in Labor Force,
4451,35,Female,Greater Accra,Urban,Primary,Single,10,Yes,21,No,Not in Labor Force,
4453,20,Female,Western,Rural,SHS,Married,3,No,1,No,Not in Labor Force,
4455,34,Female,Greater Accra,Urban,SHS,Divorced/Separated,4,No,9,Yes,Employed,Services
4456,35,Male,Bono East,Urban,JHS,Married,7,No,12,Yes,Employed,Agriculture
4457,33,Male,Ashanti,Urban,SHS,Married,6,No,10,Yes,Employed,Informal Trade
4459,29,Male,Ashanti,Urban,Primary,Single,6,No,14,Yes,Unemployed,
4460,32,Male,Bono,Rural,JHS,Divorced/Separated,5,No,15,Yes,Employed,Agriculture
4462,23,Female,Greater Accra,Urban,SHS,Single,6,No,4,No,Not in Labor Force,
4465,26,Female,Ashanti,Urban,SHS,Divorced/Separated,7,No,5,Yes,Employed,Industry
4467,30,Female,Volta,Rural,JHS,Married,3,No,12,Yes,Employed,Industry
4468,21,Male,Volta,Rural,SHS,Married,7,No,1,Yes,Employed,Agriculture
4470,30,Female,Oti,Urban,SHS,Married,3,No,7,Yes,Employed,Services
4471,21,Male,Greater Accra,Urban,Primary,Married,6,No,8,Yes,Unemployed,
4475,32,Female,Eastern,Rural,SHS,Widowed,7,No,10,Yes,Employed,Informal Trade
4480,23,Male,Northern,Rural,JHS,Married,5,No,5,Yes,Employed,Industry
4481,27,Female,Greater Accra,Urban,JHS,Divorced/Separated,4,No,11,Yes,Employed,Informal Trade
4482,29,Male,Northern,Rural,Primary,Married,5,No,13,Yes,Employed,Services
4483,19,Female,Western,Rural,SHS,Married,4,No,0,Yes,Unemployed,
4484,35,Male,Oti,Rural,SHS,Married,1,No,14,Yes,Employed,Agriculture
4485,33,Male,Bono East,Rural,JHS,Divorced/Separated,5,No,14,Yes,Employed,Agriculture
4488,26,Male,Volta,Rural,Primary,Single,6,No,11,Yes,Employed,Agriculture
4490,24,Male,Ashanti,Urban,Tertiary,Married,7,No,1,Yes,Unemployed,
4491,31,Female,Upper West,Rural,,Widowed,6,No,21,Yes,Employed,Industry
4492,31,Male,Greater Accra,Urban,JHS,Single,6,No,10,Yes,Employed,Public Sector
4493,26,Male,Ahafo,Urban,Primary,Married,4,No,13,No,Not in Labor Force,
4494,32,Female,Western,Urban,Primary,Single,8,No,12,Yes,Employed,Services
4495,25,Male,Greater Accra,Urban,SHS,Single,7,No,5,Yes,Unemployed,
4496,30,Male,Northern,Rural,Primary,Single,5,No,12,Yes,Employed,Agriculture
4498,34,Female,Ashanti,Rural,Primary,Married,7,No,15,Yes,Employed,Services
4500,23,Male,Ashanti,Urban,JHS,Widowed,7,No,5,Yes,Unemployed,
4501,32,Female,Ashanti,Rural,JHS,Married,5,No,15,Yes,Employed,Services
4502,24,Female,Volta,Rural,SHS,Divorced/Separated,4,No,3,Yes,Unemployed,
4505,24,Female,Ashanti,Urban,SHS,Single,5,No,5,Yes,Employed,Informal Trade
4506,31,Female,Central,Urban,JHS,Married,2,No,10,No,Not in Labor Force,
4507,31,Male,Eastern,Urban,Tertiary,Married,2,No,5,Yes,Unemployed,
4508,23,Female,Central,Rural,,Married,2,No,12,Yes,Employed,Services
4509,32,Female,Western North,Urban,JHS,Married,4,No,12,Yes,Unemployed,
4511,33,Female,Bono East,Rural,,Married,1,No,17,No,Not in Labor Force,
4514,34,Female,Eastern,Urban,JHS,Single,4,No,13,No,Not in Labor Force,
4515,20,Male,Greater Accra,Urban,JHS,Married,2,No,4,Yes,Employed,Services
4516,23,Male,Western,Urban,JHS,Single,3,No,6,No,Not in Labor Force,
4517,29,Male,Northern,Rural,,Married,3,No,22,Yes,Employed,Agriculture
4518,28,Male,Ashanti,Rural,JHS,Married,6,No,9,Yes,Employed,Services
4521,25,Male,Northern,Rural,SHS,Married,8,No,4,No,Not in Labor Force,
4524,21,Female,Bono,Urban,JHS,Single,3,No,4,Yes,Unemployed,
4525,33,Female,Central,Rural,,Single,5,No,21,Yes,Employed,Informal Trade
4527,22,Male,Greater Accra,Urban,Tertiary,Married,7,No,0,No,Not in Labor Force,
4528,32,Female,Greater Accra,Urban,Tertiary,Divorced/Separated,8,No,7,Yes,Employed,Services
4531,29,Female,Ashanti,Urban,JHS,Divorced/Separated,5,No,11,No,Not in Labor Force,
4532,27,Male,Volta,Rural,,Single,5,No,14,Yes,Employed,Industry
4534,19,Male,Upper East,Rural,SHS,Married,7,No,0,Yes,Employed,Agriculture
4536,33,Male,Eastern,Urban,JHS,Married,7,No,13,Yes,Employed,Informal Trade
4539,30,Male,Eastern,Rural,,Married,5,No,20,Yes,Employed,Services
4540,31,Female,Greater Accra,Urban,JHS,Single,7,No,14,No,Not in Labor Force,
4543,20,Male,Bono East,Urban,Tertiary,Widowed,5,No,0,Yes,Unemployed,
4545,30,Female,North East,Urban,Primary,Married,5,No,12,No,Not in Labor Force,
4546,20,Female,Greater Accra,Urban,JHS,Divorced/Separated,4,No,4,Yes,Employed,Services
4547,34,Female,Upper East,Urban,SHS,Married,5,No,10,Yes,Employed,Public Sector
4550,35,Male,Northern,Rural,JHS,Single,6,No,13,Yes,Employed,Agriculture
4551,24,Female,Northern,Rural,,Married,4,No,15,Yes,Employed,Public Sector
4553,25,Male,Bono East,Urban,Primary,Single,5,No,8,No,Not in Labor Force,
4556,21,Male,Western,Rural,,Single,4,No,13,Yes,Employed,Agriculture
4557,30,Male,Ashanti,Urban,Primary,Married,8,Yes,11,No,Not in Labor Force,
4558,34,Female,Ahafo,Urban,Tertiary,Married,8,No,10,No,Not in Labor Force,
4559,25,Male,Bono,Urban,Tertiary,Single,4,No,2,Yes,Unemployed,
4562,32,Male,Greater Accra,Rural,JHS,Married,6,No,14,No,Not in Labor Force,
4566,30,Female,Greater Accra,Urban,JHS,Married,5,No,12,No,Not in Labor Force,
4567,31,Male,Ashanti,Rural,SHS,Single,6,No,8,No,Not in Labor Force,
4568,31,Male,Ashanti,Urban,SHS,Married,5,No,10,Yes,Employed,Services
4571,16,Male,Central,Rural,JHS,Divorced/Separated,4,No,0,No,Not in Labor Force,
4573,34,Female,Upper West,Rural,JHS,Single,6,No,12,No,Not in Labor Force,
4578,19,Male,Bono,Urban,JHS,Married,9,No,2,Yes,Employed,Agriculture
4582,18,Male,Volta,Rural,Primary,Single,6,No,4,Yes,Employed,Informal Trade
4583,26,Female,Greater Accra,Urban,JHS,Single,4,No,10,No,Not in Labor Force,
4584,27,Female,Western,Urban,JHS,Single,7,No,11,Yes,Employed,Informal Trade
4588,33,Male,Volta,Urban,Tertiary,Single,9,No,8,No,Not in Labor Force,
4595,33,Male,Volta,Rural,SHS,Single,5,No,14,Yes,Employed,Agriculture
4598,26,Male,Central,Rural,JHS,Single,6,No,7,Yes,Employed,Agriculture
4599,18,Male,Central,Rural,,Married,5,Yes,10,No,Not in Labor Force,
4602,23,Male,Greater Accra,Rural,Tertiary,Married,4,No,0,Yes,Employed,Agriculture
4603,22,Male,Central,Rural,,Married,5,No,15,Yes,Employed,Agriculture
4604,33,Female,Volta,Rural,SHS,Widowed,6,No,10,Yes,Employed,Services
4605,25,Female,Upper East,Rural,,Married,6,No,13,Yes,Employed,Public Sector
4606,33,Female,Greater Accra,Urban,Primary,Single,5,No,17,Yes,Employed,Informal Trade
4608,19,Male,Volta,Urban,JHS,Single,3,No,2,No,Not in Labor Force,
4609,17,Female,Northern,Rural,JHS,Married,2,No,1,No,Not in Labor Force,
4610,31,Female,Ashanti,Rural,JHS,Married,4,No,9,Yes,Employed,Industry
4611,30,Male,Upper East,Rural,SHS,Single,6,Yes,7,No,Not in Labor Force,
4613,22,Female,Greater Accra,Urban,JHS,Single,4,No,4,No,Not in Labor Force,
4618,29,Male,Greater Accra,Rural,,Married,7,No,22,Yes,Employed,Agriculture
4620,28,Male,Ahafo,Rural,SHS,Divorced/Separated,5,No,8,Yes,Employed,Agriculture
4621,32,Female,Greater Accra,Urban,SHS,Divorced/Separated,5,No,9,Yes,Employed,Services
4622,27,Male,Western North,Urban,,Married,3,No,15,Yes,Employed,Industry
4625,19,Male,Greater Accra,Urban,Primary,Single,5,No,5,Yes,Employed,Public Sector
4629,24,Female,Eastern,Urban,SHS,Single,7,No,4,Yes,Employed,Services
4630,18,Male,Bono East,Urban,SHS,Single,6,No,0,Yes,Employed,Services
4631,27,Female,Ahafo,Rural,Primary,Single,3,No,12,Yes,Employed,Agriculture
4632,26,Female,Bono,Urban,JHS,Single,6,No,7,Yes,Employed,Industry
4635,32,Female,Ashanti,Urban,SHS,Divorced/Separated,5,No,8,Yes,Employed,Industry
4636,32,Male,Ashanti,Urban,SHS,Single,7,No,11,Yes,Employed,Informal Trade
4638,32,Female,Upper West,Rural,JHS,Married,7,No,14,Yes,Employed,Informal Trade
4642,33,Female,Western,Urban,Primary,Single,6,No,20,Yes,Employed,Services
4643,19,Female,Greater Accra,Urban,Primary,Divorced/Separated,3,No,7,Yes,Employed,Public Sector
4644,23,Male,Bono,Rural,Primary,Single,3,No,11,Yes,Unemployed,
4645,24,Female,Eastern,Urban,Tertiary,Married,4,No,1,Yes,Unemployed,
4648,32,Male,Central,Urban,Tertiary,Single,4,No,8,Yes,Employed,Services
4649,22,Male,Central,Rural,JHS,Single,5,No,5,No,Not in Labor Force,
4652,28,Female,Volta,Urban,Tertiary,Married,6,No,3,Yes,Employed,Services
4655,30,Female,Ahafo,Urban,SHS,Married,3,No,7,Yes,Employed,Industry
4657,28,Female,Bono,Rural,JHS,Married,3,No,8,Yes,Employed,Agriculture
4658,30,Female,Greater Accra,Urban,JHS,Married,6,No,13,Yes,Employed,Informal Trade
4659,33,Female,Ashanti,Rural,,Married,5,No,22,Yes,Employed,Informal Trade
4660,24,Female,Upper East,Rural,Primary,Married,5,No,11,Yes,Employed,Informal Trade
4661,32,Male,Ahafo,Rural,,Single,9,No,24,No,Not in Labor Force,
4663,21,Female,Northern,Rural,Primary,Single,4,No,6,Yes,Employed,Informal Trade
4664,23,Male,Bono,Rural,JHS,Single,2,No,7,Yes,Unemployed,
4666,19,Male,Western,Rural,JHS,Single,3,No,2,No,Not in Labor Force,
4668,31,Male,Ashanti,Rural,JHS,Married,8,No,11,Yes,Employed,Agriculture
4669,32,Male,Upper East,Rural,,Single,4,No,17,No,Not in Labor Force,
4670,34,Female,Greater Accra,Urban,Primary,Single,5,No,14,Yes,Employed,Public Sector
4671,16,Female,Upper East,Rural,SHS,Single,7,No,0,No,Not in Labor Force,
4672,32,Male,Upper East,Rural,Primary,Married,7,No,14,Yes,Employed,Agriculture
4673,25,Female,Bono East,Rural,JHS,Married,6,No,6,No,Not in Labor Force,
4675,34,Female,Upper East,Rural,Primary,Divorced/Separated,5,No,19,Yes,Employed,Informal Trade
4676,28,Male,Northern,Rural,Primary,Single,5,No,14,No,Not in Labor Force,
4677,27,Female,Upper West,Urban,SHS,Married,4,No,8,Yes,Employed,Informal Trade
4682,19,Female,Greater Accra,Urban,SHS,Married,2,Yes,0,No,Not in Labor Force,
4683,33,Female,Ashanti,Rural,JHS,Single,5,No,14,Yes,Employed,Agriculture
4685,23,Female,Volta,Rural,Primary,Divorced/Separated,4,No,11,Yes,Employed,Agriculture
4686,27,Female,Bono,Rural,JHS,Single,4,No,9,Yes,Employed,Agriculture
4688,30,Male,Western,Urban,SHS,Married,4,No,10,Yes,Employed,Informal Trade
4692,21,Female,Eastern,Urban,JHS,Single,6,No,4,No,Not in Labor Force,
4694,20,Female,Western,Rural,JHS,Divorced/Separated,7,No,3,Yes,Unemployed,
4695,34,Male,Ashanti,Urban,Primary,Single,11,No,18,Yes,Employed,Services
4696,30,Female,Greater Accra,Urban,JHS,Married,5,No,9,Yes,Employed,Services
4697,32,Female,Greater Accra,Rural,JHS,Married,5,No,10,Yes,Employed,Agriculture
4699,23,Female,Greater Accra,Urban,Primary,Married,5,No,10,Yes,Employed,Services
4701,26,Female,Oti,Rural,SHS,Single,2,No,4,No,Not in Labor Force,
4702,34,Female,Bono East,Urban,JHS,Single,8,No,16,Yes,Employed,Services
4703,19,Female,Greater Accra,Urban,Tertiary,Married,4,No,0,Yes,Employed,Public Sector
4704,26,Female,Ashanti,Rural,Primary,Married,2,No,11,No,Not in Labor Force,
4705,24,Male,Western,Rural,JHS,Married,8,No,7,Yes,Employed,Agriculture
4706,28,Male,Ashanti,Rural,JHS,Married,4,No,8,Yes,Employed,Agriculture
4707,28,Male,Upper West,Rural,Primary,Married,5,No,13,Yes,Unemployed,
4708,27,Male,Northern,Urban,Tertiary,Married,5,No,4,Yes,Employed,Industry
4709,32,Male,Greater Accra,Urban,Tertiary,Single,8,No,7,No,Not in Labor Force,
4710,17,Female,Greater Accra,Urban,SHS,Married,8,No,0,No,Not in Labor Force,
4711,35,Female,Eastern,Urban,SHS,Married,5,No,13,Yes,Employed,Services
4712,25,Male,Bono,Urban,SHS,Single,4,No,5,No,Not in Labor Force,
4714,28,Male,Ashanti,Rural,JHS,Single,5,No,8,Yes,Employed,Agriculture
4716,24,Female,Eastern,Rural,JHS,Single,6,No,7,Yes,Employed,Agriculture
4718,25,Male,Western,Urban,SHS,Married,7,No,4,Yes,Employed,Informal Trade
4719,32,Female,Northern,Rural,,Married,6,No,24,Yes,Employed,Public Sector
4722,27,Female,Upper East,Urban,SHS,Married,5,No,6,Yes,Employed,Services
4723,23,Female,Savannah,Rural,Tertiary,Single,4,No,0,Yes,Unemployed,
4724,33,Male,Savannah,Rural,Tertiary,Married,7,No,8,Yes,Employed,Industry
4725,27,Male,Upper East,Rural,SHS,Single,5,No,6,Yes,Employed,Agriculture
4727,20,Female,Ashanti,Urban,Tertiary,Single,4,No,0,No,Not in Labor Force,
4729,31,Female,Central,Urban,SHS,Widowed,4,No,8,Yes,Employed,Informal Trade
4731,29,Male,Eastern,Rural,Primary,Single,4,No,11,No,Not in Labor Force,
4732,24,Female,Ahafo,Urban,SHS,Single,3,No,4,No,Not in Labor Force,
4733,26,Male,Northern,Rural,Primary,Single,5,No,11,No,Not in Labor Force,
4734,20,Female,Ashanti,Urban,SHS,Single,1,No,1,Yes,Unemployed,
4735,32,Female,Western North,Rural,JHS,Married,3,No,11,Yes,Employed,Agriculture
4736,30,Female,Greater Accra,Urban,Tertiary,Married,9,No,7,Yes,Employed,Industry
4737,32,Male,Ashanti,Urban,JHS,Single,6,No,13,Yes,Employed,Industry
4738,27,Female,Ashanti,Urban,,Divorced/Separated,5,No,13,Yes,Employed,Services
4739,33,Male,Ashanti,Rural,,Single,7,No,20,No,Not in Labor Force,
4741,23,Female,Western,Rural,Primary,Single,5,No,9,No,Not in Labor Force,
4744,22,Male,Western,Rural,SHS,Divorced/Separated,8,No,2,Yes,Employed,Agriculture
4745,29,Female,Upper East,Rural,,Single,5,No,15,No,Not in Labor Force,
4748,18,Female,Greater Accra,Urban,JHS,Divorced/Separated,2,No,2,No,Not in Labor Force,
4749,18,Male,Ashanti,Urban,SHS,Married,7,No,0,Yes,Unemployed,
4751,35,Female,Greater Accra,Rural,,Single,6,No,23,No,Not in Labor Force,
4752,21,Female,Northern,Rural,JHS,Married,8,No,5,Yes,Employed,Industry
4753,26,Male,Upper East,Urban,SHS,Single,4,No,6,Yes,Unemployed,
4755,21,Female,Volta,Rural,SHS,Single,3,No,1,Yes,Employed,Agriculture
4756,32,Female,Western,Urban,JHS,Married,5,No,14,Yes,Employed,Informal Trade
4757,25,Male,Savannah,Rural,Primary,Single,5,No,10,Yes,Unemployed,
4758,23,Female,Greater Accra,Rural,JHS,Married,3,No,6,No,Not in Labor Force,
4759,26,Male,Upper East,Urban,JHS,Married,5,No,7,Yes,Employed,Industry
4760,35,Female,Western,Rural,SHS,Single,7,No,10,Yes,Employed,Informal Trade
4761,29,Male,Bono,Rural,,Married,7,No,21,Yes,Unemployed,
4765,33,Female,Greater Accra,Urban,SHS,Married,6,Yes,12,Yes,Employed,Industry
4767,25,Male,Eastern,Urban,Primary,Single,3,No,10,Yes,Employed,Informal Trade
4771,27,Male,Ashanti,Urban,JHS,Single,8,No,9,No,Not in Labor Force,
4773,27,Male,Greater Accra,Urban,JHS,Divorced/Separated,5,No,7,Yes,Employed,Informal Trade
4777,23,Female,Greater Accra,Urban,Tertiary,Married,3,No,0,Yes,Unemployed,
4778,20,Female,Upper West,Rural,SHS,Single,4,No,1,Yes,Employed,Services
4781,34,Female,Central,Rural,,Single,7,No,22,Yes,Employed,Agriculture
4782,27,Female,Ashanti,Urban,Tertiary,Divorced/Separated,3,No,4,Yes,Unemployed,
4786,23,Male,Ashanti,Rural,Primary,Single,3,No,10,No,Not in Labor Force,
4787,34,Female,Ashanti,Urban,SHS,Married,7,No,13,Yes,Employed,Informal Trade
4788,29,Male,Greater Accra,Urban,SHS,Single,1,No,7,Yes,Unemployed,
4789,18,Female,Greater Accra,Urban,JHS,Married,2,No,2,No,Not in Labor Force,
4790,21,Female,Western,Rural,,Single,5,No,10,No,Not in Labor Force,
4791,25,Male,Savannah,Rural,SHS,Married,5,No,5,No,Not in Labor Force,
4793,31,Male,Greater Accra,Urban,JHS,Married,3,No,12,No,Not in Labor Force,
4795,35,Male,Ashanti,Rural,JHS,Married,4,No,14,Yes,Employed,Informal Trade
4797,16,Male,Greater Accra,Urban,JHS,Married,6,No,0,No,Not in Labor Force,
4798,22,Male,Eastern,Urban,Tertiary,Married,2,No,0,Yes,Employed,Services
4800,33,Female,Eastern,Rural,Tertiary,Widowed,4,No,9,Yes,Employed,Agriculture
4802,33,Female,Volta,Rural,SHS,Single,4,No,9,No,Not in Labor Force,
4806,23,Male,Greater Accra,Urban,JHS,Single,6,No,6,No,Not in Labor Force,
4807,20,Female,Western,Rural,Tertiary,Married,6,No,0,Yes,Unemployed,
4808,22,Male,Eastern,Rural,JHS,Married,3,No,6,Yes,Employed,Informal Trade
4812,33,Male,Northern,Rural,,Married,5,No,22,No,Not in Labor Force,
4816,26,Male,Upper East,Rural,Primary,Single,9,No,12,Yes,Employed,Industry
4817,27,Male,Central,Rural,,Married,6,No,14,No,Not in Labor Force,
4818,29,Female,Ashanti,Urban,JHS,Married,5,No,12,Yes,Unemployed,
4819,22,Female,Northern,Urban,SHS,Single,11,No,3,No,Not in Labor Force,
4820,31,Female,Central,Urban,Primary,Married,4,No,16,No,Not in Labor Force,
4821,28,Female,Western,Rural,,Single,3,No,16,Yes,Employed,Agriculture
4822,27,Female,Greater Accra,Urban,Tertiary,Widowed,9,No,3,Yes,Unemployed,
4824,29,Female,Bono,Urban,JHS,Single,4,No,13,No,Not in Labor Force,
4828,35,Male,Oti,Rural,SHS,Married,6,No,10,Yes,Employed,Agriculture
4829,32,Male,Western North,Rural,Primary,Married,5,No,17,Yes,Employed,Public Sector
4830,26,Male,Greater Accra,Urban,JHS,Single,6,No,7,Yes,Employed,Industry
4831,26,Female,Greater Accra,Urban,SHS,Single,8,No,4,Yes,Employed,Services
4832,24,Female,Central,Urban,JHS,Divorced/Separated,7,No,7,Yes,Employed,Informal Trade
4834,24,Female,Ashanti,Urban,SHS,Married,6,No,4,Yes,Employed,Services
4837,35,Female,Northern,Rural,Primary,Single,3,No,15,Yes,Employed,Agriculture
4838,23,Female,Ashanti,Rural,Primary,Married,4,No,11,Yes,Employed,Public Sector
4839,26,Male,Greater Accra,Urban,SHS,Married,2,No,6,Yes,Employed,Services
4840,30,Female,Bono,Urban,Tertiary,Divorced/Separated,3,No,7,No,Not in Labor Force,
4843,17,Male,Greater Accra,Urban,SHS,Single,9,No,0,Yes,Unemployed,
4844,30,Female,Eastern,Urban,JHS,Single,6,No,12,Yes,Employed,Public Sector
4845,28,Female,Central,Rural,,Married,7,No,16,Yes,Employed,Agriculture
4846,27,Male,Western North,Rural,JHS,Married,8,No,8,Yes,Employed,Agriculture
4848,35,Female,Eastern,Rural,JHS,Divorced/Separated,6,No,16,No,Not in Labor Force,
4849,21,Female,Greater Accra,Urban,SHS,Single,5,No,1,Yes,Employed,Services
4851,32,Female,Ashanti,Urban,SHS,Married,4,No,10,Yes,Employed,Industry
4854,35,Male,Ashanti,Rural,Primary,Single,5,No,22,Yes,Employed,Agriculture
4855,24,Male,Greater Accra,Urban,JHS,Married,4,No,5,Yes,Employed,Informal Trade
4858,28,Female,Ashanti,Urban,SHS,Married,5,No,7,Yes,Employed,Industry
4859,35,Female,Greater Accra,Urban,JHS,Single,4,No,16,Yes,Employed,Services
4860,17,Male,Upper East,Rural,SHS,Divorced/Separated,5,No,0,Yes,Employed,Services
4861,32,Male,Northern,Rural,JHS,Single,9,No,11,Yes,Unemployed,
4863,35,Male,Western,Rural,Primary,Married,3,No,17,Yes,Employed,Public Sector
4864,35,Female,Central,Urban,Tertiary,Single,4,No,10,Yes,Employed,Industry
4869,32,Male,Volta,Urban,SHS,Single,4,No,12,Yes,Employed,Services
4870,27,Male,Volta,Urban,JHS,Single,9,No,10,Yes,Employed,Services
4872,30,Male,Upper East,Urban,,Married,9,No,20,Yes,Employed,Services
4873,25,Male,Western,Rural,JHS,Married,2,No,7,No,Not in Labor Force,
4874,28,Female,Ashanti,Urban,Tertiary,Married,3,No,5,No,Not in Labor Force,
4875,26,Male,Western,Urban,Primary,Married,8,No,10,No,Not in Labor Force,
4876,33,Male,Bono East,Urban,JHS,Widowed,3,No,14,Yes,Employed,Public Sector
4877,23,Female,Volta,Rural,,Married,4,No,13,Yes,Unemployed,
4878,31,Male,Greater Accra,Urban,SHS,Married,6,No,11,Yes,Employed,Public Sector
4881,32,Female,Bono East,Rural,Primary,Married,5,No,14,No,Not in Labor Force,
4882,19,Male,Eastern,Rural,JHS,Widowed,6,No,3,No,Not in Labor Force,
4884,16,Male,Ashanti,Urban,Tertiary,Single,6,No,0,No,Not in Labor Force,
4886,19,Female,Western,Rural,,Single,2,No,13,No,Not in Labor Force,
4887,19,Female,Eastern,Rural,Primary,Married,5,No,5,No,Not in Labor Force,
4889,32,Male,Greater Accra,Urban,SHS,Single,1,Yes,9,No,Not in Labor Force,
4892,18,Female,Upper West,Rural,Primary,Married,7,No,6,No,Not in Labor Force,
4893,33,Male,Ashanti,Urban,JHS,Married,8,No,12,Yes,Unemployed,
4894,26,Male,Northern,Rural,,Divorced/Separated,7,No,18,Yes,Unemployed,
4895,32,Male,Ashanti,Urban,JHS,Married,4,No,13,Yes,Employed,Informal Trade
4896,28,Male,Ashanti,Rural,,Single,5,No,20,Yes,Employed,Agriculture
4897,34,Female,Ashanti,Urban,JHS,Single,3,No,13,Yes,Employed,Informal Trade
4899,35,Female,Ashanti,Rural,,Divorced/Separated,6,No,21,No,Not in Labor Force,
4900,18,Female,Ashanti,Rural,JHS,Single,6,No,1,Yes,Employed,Services
4901,20,Female,Eastern,Rural,JHS,Single,4,No,4,No,Not in Labor Force,
4902,20,Female,Bono,Rural,SHS,Single,7,No,1,No,Not in Labor Force,
4903,34,Female,Upper East,Rural,JHS,Single,4,No,16,No,Not in Labor Force,
4904,24,Male,Western,Rural,,Single,3,Yes,15,No,Not in Labor Force,
4905,31,Male,Ashanti,Rural,Primary,Divorced/Separated,4,No,17,Yes,Employed,Agriculture
4907,25,Male,Western,Rural,JHS,Single,4,No,8,Yes,Employed,Services
4908,31,Female,Upper East,Rural,Primary,Widowed,8,No,15,Yes,Employed,Services
4909,20,Male,Bono East,Urban,SHS,Single,3,No,1,No,Not in Labor Force,
4910,20,Male,Ashanti,Rural,JHS,Single,5,No,3,Yes,Unemployed,
4911,19,Male,Western,Rural,JHS,Married,1,No,2,No,Not in Labor Force,
4913,34,Male,Western,Rural,Primary,Single,4,No,17,Yes,Employed,Agriculture
4918,31,Female,Ashanti,Urban,SHS,Single,4,No,10,Yes,Employed,Services
4919,31,Female,Greater Accra,Urban,Tertiary,Widowed,5,No,5,Yes,Employed,Services
4920,30,Female,Volta,Rural,Primary,Married,4,No,15,Yes,Employed,Agriculture
4921,33,Male,Ashanti,Rural,Primary,Single,4,No,13,Yes,Employed,Services
4922,26,Female,Eastern,Rural,,Married,7,No,18,Yes,Employed,Agriculture
4923,30,Female,Upper East,Rural,JHS,Single,5,No,12,No,Not in Labor Force,
4926,23,Female,Western,Urban,SHS,Married,5,No,2,Yes,Unemployed,
4927,21,Male,Upper West,Rural,,Single,3,No,13,Yes,Employed,Agriculture
4929,31,Female,Greater Accra,Urban,Tertiary,Married,5,No,7,Yes,Employed,Informal Trade
4930,19,Male,Western,Rural,SHS,Widowed,4,No,0,Yes,Unemployed,
4932,28,Male,Eastern,Rural,SHS,Widowed,4,No,6,No,Not in Labor Force,
4933,22,Male,Ahafo,Rural,JHS,Single,4,No,4,No,Not in Labor Force,
4934,34,Male,Upper East,Rural,Tertiary,Single,7,No,9,Yes,Employed,Agriculture
4935,32,Male,Oti,Rural,Primary,Single,3,No,13,Yes,Employed,Agriculture
4936,35,Female,Oti,Rural,JHS,Married,7,No,13,Yes,Employed,Agriculture
4937,26,Male,Greater Accra,Urban,SHS,Widowed,1,No,5,Yes,Employed,Informal Trade
4940,34,Male,Western North,Rural,JHS,Married,7,No,16,Yes,Employed,Agriculture
4941,35,Female,Northern,Rural,JHS,Married,5,No,18,No,Not in Labor Force,
4942,35,Female,Greater Accra,Urban,Tertiary,Married,5,No,8,Yes,Employed,Industry
4944,30,Male,Oti,Rural,SHS,Married,1,No,11,No,Not in Labor Force,
4947,20,Male,Ashanti,Urban,SHS,Married,5,No,1,No,Not in Labor Force,
4950,31,Female,Savannah,Rural,JHS,Married,2,No,14,Yes,Employed,Agriculture
4951,30,Female,Eastern,Urban,Primary,Single,7,No,16,Yes,Employed,Industry
4953,17,Male,Ashanti,Urban,JHS,Single,3,No,1,No,Not in Labor Force,
4954,33,Male,Greater Accra,Urban,SHS,Single,8,No,13,No,Not in Labor Force,
4957,21,Female,Greater Accra,Urban,Tertiary,Married,7,No,0,Yes,Unemployed,
4958,32,Female,Northern,Rural,Primary,Single,3,No,15,Yes,Employed,Informal Trade
4959,29,Male,Greater Accra,Rural,SHS,Single,2,No,7,Yes,Employed,Informal Trade
4960,35,Male,Northern,Rural,Primary,Single,7,No,18,Yes,Employed,Informal Trade
4961,27,Male,Ashanti,Rural,JHS,Married,3,No,10,Yes,Employed,Industry
4962,33,Male,Ahafo,Urban,SHS,Married,8,No,13,Yes,Employed,Services
4963,34,Female,Ashanti,Urban,,Single,5,No,21,Yes,Unemployed,
4964,29,Female,Western North,Rural,JHS,Single,4,No,11,No,Not in Labor Force,
4965,32,Female,Eastern,Rural,,Divorced/Separated,4,No,20,No,Not in Labor Force,
4966,17,Female,Ashanti,Urban,,Single,6,No,9,Yes,Employed,Services
4967,17,Male,Bono East,Rural,JHS,Single,5,No,1,No,Not in Labor Force,
4968,27,Male,Ashanti,Rural,JHS,Married,6,No,7,No,Not in Labor Force,
4969,34,Female,Volta,Rural,SHS,Widowed,3,No,9,Yes,Employed,Agriculture
4973,22,Female,Greater Accra,Urban,Tertiary,Single,4,No,0,No,Not in Labor Force,
4974,33,Female,Western North,Urban,JHS,Single,4,No,10,No,Not in Labor Force,
4975,34,Male,Ashanti,Rural,Primary,Married,6,No,14,Yes,Unemployed,
4976,29,Female,Volta,Rural,JHS,Married,2,No,11,Yes,Employed,Agriculture
4977,27,Male,Bono East,Urban,SHS,Widowed,7,No,8,Yes,Employed,Services
4978,32,Male,Greater Accra,Urban,SHS,Married,5,No,10,Yes,Employed,Services
4980,21,Male,Greater Accra,Urban,SHS,Single,3,No,2,Yes,Unemployed,
4982,35,Male,Oti,Rural,Primary,Married,7,No,19,Yes,Employed,Agriculture
4983,28,Female,Ahafo,Urban,,Single,5,No,21,Yes,Employed,Services
4984,24,Female,Ashanti,Urban,SHS,Divorced/Separated,3,No,5,No,Not in Labor Force,
4986,21,Female,Western North,Urban,SHS,Single,5,No,2,Yes,Unemployed,
4987,35,Male,Bono East,Urban,SHS,Single,6,No,12,No,Not in Labor Force,
4989,16,Male,Greater Accra,Urban,Primary,Single,6,No,3,No,Not in Labor Force,
4991,19,Male,Upper East,Rural,SHS,Single,4,No,0,Yes,Unemployed,
4992,15,Male,Western,Rural,,Married,5,No,6,No,Not in Labor Force,
4993,30,Male,Ashanti,Rural,SHS,Married,3,No,7,Yes,Unemployed,
4995,33,Female,Ashanti,Urban,Tertiary,Single,3,No,8,Yes,Employed,Services
4999,27,Male,Eastern,Rural,,Widowed,2,No,20,Yes,Employed,Agriculture
5000,27,Male,North East,Rural,,Married,5,No,19,No,Not in Labor Force,
5001,27,Male,Bono East,Rural,,Single,7,No,14,Yes,Employed,Informal Trade
5002,24,Female,Ashanti,Rural,Tertiary,Married,6,No,1,Yes,Unemployed,
5003,33,Female,Ashanti,Urban,Tertiary,Divorced/Separated,6,Yes,9,Yes,Employed,Public Sector
5006,30,Female,Volta,Urban,SHS,Married,3,No,11,Yes,Unemployed,
5007,24,Female,Upper East,Rural,JHS,Married,5,No,6,Yes,Employed,Agriculture
5008,30,Male,Eastern,Rural,,Married,2,No,20,Yes,Employed,Agriculture
5009,35,Female,Greater Accra,Urban,JHS,Divorced/Separated,5,Yes,14,Yes,Employed,Informal Trade
5011,35,Male,Central,Rural,,Single,3,No,22,Yes,Employed,Industry
5012,33,Male,Ashanti,Rural,JHS,Married,7,No,12,Yes,Employed,Agriculture
5013,34,Female,Greater Accra,Urban,Tertiary,Single,6,No,8,Yes,Unemployed,
5016,30,Male,Eastern,Rural,Primary,Divorced/Separated,5,No,14,Yes,Employed,Agriculture
5017,32,Female,Greater Accra,Urban,SHS,Single,5,No,12,Yes,Employed,Services
5018,28,Female,Western North,Rural,SHS,Married,5,No,7,Yes,Employed,Informal Trade
5021,21,Female,Greater Accra,Urban,JHS,Married,6,No,4,Yes,Unemployed,
5025,25,Male,Central,Urban,JHS,Single,5,No,8,Yes,Employed,Informal Trade
5027,28,Female,Northern,Rural,SHS,Single,5,No,8,Yes,Employed,Services
5028,29,Male,Ashanti,Rural,JHS,Divorced/Separated,6,No,9,Yes,Employed,Agriculture
5029,28,Male,Upper East,Rural,SHS,Single,4,No,7,No,Not in Labor Force,
5030,19,Female,Ashanti,Urban,JHS,Divorced/Separated,4,No,3,Yes,Employed,Industry
5031,34,Female,Western,Rural,JHS,Single,3,No,13,No,Not in Labor Force,
5032,35,Male,Western,Urban,JHS,Married,3,No,18,Yes,Employed,Informal Trade
5033,35,Male,Western,Urban,Primary,Single,7,No,14,Yes,Employed,Services
5036,18,Male,Ashanti,Urban,JHS,Single,3,No,1,Yes,Employed,Industry
5037,23,Male,Central,Urban,JHS,Single,10,No,5,Yes,Employed,Services
5038,24,Female,Ashanti,Urban,SHS,Single,6,No,3,No,Not in Labor Force,
5042,33,Female,Oti,Rural,JHS,Widowed,5,No,16,No,Not in Labor Force,
5043,18,Male,Upper East,Urban,,Single,5,Yes,11,Yes,Employed,Services
5045,33,Male,Ashanti,Urban,Tertiary,Married,8,No,9,Yes,Employed,Public Sector
5046,21,Male,Greater Accra,Urban,Tertiary,Married,5,No,0,No,Not in Labor Force,
5047,28,Female,Eastern,Rural,JHS,Married,9,No,11,No,Not in Labor Force,
5048,22,Female,Central,Urban,Tertiary,Single,4,No,0,No,Not in Labor Force,
5050,30,Male,Western,Urban,JHS,Single,4,No,13,No,Not in Labor Force,
5053,23,Female,Greater Accra,Urban,SHS,Married,8,No,3,Yes,Unemployed,
5054,19,Female,Eastern,Rural,SHS,Single,8,No,0,No,Not in Labor Force,
5055,19,Female,Eastern,Urban,JHS,Married,5,No,3,No,Not in Labor Force,
5059,26,Female,Upper West,Rural,JHS,Single,8,No,9,Yes,Employed,Agriculture
5061,18,Female,Bono East,Rural,Primary,Married,6,No,5,No,Not in Labor Force,
5062,28,Female,Western,Rural,JHS,Married,3,No,12,Yes,Employed,Industry
5064,28,Male,Greater Accra,Rural,SHS,Single,4,No,7,No,Not in Labor Force,
5067,23,Male,Greater Accra,Urban,Tertiary,Single,3,No,0,Yes,Unemployed,
5069,30,Female,Greater Accra,Urban,Tertiary,Married,8,No,7,Yes,Employed,Industry
5070,27,Male,Greater Accra,Urban,SHS,Single,3,No,6,Yes,Employed,Industry
5071,22,Female,North East,Rural,Primary,Married,4,No,8,Yes,Employed,Agriculture
5073,20,Female,Volta,Rural,JHS,Single,6,No,4,Yes,Employed,Agriculture
5074,19,Male,Ashanti,Urban,JHS,Married,6,No,3,No,Not in Labor Force,
5075,24,Male,Greater Accra,Urban,Primary,Married,10,No,8,Yes,Unemployed,
5077,28,Female,Ashanti,Rural,SHS,Single,6,No,6,Yes,Employed,Agriculture
5078,25,Male,Ashanti,Urban,,Single,2,No,14,Yes,Employed,Industry
5080,19,Male,Ashanti,Rural,JHS,Married,3,No,2,Yes,Unemployed,
5082,33,Male,Eastern,Urban,Tertiary,Married,7,No,8,Yes,Employed,Public Sector
5083,29,Female,Greater Accra,Urban,Tertiary,Single,6,No,4,Yes,Employed,Services
5084,23,Male,Central,Urban,Tertiary,Single,6,No,0,Yes,Employed,Services
5085,34,Male,Eastern,Rural,,Single,4,No,23,Yes,Employed,Informal Trade
5086,23,Female,Ashanti,Urban,JHS,Married,4,No,6,Yes,Employed,Industry
5090,25,Female,Eastern,Rural,JHS,Single,2,No,6,Yes,Employed,Agriculture
5091,21,Female,Northern,Rural,SHS,Single,3,No,2,Yes,Employed,Informal Trade
5092,23,Male,Ashanti,Urban,Primary,Single,5,No,10,Yes,Employed,Services
5094,35,Female,Greater Accra,Urban,SHS,Divorced/Separated,3,No,14,Yes,Employed,Industry
5095,34,Female,Ashanti,Urban,Tertiary,Married,7,No,11,Yes,Employed,Informal Trade
5096,29,Female,Western North,Urban,Primary,Married,2,No,16,No,Not in Labor Force,
5098,24,Female,Greater Accra,Urban,SHS,Married,6,No,3,Yes,Employed,Industry
5099,32,Male,Greater Accra,Rural,SHS,Divorced/Separated,3,No,10,Yes,Employed,Industry
5104,23,Female,Upper East,Rural,JHS,Married,4,No,6,Yes,Employed,Informal Trade
5105,28,Female,Western North,Rural,Primary,Married,6,No,14,Yes,Employed,Agriculture
5107,32,Female,Greater Accra,Urban,SHS,Single,4,No,11,No,Not in Labor Force,
5109,32,Male,Ashanti,Urban,,Single,3,No,17,Yes,Employed,Informal Trade
5111,20,Female,Eastern,Rural,JHS,Married,4,No,4,Yes,Employed,Informal Trade
5114,21,Female,Northern,Rural,Primary,Married,5,No,6,No,Not in Labor Force,
5115,32,Female,Ahafo,Rural,,Married,3,No,20,Yes,Employed,Agriculture
5116,25,Male,Western,Rural,Primary,Single,4,No,10,Yes,Employed,Services
5118,28,Male,Central,Rural,Primary,Married,3,No,14,No,Not in Labor Force,
5119,18,Male,Eastern,Urban,SHS,Married,5,No,0,Yes,Employed,Services
5122,29,Female,Upper West,Rural,JHS,Divorced/Separated,4,No,11,Yes,Employed,Agriculture
5123,33,Female,Volta,Rural,JHS,Married,7,Yes,15,Yes,Employed,Agriculture
5126,30,Female,Northern,Urban,Tertiary,Single,7,No,6,Yes,Unemployed,
5129,20,Male,Western,Urban,SHS,Married,5,No,1,Yes,Unemployed,
5130,22,Female,Central,Rural,JHS,Divorced/Separated,5,No,4,Yes,Unemployed,
5131,26,Male,Savannah,Rural,Primary,Single,3,Yes,10,No,Not in Labor Force,
5132,22,Female,Eastern,Rural,,Single,10,No,10,Yes,Employed,Informal Trade
5134,22,Female,Greater Accra,Urban,SHS,Married,5,No,3,No,Not in Labor Force,
5136,20,Male,Upper East,Rural,JHS,Divorced/Separated,6,Yes,3,No,Not in Labor Force,
5137,25,Male,Western North,Rural,JHS,Single,5,No,6,Yes,Unemployed,
5140,21,Male,Bono East,Rural,JHS,Divorced/Separated,5,No,4,Yes,Employed,Agriculture
5142,18,Female,Greater Accra,Rural,Primary,Single,8,No,4,No,Not in Labor Force,
5143,21,Female,Volta,Rural,Primary,Divorced/Separated,5,No,6,Yes,Employed,Agriculture
5149,28,Male,Western,Rural,SHS,Single,8,Yes,6,Yes,Unemployed,
5152,26,Male,Ashanti,Urban,JHS,Married,4,Yes,8,Yes,Employed,Services
5153,21,Male,Central,Rural,,Married,2,No,14,No,Not in Labor Force,
5154,25,Female,Northern,Rural,Primary,Single,4,No,10,Yes,Employed,Agriculture
5155,31,Female,Northern,Rural,SHS,Married,6,No,8,No,Not in Labor Force,
5156,29,Female,Western North,Rural,JHS,Single,6,No,13,No,Not in Labor Force,
5158,22,Male,Upper East,Rural,Primary,Married,3,No,9,Yes,Employed,Agriculture
5159,35,Male,Ashanti,Urban,SHS,Married,5,No,16,Yes,Employed,Industry
5160,17,Female,Greater Accra,Urban,SHS,Single,9,No,0,Yes,Unemployed,
5161,26,Male,Central,Rural,Primary,Single,3,No,11,Yes,Employed,Agriculture
5163,25,Female,Western,Urban,JHS,Married,4,No,7,No,Not in Labor Force,
5165,20,Female,Volta,Rural,JHS,Married,6,No,3,Yes,Employed,Services
5166,26,Male,Ashanti,Urban,Primary,Single,7,No,12,Yes,Employed,Services
5167,33,Male,Ashanti,Urban,Primary,Married,7,No,14,Yes,Employed,Services
5169,35,Female,Eastern,Rural,SHS,Divorced/Separated,6,No,11,Yes,Employed,Agriculture
5170,35,Male,Greater Accra,Urban,JHS,Single,3,No,17,Yes,Employed,Services
5171,22,Female,Eastern,Rural,,Married,4,No,11,No,Not in Labor Force,
5172,32,Male,Greater Accra,Urban,SHS,Single,4,No,13,Yes,Employed,Public Sector
5173,34,Male,Eastern,Urban,,Married,4,No,20,Yes,Employed,Services
5174,30,Male,Western North,Urban,JHS,Married,3,No,11,Yes,Unemployed,
5176,23,Female,Central,Rural,JHS,Single,4,No,6,No,Not in Labor Force,
5177,20,Female,Upper East,Rural,SHS,Single,6,No,1,Yes,Employed,Agriculture
5178,34,Male,Western,Urban,JHS,Single,2,No,14,Yes,Employed,Industry
5180,35,Male,Eastern,Urban,JHS,Single,4,No,12,Yes,Employed,Services
5183,26,Male,Ashanti,Rural,JHS,Married,3,No,7,Yes,Employed,Agriculture
5184,21,Female,Oti,Rural,Primary,Single,4,No,7,No,Not in Labor Force,
5186,28,Male,Ashanti,Urban,Tertiary,Single,2,No,3,Yes,Employed,Industry
5187,32,Male,Northern,Urban,JHS,Married,4,No,15,Yes,Employed,Informal Trade
5192,20,Male,Central,Rural,JHS,Married,6,No,3,No,Not in Labor Force,
5195,35,Female,Greater Accra,Urban,SHS,Single,3,No,11,Yes,Employed,Industry
5197,27,Female,Upper East,Urban,JHS,Married,5,Yes,8,No,Not in Labor Force,
5199,23,Female,Greater Accra,Urban,Primary,Married,4,No,11,Yes,Employed,Services
5200,31,Female,Western,Rural,,Married,3,No,17,Yes,Employed,Agriculture
5201,27,Female,Eastern,Rural,,Widowed,6,No,15,Yes,Employed,Agriculture
5202,35,Female,Ahafo,Rural,JHS,Married,7,No,13,Yes,Employed,Agriculture
5203,35,Female,Greater Accra,Urban,Tertiary,Married,8,No,8,Yes,Employed,Informal Trade
5204,20,Female,Ashanti,Rural,JHS,Married,3,No,2,Yes,Employed,Agriculture
5206,20,Female,Northern,Rural,JHS,Married,6,No,3,Yes,Employed,Informal Trade
5209,25,Female,Central,Urban,SHS,Single,4,No,4,Yes,Employed,Services
5210,20,Female,Savannah,Rural,Primary,Divorced/Separated,6,No,7,Yes,Unemployed,
5213,26,Male,Central,Urban,Tertiary,Single,5,No,2,No,Not in Labor Force,
5214,34,Female,Ashanti,Rural,Primary,Married,9,No,21,Yes,Employed,Agriculture
5215,29,Female,Ashanti,Urban,SHS,Married,3,No,9,Yes,Employed,Services
5217,29,Male,Central,Urban,JHS,Single,3,No,11,Yes,Employed,Industry
5218,34,Male,Ashanti,Urban,JHS,Single,3,No,13,Yes,Employed,Informal Trade
5220,25,Female,North East,Urban,Primary,Divorced/Separated,4,No,9,Yes,Employed,Services
5221,35,Female,Western,Rural,Primary,Married,5,No,15,No,Not in Labor Force,
5222,35,Male,Greater Accra,Rural,,Divorced/Separated,8,Yes,21,No,Not in Labor Force,
5224,28,Male,Western,Rural,Primary,Single,8,No,11,Yes,Employed,Agriculture
5227,30,Female,Central,Urban,JHS,Single,6,No,12,Yes,Employed,Public Sector
5228,23,Male,Ashanti,Urban,Primary,Married,4,No,10,No,Not in Labor Force,
5230,35,Female,Northern,Rural,SHS,Single,5,Yes,13,Yes,Employed,Public Sector
5231,35,Female,Ashanti,Urban,SHS,Single,4,No,15,Yes,Employed,Public Sector
5233,34,Male,Volta,Rural,Primary,Married,2,Yes,15,No,Not in Labor Force,
5234,32,Male,Ashanti,Rural,JHS,Single,4,No,10,No,Not in Labor Force,
5235,27,Female,Upper East,Rural,JHS,Single,7,No,7,No,Not in Labor Force,
5238,23,Female,Ashanti,Urban,,Widowed,6,No,13,Yes,Employed,Informal Trade
5240,34,Male,Greater Accra,Urban,Tertiary,Married,5,No,9,No,Not in Labor Force,
5242,32,Female,Bono East,Rural,,Married,6,No,25,No,Not in Labor Force,
5243,21,Female,Greater Accra,Urban,JHS,Married,6,No,5,No,Not in Labor Force,
5244,28,Female,Western North,Rural,JHS,Single,4,No,10,Yes,Unemployed,
5245,33,Female,Northern,Urban,SHS,Married,4,No,11,Yes,Unemployed,
5246,29,Male,Ashanti,Rural,SHS,Widowed,4,Yes,7,Yes,Unemployed,
5248,29,Female,Bono,Rural,JHS,Married,8,No,13,Yes,Employed,Services
5249,34,Male,Greater Accra,Urban,SHS,Single,6,No,10,Yes,Employed,Industry
5251,24,Male,Eastern,Rural,JHS,Single,2,No,7,Yes,Employed,Informal Trade
5252,24,Female,Bono East,Urban,,Single,8,No,16,Yes,Unemployed,
5253,28,Male,Eastern,Rural,JHS,Single,6,No,8,Yes,Employed,Agriculture
5254,22,Male,Upper West,Rural,JHS,Divorced/Separated,3,No,4,No,Not in Labor Force,
5257,24,Female,Greater Accra,Urban,Primary,Divorced/Separated,3,No,11,Yes,Employed,Industry
5260,34,Female,Western North,Rural,,Married,3,No,23,Yes,Unemployed,
5261,25,Female,Upper East,Rural,Primary,Widowed,5,No,11,Yes,Employed,Agriculture
5262,32,Male,Ashanti,Rural,Primary,Single,5,No,19,No,Not in Labor Force,
5263,35,Male,Bono East,Rural,,Single,6,No,28,Yes,Employed,Agriculture
5264,23,Female,Greater Accra,Urban,SHS,Married,9,No,3,Yes,Unemployed,
5266,22,Female,Central,Urban,Tertiary,Single,4,No,0,Yes,Employed,Services
5269,33,Male,Western,Urban,JHS,Single,5,No,12,No,Not in Labor Force,
5270,29,Female,Bono,Urban,SHS,Married,6,No,8,Yes,Employed,Services
5274,31,Male,Greater Accra,Rural,Primary,Married,9,No,13,Yes,Employed,Agriculture
5276,23,Male,Bono,Rural,SHS,Married,8,No,3,Yes,Employed,Industry
5279,27,Female,Western,Rural,JHS,Married,5,No,9,Yes,Employed,Agriculture
5280,26,Male,Ashanti,Rural,Primary,Married,3,No,10,Yes,Employed,Informal Trade
5281,20,Male,Savannah,Rural,Primary,Married,6,No,5,Yes,Employed,Agriculture
5282,26,Male,Eastern,Rural,Primary,Single,4,No,14,Yes,Employed,Informal Trade
5283,24,Female,Western,Rural,Primary,Single,4,No,8,No,Not in Labor Force,
5284,20,Female,Bono East,Rural,Primary,Married,2,No,5,Yes,Employed,Services
5285,35,Male,Northern,Rural,JHS,Single,3,No,12,Yes,Employed,Informal Trade
5286,30,Female,Northern,Rural,JHS,Single,6,No,11,Yes,Employed,Agriculture
5288,33,Female,Western,Urban,Primary,Divorced/Separated,7,No,19,No,Not in Labor Force,
5290,35,Female,Volta,Rural,Primary,Single,3,No,16,Yes,Employed,Agriculture
5293,27,Male,Western North,Rural,,Single,5,No,14,Yes,Employed,Agriculture
5295,27,Female,Upper West,Rural,JHS,Married,4,No,8,Yes,Employed,Services
5296,17,Female,Upper East,Rural,Primary,Divorced/Separated,5,No,4,Yes,Unemployed,
5297,24,Male,Western,Rural,SHS,Married,4,Yes,4,Yes,Employed,Industry
5298,33,Female,Eastern,Rural,SHS,Married,5,No,11,Yes,Employed,Agriculture
5300,32,Male,Ashanti,Rural,Primary,Single,4,No,17,No,Not in Labor Force,
5302,34,Female,Ashanti,Urban,SHS,Married,3,No,12,Yes,Unemployed,
5303,34,Male,Greater Accra,Urban,JHS,Married,3,No,18,No,Not in Labor Force,
5304,30,Female,Savannah,Rural,JHS,Married,4,No,10,No,Not in Labor Force,
5306,34,Male,Ashanti,Urban,Tertiary,Married,6,No,8,Yes,Employed,Industry
5307,23,Female,Volta,Rural,JHS,Single,5,No,5,Yes,Employed,Agriculture
5309,22,Female,Savannah,Urban,JHS,Married,2,No,4,No,Not in Labor Force,
5310,25,Female,Greater Accra,Urban,SHS,Single,4,No,5,No,Not in Labor Force,
5312,29,Female,Greater Accra,Urban,JHS,Married,4,No,13,Yes,Employed,Industry
5315,32,Female,Ashanti,Rural,JHS,Single,2,No,13,No,Not in Labor Force,
5316,33,Male,Bono East,Rural,JHS,Single,4,No,15,Yes,Employed,Public Sector
5317,20,Female,Ashanti,Rural,Primary,Married,7,No,6,Yes,Employed,Agriculture
5320,21,Male,Ashanti,Urban,Tertiary,Widowed,6,No,0,No,Not in Labor Force,
5322,31,Female,Bono,Rural,JHS,Married,2,No,11,No,Not in Labor Force,
5323,26,Female,Northern,Urban,SHS,Single,8,No,7,Yes,Employed,Public Sector
5324,21,Female,Western,Rural,,Single,8,No,13,Yes,Employed,Services
5325,18,Female,Ashanti,Rural,Primary,Single,5,No,4,Yes,Employed,Agriculture
5326,23,Female,Central,Rural,JHS,Single,3,No,5,No,Not in Labor Force,
5327,27,Male,Ashanti,Rural,,Single,6,No,13,No,Not in Labor Force,
5328,25,Female,Greater Accra,Rural,SHS,Married,7,No,4,No,Not in Labor Force,
5329,30,Male,Greater Accra,Urban,JHS,Married,4,No,13,No,Not in Labor Force,
5331,23,Male,Savannah,Urban,Tertiary,Married,5,No,0,Yes,Unemployed,
5332,35,Female,Ashanti,Rural,Primary,Single,5,No,15,Yes,Employed,Agriculture
5333,20,Male,Greater Accra,Urban,,Single,3,No,12,No,Not in Labor Force,
5334,35,Male,Eastern,Rural,,Divorced/Separated,7,No,23,No,Not in Labor Force,
5335,31,Female,Central,Urban,Primary,Married,6,No,14,No,Not in Labor Force,
5336,22,Male,Eastern,Rural,Primary,Widowed,4,No,8,Yes,Employed,Agriculture
5337,26,Male,Eastern,Rural,,Single,6,No,15,No,Not in Labor Force,
5338,27,Male,Greater Accra,Urban,SHS,Divorced/Separated,3,No,6,Yes,Employed,Public Sector
5339,24,Male,Upper East,Rural,JHS,Married,7,No,6,Yes,Employed,Agriculture
5341,30,Female,North East,Rural,SHS,Single,5,Yes,9,No,Not in Labor Force,
5342,29,Male,Eastern,Rural,,Married,8,No,16,Yes,Employed,Agriculture
5344,25,Female,Ashanti,Rural,JHS,Single,5,No,7,Yes,Employed,Agriculture
5346,31,Male,Central,Urban,JHS,Married,5,No,11,Yes,Employed,Services
5348,30,Female,Savannah,Rural,Primary,Married,4,No,15,Yes,Employed,Industry
5350,31,Male,Ashanti,Urban,JHS,Single,5,No,12,No,Not in Labor Force,
5351,34,Female,Western,Urban,Primary,Married,8,Yes,20,Yes,Employed,Industry
5354,31,Female,Western North,Rural,Primary,Divorced/Separated,4,No,16,No,Not in Labor Force,
5356,28,Female,Greater Accra,Urban,SHS,Married,5,No,8,Yes,Employed,Informal Trade
5359,26,Male,Upper East,Rural,Tertiary,Married,8,No,2,Yes,Employed,Industry
5360,34,Female,Northern,Rural,,Married,4,No,24,Yes,Employed,Public Sector
5361,26,Male,Volta,Rural,,Married,7,No,20,Yes,Employed,Services
5362,31,Male,Bono,Urban,JHS,Married,6,Yes,9,No,Not in Labor Force,
5363,32,Female,Bono East,Rural,SHS,Married,1,No,9,Yes,Employed,Agriculture
5364,17,Male,Ashanti,Rural,JHS,Married,5,No,1,No,Not in Labor Force,
5365,35,Female,Eastern,Rural,Primary,Single,7,No,14,Yes,Employed,Public Sector
5366,26,Female,Volta,Urban,,Married,4,No,19,Yes,Employed,Informal Trade
5367,27,Female,Ashanti,Urban,Tertiary,Married,7,No,3,Yes,Employed,Industry
5369,25,Female,Volta,Rural,Primary,Married,4,Yes,9,No,Not in Labor Force,
5370,28,Female,Greater Accra,Urban,,Single,5,No,22,No,Not in Labor Force,
5372,21,Female,Northern,Urban,JHS,Married,3,No,3,Yes,Employed,Services
5373,33,Female,Greater Accra,Urban,JHS,Single,7,No,14,Yes,Employed,Services
5374,28,Male,Central,Rural,Tertiary,Married,4,No,3,No,Not in Labor Force,
5376,26,Female,Bono,Rural,,Married,6,No,15,No,Not in Labor Force,
5377,28,Male,Eastern,Rural,JHS,Married,6,No,7,Yes,Employed,Agriculture
5378,26,Female,Ashanti,Urban,JHS,Single,2,No,9,Yes,Unemployed,
5381,25,Male,Ahafo,Rural,,Married,3,No,18,Yes,Employed,Agriculture
5383,19,Female,Volta,Urban,SHS,Single,5,No,0,Yes,Unemployed,
5384,19,Male,Bono,Urban,SHS,Married,7,Yes,0,Yes,Employed,Services
5385,34,Female,Bono,Rural,,Married,7,No,21,No,Not in Labor Force,
5386,28,Male,Central,Urban,Tertiary,Single,3,No,4,Yes,Employed,Industry
5387,34,Female,Greater Accra,Rural,JHS,Single,3,No,14,No,Not in Labor Force,
5389,34,Male,Greater Accra,Urban,JHS,Married,6,No,16,Yes,Employed,Industry
5391,35,Male,Greater Accra,Urban,Primary,Single,2,No,19,No,Not in Labor Force,
5392,32,Female,Central,Urban,Tertiary,Married,3,No,6,No,Not in Labor Force,
5393,33,Male,Ashanti,Urban,SHS,Single,4,No,9,Yes,Employed,Industry
5394,32,Male,Bono East,Urban,JHS,Married,4,No,11,Yes,Employed,Informal Trade
5397,16,Female,Greater Accra,Urban,JHS,Single,2,No,0,Yes,Unemployed,
5398,31,Female,Eastern,Urban,SHS,Single,7,No,11,Yes,Employed,Informal Trade
5399,32,Female,Ashanti,Rural,JHS,Single,3,No,14,Yes,Employed,Informal Trade
5401,29,Female,Greater Accra,Urban,Primary,Married,4,No,12,Yes,Employed,Agriculture
5403,32,Female,Central,Urban,JHS,Married,4,No,11,Yes,Employed,Services
5405,22,Male,Greater Accra,Urban,SHS,Single,4,No,2,Yes,Employed,Services
5407,27,Male,Savannah,Rural,Primary,Married,5,No,15,No,Not in Labor Force,
5408,19,Male,Central,Urban,SHS,Divorced/Separated,7,No,0,Yes,Employed,Industry
5409,31,Male,Northern,Rural,,Married,4,No,20,No,Not in Labor Force,
5411,28,Female,Volta,Rural,SHS,Married,4,Yes,8,No,Not in Labor Force,
5412,33,Male,Western,Urban,Tertiary,Widowed,9,No,10,No,Not in Labor Force,
5413,19,Female,Bono,Rural,,Married,8,No,9,No,Not in Labor Force,
5415,18,Female,Northern,Rural,SHS,Married,7,No,0,Yes,Unemployed,
5416,16,Male,Ashanti,Rural,SHS,Married,5,No,0,No,Not in Labor Force,
5417,19,Male,Ashanti,Rural,SHS,Married,4,No,0,Yes,Employed,Agriculture
5418,19,Female,Ashanti,Urban,SHS,Married,8,No,0,No,Not in Labor Force,
5419,35,Male,Eastern,Rural,SHS,Widowed,4,No,14,Yes,Employed,Services
5420,35,Male,Central,Rural,,Single,3,No,25,Yes,Employed,Services
5421,19,Male,Northern,Rural,Primary,Married,8,No,5,Yes,Employed,Agriculture
5423,22,Male,Greater Accra,Urban,Tertiary,Single,9,No,0,Yes,Unemployed,
5424,20,Female,Upper West,Rural,Primary,Divorced/Separated,7,No,6,Yes,Employed,Informal Trade
5426,22,Female,Northern,Rural,Primary,Married,10,No,9,No,Not in Labor Force,
5427,32,Male,Northern,Urban,SHS,Single,5,No,9,No,Not in Labor Force,
5428,31,Male,Western North,Urban,SHS,Single,7,No,11,Yes,Employed,Industry
5430,31,Female,Ashanti,Urban,JHS,Single,6,No,10,Yes,Employed,Industry
5431,27,Male,Volta,Urban,JHS,Single,3,Yes,7,Yes,Employed,Industry
5433,21,Female,Greater Accra,Rural,SHS,Married,8,No,2,No,Not in Labor Force,
5434,30,Female,Ashanti,Rural,JHS,Married,7,No,13,No,Not in Labor Force,
5436,35,Male,Central,Urban,,Single,9,No,23,No,Not in Labor Force,
5437,20,Male,Eastern,Urban,SHS,Single,10,No,1,No,Not in Labor Force,
5438,33,Male,Upper West,Rural,Primary,Single,2,No,15,Yes,Unemployed,
5440,29,Female,Ashanti,Urban,JHS,Married,3,No,11,Yes,Employed,Industry
5441,21,Male,Ashanti,Rural,,Single,2,No,12,No,Not in Labor Force,
5443,22,Female,Ashanti,Rural,JHS,Single,7,No,5,No,Not in Labor Force,
5446,24,Female,Ashanti,Urban,Tertiary,Divorced/Separated,6,No,1,Yes,Employed,Industry
5447,17,Female,Greater Accra,Urban,SHS,Single,5,No,0,Yes,Unemployed,
5449,17,Male,Ashanti,Rural,SHS,Married,7,No,0,No,Not in Labor Force,
5450,28,Female,Greater Accra,Urban,SHS,Married,4,No,8,Yes,Employed,Services
5451,16,Male,Ashanti,Rural,SHS,Married,6,No,0,No,Not in Labor Force,
5452,22,Male,Northern,Rural,Primary,Married,1,No,9,Yes,Unemployed,
5453,19,Female,Volta,Rural,,Single,4,No,10,Yes,Employed,Informal Trade
5455,27,Female,Northern,Rural,,Widowed,7,No,16,No,Not in Labor Force,
5456,31,Male,Volta,Rural,SHS,Single,5,No,9,Yes,Unemployed,
5457,30,Male,Upper West,Rural,JHS,Married,6,No,14,Yes,Employed,Agriculture
5459,16,Female,Ashanti,Urban,Primary,Single,7,No,2,No,Not in Labor Force,
5460,33,Male,Upper West,Urban,JHS,Married,4,No,14,Yes,Employed,Services
5463,34,Female,Northern,Rural,,Married,4,No,28,Yes,Employed,Agriculture
5464,20,Female,Greater Accra,Urban,SHS,Divorced/Separated,7,Yes,1,No,Not in Labor Force,
5466,24,Female,Ashanti,Urban,SHS,Married,6,No,5,No,Not in Labor Force,
5467,16,Female,Upper East,Urban,SHS,Single,4,No,0,No,Not in Labor Force,
5468,29,Female,Greater Accra,Urban,JHS,Single,4,No,8,No,Not in Labor Force,
5470,23,Male,Northern,Rural,JHS,Single,5,No,5,Yes,Employed,Industry
5477,32,Female,Ashanti,Rural,Primary,Single,8,No,19,Yes,Employed,Services
5481,31,Male,Oti,Rural,Primary,Married,3,No,15,Yes,Employed,Informal Trade
5483,33,Female,Ashanti,Rural,SHS,Single,6,No,12,No,Not in Labor Force,
5484,27,Female,Volta,Urban,Tertiary,Married,6,No,3,Yes,Employed,Informal Trade
5486,31,Male,Eastern,Rural,Primary,Single,4,No,14,Yes,Employed,Agriculture
5487,18,Male,Ahafo,Rural,SHS,Single,7,No,0,Yes,Employed,Industry
5489,25,Female,Eastern,Urban,SHS,Married,9,No,5,Yes,Employed,Agriculture
5490,33,Male,Northern,Rural,JHS,Single,7,No,12,Yes,Employed,Informal Trade
5491,35,Male,Central,Rural,,Married,2,No,28,No,Not in Labor Force,
5493,25,Male,Upper East,Rural,Primary,Widowed,8,No,9,Yes,Employed,Agriculture
5494,29,Male,Western North,Rural,,Divorced/Separated,5,No,18,No,Not in Labor Force,
5496,31,Male,Northern,Rural,Primary,Single,3,No,15,No,Not in Labor Force,
5498,22,Female,Bono East,Rural,Primary,Married,6,No,6,Yes,Employed,Informal Trade
5499,32,Male,Northern,Rural,,Single,5,No,23,No,Not in Labor Force,
5500,16,Female,Ashanti,Rural,JHS,Married,5,No,0,Yes,Employed,Services
5502,34,Female,Western,Urban,SHS,Married,7,No,13,No,Not in Labor Force,
5505,21,Male,Western,Rural,SHS,Married,6,No,1,Yes,Unemployed,
5507,19,Male,Ashanti,Rural,SHS,Single,3,No,0,No,Not in Labor Force,
5509,35,Male,Western,Rural,SHS,Married,6,No,14,Yes,Employed,Agriculture
5510,32,Female,Ashanti,Urban,SHS,Single,2,No,13,Yes,Unemployed,
5511,23,Male,Greater Accra,Urban,,Married,7,No,11,Yes,Employed,Public Sector
5516,29,Male,Ashanti,Urban,JHS,Divorced/Separated,7,No,9,Yes,Employed,Informal Trade
5517,30,Female,Greater Accra,Urban,SHS,Single,4,No,10,Yes,Unemployed,
5518,25,Male,Central,Rural,JHS,Married,3,No,6,Yes,Employed,Agriculture
5523,32,Male,Ashanti,Urban,SHS,Single,2,No,9,Yes,Unemployed,
5524,25,Female,Upper West,Rural,SHS,Married,6,No,6,Yes,Employed,Agriculture
5526,19,Female,Greater Accra,Urban,Tertiary,Single,4,No,0,No,Not in Labor Force,
5528,28,Female,Oti,Rural,Primary,Married,6,No,12,No,Not in Labor Force,
5530,31,Male,Ashanti,Rural,JHS,Single,6,No,14,Yes,Employed,Services
5531,34,Male,Greater Accra,Urban,JHS,Married,7,No,15,Yes,Unemployed,
5533,16,Male,Ashanti,Rural,JHS,Married,1,No,0,No,Not in Labor Force,
5534,30,Male,Ashanti,Urban,Tertiary,Married,9,No,7,Yes,Unemployed,
5535,22,Male,Eastern,Urban,SHS,Married,4,No,2,No,Not in Labor Force,
5536,21,Male,Upper East,Urban,SHS,Married,4,No,2,No,Not in Labor Force,
5538,29,Male,Central,Rural,Primary,Married,8,No,13,Yes,Employed,Agriculture
5539,19,Female,Savannah,Rural,JHS,Married,3,No,3,No,Not in Labor Force,
5540,22,Male,Ashanti,Urban,JHS,Married,6,No,4,Yes,Employed,Informal Trade
5541,32,Female,Central,Rural,Primary,Married,6,No,13,Yes,Employed,Agriculture
5542,19,Male,Greater Accra,Urban,JHS,Single,1,No,3,Yes,Employed,Services
5545,23,Male,Upper East,Rural,,Single,7,No,15,Yes,Employed,Agriculture
5546,24,Male,Central,Rural,JHS,Married,8,No,7,No,Not in Labor Force,
5547,29,Male,Greater Accra,Urban,JHS,Married,8,No,9,No,Not in Labor Force,
5548,22,Male,Oti,Urban,JHS,Single,5,No,4,Yes,Unemployed,
5549,22,Female,Ashanti,Urban,JHS,Single,2,No,5,No,Not in Labor Force,
5550,20,Female,Ashanti,Rural,Primary,Married,3,No,6,Yes,Employed,Informal Trade
5551,22,Male,Ahafo,Rural,Primary,Single,4,No,8,No,Not in Labor Force,
5553,35,Male,Bono East,Rural,Primary,Single,2,No,22,Yes,Employed,Agriculture
5555,31,Male,Greater Accra,Urban,Tertiary,Divorced/Separated,8,No,6,Yes,Employed,Informal Trade
5556,32,Male,Western,Urban,JHS,Single,6,No,13,Yes,Employed,Services
5557,29,Female,Ashanti,Rural,,Single,3,No,22,Yes,Employed,Informal Trade
5558,31,Female,Northern,Urban,SHS,Single,5,No,11,Yes,Employed,Public Sector
5559,33,Male,Ashanti,Rural,SHS,Married,4,No,13,Yes,Employed,Informal Trade
5561,28,Male,Central,Rural,SHS,Married,5,No,9,Yes,Unemployed,
5562,30,Male,Ashanti,Rural,,Married,4,No,15,Yes,Employed,Agriculture
5563,31,Female,Ashanti,Rural,Primary,Married,4,No,13,No,Not in Labor Force,
5566,33,Male,Western,Rural,Primary,Single,5,No,13,Yes,Employed,Agriculture
5569,22,Male,Eastern,Urban,Tertiary,Single,8,No,0,No,Not in Labor Force,
5570,30,Female,Greater Accra,Urban,Tertiary,Single,3,No,6,Yes,Employed,Services
5572,22,Female,Western North,Rural,SHS,Married,6,No,2,Yes,Employed,Public Sector
5574,33,Male,Bono,Rural,SHS,Married,8,No,9,Yes,Employed,Agriculture
5576,21,Male,Northern,Rural,,Single,3,No,14,No,Not in Labor Force,
5577,24,Female,Volta,Rural,JHS,Married,6,No,7,No,Not in Labor Force,
5584,24,Female,Greater Accra,Urban,JHS,Married,6,No,6,Yes,Unemployed,
5587,34,Female,Savannah,Rural,JHS,Married,4,No,18,Yes,Employed,Industry
5588,24,Male,Greater Accra,Urban,JHS,Married,3,No,5,Yes,Unemployed,
5590,23,Female,Greater Accra,Urban,JHS,Single,4,No,6,Yes,Employed,Industry
5592,23,Male,Volta,Urban,,Single,4,No,14,Yes,Employed,Public Sector
5593,24,Male,Central,Rural,JHS,Single,7,No,5,Yes,Unemployed,
5594,32,Female,Ashanti,Urban,SHS,Single,2,No,9,No,Not in Labor Force,
5597,17,Male,Greater Accra,Rural,,Single,6,No,8,Yes,Employed,Agriculture
5600,28,Female,Central,Urban,Tertiary,Married,5,No,5,Yes,Employed,Services
5601,32,Male,Eastern,Urban,SHS,Single,4,No,12,No,Not in Labor Force,
5602,26,Male,Northern,Urban,Tertiary,Single,4,No,2,Yes,Employed,Informal Trade
5604,25,Male,Bono East,Rural,Tertiary,Single,4,No,2,Yes,Employed,Agriculture
5611,32,Female,Western North,Rural,JHS,Single,6,No,15,Yes,Employed,Agriculture
5612,28,Female,Eastern,Rural,Primary,Married,2,No,12,Yes,Employed,Agriculture
5613,30,Female,Volta,Rural,JHS,Single,6,No,9,Yes,Employed,Agriculture
5615,22,Male,Western,Urban,SHS,Married,6,No,3,Yes,Employed,Services
5616,27,Male,Ashanti,Rural,JHS,Divorced/Separated,2,No,7,No,Not in Labor Force,
5618,30,Female,Ahafo,Rural,JHS,Married,5,No,9,No,Not in Labor Force,
5619,32,Female,Greater Accra,Urban,SHS,Single,7,No,11,Yes,Employed,Public Sector
5620,28,Female,Greater Accra,Urban,SHS,Single,7,No,6,Yes,Employed,Public Sector
5621,31,Female,Western,Rural,JHS,Married,4,No,15,Yes,Employed,Industry
5624,22,Male,Ashanti,Urban,JHS,Single,7,No,6,No,Not in Labor Force,
5627,19,Male,Northern,Rural,,Married,7,No,13,Yes,Employed,Agriculture
5628,22,Male,Volta,Rural,,Single,5,No,10,Yes,Unemployed,
5630,18,Male,Bono,Urban,Tertiary,Married,5,No,0,No,Not in Labor Force,
5631,27,Female,Ashanti,Urban,Tertiary,Single,3,No,4,Yes,Unemployed,
5632,34,Female,Upper West,Rural,JHS,Married,8,No,13,Yes,Employed,Industry
5633,18,Male,Greater Accra,Urban,JHS,Single,6,No,1,No,Not in Labor Force,
5634,30,Male,Western North,Rural,Tertiary,Single,4,No,7,Yes,Employed,Agriculture
5635,33,Female,Eastern,Rural,JHS,Single,8,No,12,No,Not in Labor Force,
5637,24,Female,Central,Urban,JHS,Widowed,5,No,8,Yes,Unemployed,
5638,27,Female,Western,Urban,SHS,Single,6,No,5,Yes,Employed,Industry
5641,32,Female,Eastern,Rural,Primary,Single,2,Yes,15,No,Not in Labor Force,
5642,18,Female,Greater Accra,Urban,Tertiary,Married,3,No,0,Yes,Employed,Services
5643,22,Female,Bono,Urban,SHS,Married,4,No,3,No,Not in Labor Force,
5645,32,Male,Volta,Rural,JHS,Married,4,No,11,Yes,Employed,Informal Trade
5646,25,Female,Bono East,Rural,,Widowed,4,No,14,Yes,Unemployed,
5649,32,Female,Central,Urban,Tertiary,Divorced/Separated,3,No,6,Yes,Employed,Services
5650,19,Female,Western,Rural,SHS,Single,4,No,0,Yes,Employed,Informal Trade
5651,33,Male,Greater Accra,Urban,JHS,Single,7,No,14,Yes,Employed,Services
5652,24,Female,Upper East,Rural,JHS,Single,3,No,5,Yes,Employed,Agriculture
5654,33,Female,Northern,Rural,JHS,Divorced/Separated,6,No,10,Yes,Employed,Services
5657,28,Female,Ashanti,Rural,SHS,Single,5,No,7,Yes,Unemployed,
5659,23,Female,Central,Urban,,Single,3,No,15,Yes,Employed,Informal Trade
5660,30,Male,Greater Accra,Urban,,Married,2,No,15,No,Not in Labor Force,
5662,31,Male,Greater Accra,Urban,SHS,Married,7,No,9,Yes,Employed,Industry
5664,21,Female,Eastern,Rural,Primary,Married,4,No,7,Yes,Unemployed,
5666,28,Male,Greater Accra,Urban,Tertiary,Single,3,No,5,Yes,Employed,Informal Trade
5669,32,Male,Upper East,Rural,SHS,Married,5,No,10,No,Not in Labor Force,
5670,15,Female,Ashanti,Urban,JHS,Single,2,No,0,Yes,Employed,Services
5672,25,Male,Ashanti,Urban,JHS,Single,5,No,6,No,Not in Labor Force,
5673,22,Female,Oti,Rural,JHS,Married,4,No,6,Yes,Employed,Agriculture
5674,28,Female,Western North,Rural,SHS,Single,6,Yes,6,No,Not in Labor Force,
5679,25,Male,Volta,Urban,JHS,Married,4,No,7,Yes,Employed,Services
5680,31,Female,Greater Accra,Urban,SHS,Married,9,No,8,Yes,Employed,Services
5681,27,Female,Greater Accra,Urban,SHS,Single,5,No,7,Yes,Employed,Services
5687,20,Female,Greater Accra,Urban,Tertiary,Single,9,No,0,No,Not in Labor Force,
5688,31,Male,Greater Accra,Urban,JHS,Married,4,No,13,Yes,Employed,Services
5689,23,Male,Upper West,Urban,JHS,Single,2,No,5,Yes,Unemployed,
5690,27,Male,Savannah,Rural,JHS,Single,10,No,11,Yes,Employed,Agriculture
5691,31,Female,Ashanti,Urban,JHS,Single,4,No,11,No,Not in Labor Force,
5692,28,Female,Greater Accra,Urban,SHS,Married,5,No,7,Yes,Employed,Services
5694,19,Male,Greater Accra,Urban,JHS,Single,5,No,2,No,Not in Labor Force,
5695,22,Female,Bono,Rural,Tertiary,Married,6,No,0,Yes,Employed,Services
5696,22,Female,Central,Rural,,Married,5,No,12,Yes,Employed,Agriculture
5698,22,Female,Ashanti,Urban,SHS,Single,7,No,2,Yes,Employed,Informal Trade
5699,35,Female,Greater Accra,Urban,SHS,Single,5,No,12,Yes,Employed,Services
5700,33,Male,Greater Accra,Urban,SHS,Married,3,No,14,Yes,Employed,Informal Trade
5701,20,Male,Northern,Urban,SHS,Married,5,No,1,No,Not in Labor Force,
5702,19,Female,Volta,Rural,SHS,Single,5,No,0,Yes,Unemployed,
5703,19,Male,Greater Accra,Urban,Primary,Married,7,No,6,No,Not in Labor Force,
5706,27,Male,Eastern,Urban,SHS,Married,4,No,8,Yes,Employed,Industry
5707,30,Female,Greater Accra,Urban,Tertiary,Widowed,7,No,5,Yes,Unemployed,
5708,16,Male,Volta,Urban,,Married,6,No,8,Yes,Unemployed,
5710,31,Male,Ashanti,Rural,Primary,Single,5,No,14,Yes,Employed,Agriculture
5711,21,Female,Upper East,Rural,JHS,Married,5,No,4,Yes,Employed,Agriculture
5713,29,Male,Ashanti,Rural,Primary,Single,5,No,13,Yes,Employed,Agriculture
5715,35,Male,Western,Rural,SHS,Single,5,No,13,Yes,Employed,Agriculture
5717,22,Male,Upper East,Urban,JHS,Single,3,No,5,No,Not in Labor Force,
5718,35,Female,Greater Accra,Urban,SHS,Married,6,No,12,Yes,Employed,Informal Trade
5721,28,Female,Central,Rural,SHS,Married,3,No,9,No,Not in Labor Force,
5722,28,Male,Greater Accra,Urban,SHS,Widowed,7,No,8,Yes,Employed,Agriculture
5723,22,Male,Upper West,Rural,SHS,Single,4,No,2,No,Not in Labor Force,
5725,18,Male,Greater Accra,Rural,,Divorced/Separated,6,No,12,Yes,Employed,Agriculture
5726,28,Male,Volta,Rural,,Married,6,No,17,Yes,Employed,Agriculture
5727,19,Female,Upper East,Rural,JHS,Married,5,No,2,No,Not in Labor Force,
5728,21,Male,Central,Urban,JHS,Married,3,No,3,Yes,Unemployed,
5730,26,Female,Western North,Rural,JHS,Married,7,No,7,Yes,Unemployed,
5732,17,Female,Eastern,Urban,SHS,Widowed,9,No,0,Yes,Unemployed,
5733,27,Female,Volta,Rural,,Single,5,No,17,Yes,Employed,Agriculture
5734,21,Male,Western North,Rural,SHS,Divorced/Separated,3,No,2,Yes,Unemployed,
5735,25,Female,Upper East,Rural,Primary,Single,3,No,13,Yes,Employed,Agriculture
5737,27,Female,Upper East,Urban,JHS,Married,4,No,10,No,Not in Labor Force,
5738,30,Female,Volta,Rural,Primary,Married,6,No,12,Yes,Employed,Agriculture
5739,33,Male,Upper East,Urban,SHS,Divorced/Separated,6,No,11,Yes,Employed,Informal Trade
5740,22,Male,Greater Accra,Urban,Primary,Married,4,No,7,Yes,Employed,Informal Trade
5742,30,Male,Upper West,Rural,Primary,Married,6,No,16,Yes,Employed,Agriculture
5744,33,Male,Bono East,Urban,JHS,Divorced/Separated,5,No,15,No,Not in Labor Force,
5745,33,Male,Greater Accra,Urban,Tertiary,Widowed,2,No,7,Yes,Employed,Industry
5746,33,Female,Upper West,Rural,,Single,3,No,18,Yes,Employed,Agriculture
5750,22,Male,Ashanti,Urban,Tertiary,Single,5,No,0,Yes,Unemployed,
5752,19,Male,Ashanti,Urban,SHS,Widowed,4,No,0,Yes,Employed,Public Sector
5753,31,Female,Western North,Urban,SHS,Single,2,No,11,No,Not in Labor Force,
5754,28,Female,Volta,Urban,Tertiary,Single,3,No,4,No,Not in Labor Force,
5755,24,Female,Ashanti,Rural,,Single,11,No,14,Yes,Employed,Agriculture
5757,25,Female,Greater Accra,Urban,SHS,Married,4,No,6,No,Not in Labor Force,
5758,35,Male,Ashanti,Rural,SHS,Married,3,No,11,Yes,Employed,Services
5759,33,Female,Greater Accra,Urban,Primary,Married,4,No,14,Yes,Employed,Services
5760,29,Female,Eastern,Urban,SHS,Single,5,No,8,Yes,Employed,Industry
5761,34,Female,Northern,Rural,Primary,Married,10,No,18,Yes,Employed,Agriculture
5764,18,Male,Eastern,Rural,SHS,Single,4,No,0,No,Not in Labor Force,
5765,19,Female,Ashanti,Urban,,Single,6,No,12,Yes,Unemployed,
5766,23,Female,Bono East,Rural,SHS,Widowed,6,No,4,No,Not in Labor Force,
5767,34,Female,Ashanti,Urban,SHS,Single,4,No,14,Yes,Employed,Services
5768,28,Female,Northern,Urban,Tertiary,Single,3,No,3,No,Not in Labor Force,
5769,30,Male,Upper East,Rural,,Single,8,No,18,No,Not in Labor Force,
5771,16,Female,Volta,Urban,SHS,Single,3,No,0,Yes,Unemployed,
5772,25,Male,Western North,Rural,,Divorced/Separated,5,No,17,Yes,Employed,Agriculture
5773,34,Female,Northern,Rural,Tertiary,Married,3,No,8,Yes,Employed,Agriculture
5774,18,Female,Central,Urban,JHS,Married,2,No,2,Yes,Unemployed,
5777,20,Female,Ashanti,Urban,SHS,Married,3,No,1,Yes,Unemployed,
5778,24,Male,Bono East,Rural,JHS,Married,4,No,7,Yes,Unemployed,
5779,35,Male,Western,Urban,JHS,Single,8,No,16,Yes,Employed,Agriculture
5781,28,Female,Western,Urban,Tertiary,Married,4,No,4,No,Not in Labor Force,
5786,26,Male,Ahafo,Rural,JHS,Widowed,5,No,8,No,Not in Labor Force,
5787,32,Female,Ashanti,Rural,JHS,Single,2,Yes,15,No,Not in Labor Force,
5788,30,Female,Ashanti,Urban,Primary,Divorced/Separated,3,No,11,Yes,Employed,Services
5789,24,Male,Northern,Urban,SHS,Married,3,No,3,Yes,Unemployed,
5791,28,Male,Bono,Rural,,Married,7,No,21,No,Not in Labor Force,
5792,21,Male,Eastern,Rural,JHS,Single,8,No,4,No,Not in Labor Force,
5793,25,Female,Eastern,Rural,JHS,Single,5,No,9,Yes,Employed,Agriculture
5794,35,Female,Greater Accra,Urban,Tertiary,Single,6,No,11,Yes,Unemployed,
5796,27,Male,Bono,Rural,SHS,Married,6,No,7,No,Not in Labor Force,
5797,34,Male,Ashanti,Urban,SHS,Divorced/Separated,6,No,15,Yes,Employed,Public Sector
5800,24,Male,Greater Accra,Urban,Tertiary,Single,8,No,1,No,Not in Labor Force,
5803,22,Female,Ahafo,Rural,JHS,Single,4,No,4,Yes,Employed,Agriculture
5806,28,Female,Ashanti,Rural,Tertiary,Divorced/Separated,3,No,3,Yes,Employed,Agriculture
5807,19,Male,Ashanti,Urban,SHS,Single,5,No,0,No,Not in Labor Force,
5809,29,Male,Eastern,Urban,SHS,Married,7,No,7,No,Not in Labor Force,
5810,31,Male,Ashanti,Urban,JHS,Single,7,No,9,Yes,Unemployed,
5811,30,Female,Ashanti,Rural,SHS,Married,5,No,7,Yes,Employed,Agriculture
5813,27,Female,Ashanti,Rural,JHS,Single,4,No,10,Yes,Employed,Agriculture
5814,21,Female,Greater Accra,Urban,,Single,2,No,11,Yes,Employed,Industry
5816,21,Male,Northern,Rural,Primary,Married,7,No,7,No,Not in Labor Force,
5817,26,Male,Greater Accra,Urban,JHS,Single,7,No,7,Yes,Employed,Services
5818,33,Male,Central,Urban,JHS,Married,2,No,11,No,Not in Labor Force,
5819,31,Female,Eastern,Urban,Tertiary,Single,4,No,5,Yes,Employed,Agriculture
5826,22,Female,Central,Urban,SHS,Married,8,No,3,Yes,Employed,Industry
5827,16,Male,Bono East,Urban,,Divorced/Separated,6,No,10,Yes,Employed,Services
5829,22,Female,Ashanti,Rural,JHS,Single,4,No,5,Yes,Employed,Agriculture
5832,23,Female,Greater Accra,Rural,SHS,Single,3,No,3,No,Not in Labor Force,
5834,26,Male,Volta,Urban,SHS,Married,6,No,5,Yes,Employed,Informal Trade
5835,17,Female,Ashanti,Rural,JHS,Married,6,No,1,No,Not in Labor Force,
5836,30,Female,Bono East,Rural,Primary,Single,3,No,14,Yes,Employed,Agriculture
5837,27,Female,Savannah,Rural,SHS,Single,5,No,7,Yes,Employed,Agriculture
5839,34,Female,Central,Urban,SHS,Single,3,No,14,No,Not in Labor Force,
5840,16,Female,Greater Accra,Rural,Tertiary,Married,6,No,0,Yes,Unemployed,
5841,24,Male,Bono East,Rural,Primary,Single,7,No,9,Yes,Employed,Services
5843,25,Male,Volta,Rural,,Single,2,No,12,Yes,Employed,Informal Trade
5844,31,Female,Volta,Urban,JHS,Married,6,No,13,Yes,Employed,Industry
5845,19,Male,Ashanti,Urban,Tertiary,Single,6,No,0,Yes,Unemployed,
5846,18,Male,Greater Accra,Urban,JHS,Single,6,No,2,Yes,Unemployed,
5847,35,Female,Volta,Urban,Tertiary,Married,4,No,8,Yes,Employed,Public Sector
5848,25,Male,Ashanti,Rural,JHS,Widowed,4,No,9,No,Not in Labor Force,
5849,29,Male,Greater Accra,Urban,SHS,Single,3,No,10,Yes,Employed,Informal Trade
5850,30,Male,Western North,Rural,Tertiary,Single,2,No,6,Yes,Employed,Services
5851,24,Female,Central,Rural,JHS,Married,8,No,7,Yes,Unemployed,
5852,34,Female,Northern,Rural,Primary,Divorced/Separated,3,No,19,Yes,Employed,Agriculture
5854,33,Female,Greater Accra,Urban,SHS,Single,4,No,10,Yes,Employed,Informal Trade
5855,27,Male,Greater Accra,Urban,SHS,Married,2,Yes,8,Yes,Employed,Informal Trade
5856,18,Male,Ashanti,Urban,Tertiary,Married,5,No,0,Yes,Employed,Industry
5858,16,Male,North East,Urban,JHS,Single,7,No,0,No,Not in Labor Force,
5859,21,Male,Ashanti,Rural,Primary,Married,6,No,8,Yes,Employed,Industry
5862,32,Male,Upper West,Rural,Tertiary,Married,5,No,6,Yes,Employed,Agriculture
5864,24,Female,Ashanti,Urban,Tertiary,Married,4,No,1,Yes,Employed,Services
5865,19,Male,Greater Accra,Urban,SHS,Married,7,No,0,Yes,Employed,Services
5866,32,Male,Northern,Urban,SHS,Single,2,No,8,Yes,Employed,Informal Trade
5868,32,Male,Ashanti,Urban,JHS,Married,3,No,15,Yes,Employed,Services
5871,24,Female,Western,Rural,SHS,Single,6,No,4,Yes,Employed,Agriculture
5872,22,Male,Northern,Rural,JHS,Single,4,No,4,Yes,Employed,Services
5873,31,Female,Greater Accra,Urban,SHS,Married,4,No,12,Yes,Unemployed,
5874,30,Male,Ashanti,Urban,SHS,Single,8,No,7,No,Not in Labor Force,
5875,34,Female,Greater Accra,Urban,SHS,Single,8,No,12,No,Not in Labor Force,
5876,23,Female,Ashanti,Urban,SHS,Married,1,No,4,Yes,Employed,Informal Trade
5877,16,Female,Ashanti,Rural,SHS,Single,5,No,0,Yes,Employed,Informal Trade
5878,26,Female,Northern,Urban,SHS,Married,7,No,5,Yes,Employed,Industry
5879,30,Male,Bono,Urban,SHS,Married,4,No,7,Yes,Unemployed,
5881,30,Female,Western,Rural,Primary,Divorced/Separated,10,No,12,Yes,Employed,Industry
5887,22,Female,Ahafo,Rural,JHS,Single,4,No,4,Yes,Employed,Industry
5891,30,Female,North East,Rural,,Widowed,5,No,16,Yes,Employed,Agriculture
5895,35,Male,Greater Accra,Urban,Tertiary,Married,5,No,10,Yes,Employed,Informal Trade
5896,34,Male,Greater Accra,Urban,JHS,Single,6,No,16,Yes,Employed,Industry
5897,34,Female,Eastern,Rural,SHS,Single,3,No,15,Yes,Employed,Informal Trade
5898,33,Female,Western,Rural,SHS,Single,4,No,11,Yes,Employed,Public Sector
5900,32,Female,Greater Accra,Urban,JHS,Married,5,No,10,Yes,Employed,Industry
5901,20,Male,Bono,Rural,JHS,Single,8,No,4,No,Not in Labor Force,
5905,26,Male,Eastern,Rural,,Single,5,No,18,Yes,Employed,Agriculture
5908,16,Female,Western North,Rural,Primary,Married,1,No,3,No,Not in Labor Force,
5909,25,Female,Upper West,Rural,Primary,Single,4,No,10,Yes,Employed,Agriculture
5910,25,Female,Greater Accra,Urban,SHS,Single,3,No,5,Yes,Employed,Industry
5911,20,Male,Ashanti,Urban,JHS,Married,3,No,4,Yes,Unemployed,
5914,30,Male,Northern,Rural,JHS,Single,7,No,13,Yes,Employed,Agriculture
5915,20,Female,Western North,Rural,SHS,Single,6,No,1,Yes,Employed,Informal Trade
5916,32,Male,Ashanti,Rural,SHS,Married,3,No,9,No,Not in Labor Force,
5918,30,Male,Central,Rural,JHS,Single,7,No,8,Yes,Employed,Agriculture
5920,33,Male,Central,Urban,Tertiary,Single,4,No,9,Yes,Employed,Informal Trade
5926,31,Female,Greater Accra,Urban,Tertiary,Single,4,No,7,Yes,Unemployed,
5927,33,Male,Savannah,Rural,,Single,4,No,25,Yes,Employed,Agriculture
5928,29,Female,Ashanti,Urban,Tertiary,Married,4,No,5,No,Not in Labor Force,
5929,33,Female,Greater Accra,Urban,JHS,Divorced/Separated,3,No,12,Yes,Employed,Services
5933,26,Female,Greater Accra,Urban,Tertiary,Divorced/Separated,6,No,3,Yes,Unemployed,
5936,23,Female,Northern,Rural,,Married,2,No,14,No,Not in Labor Force,
5938,24,Female,Ashanti,Urban,SHS,Married,3,No,5,Yes,Employed,Public Sector
5939,23,Female,Eastern,Urban,Tertiary,Single,7,No,0,Yes,Employed,Public Sector
5941,29,Male,Savannah,Rural,Primary,Single,5,No,10,Yes,Employed,Agriculture
5943,22,Male,Greater Accra,Rural,JHS,Married,6,No,6,No,Not in Labor Force,
5944,23,Female,Eastern,Urban,SHS,Divorced/Separated,5,No,3,Yes,Employed,Informal Trade
5945,30,Female,Ashanti,Urban,JHS,Married,4,No,10,No,Not in Labor Force,
5946,24,Male,Upper East,Urban,Tertiary,Widowed,4,No,1,Yes,Unemployed,
5947,26,Male,Upper East,Rural,JHS,Married,5,No,6,Yes,Unemployed,
5950,30,Female,Greater Accra,Urban,Primary,Single,5,No,15,Yes,Employed,Informal Trade
5951,32,Male,Northern,Urban,Tertiary,Married,6,No,9,Yes,Employed,Industry
5953,33,Male,Savannah,Rural,JHS,Widowed,1,No,15,No,Not in Labor Force,
5954,31,Female,Ashanti,Rural,JHS,Single,2,No,14,Yes,Employed,Agriculture
5955,24,Female,Volta,Rural,SHS,Married,5,No,5,Yes,Employed,Agriculture
5956,27,Female,Eastern,Urban,Tertiary,Single,11,No,3,No,Not in Labor Force,
5958,31,Female,Western,Rural,SHS,Single,5,No,9,Yes,Employed,Industry
5959,24,Female,Ashanti,Urban,Primary,Married,5,No,9,No,Not in Labor Force,
5963,28,Male,Northern,Rural,,Divorced/Separated,6,No,14,Yes,Employed,Industry
5965,30,Male,Ashanti,Rural,JHS,Single,6,Yes,9,Yes,Employed,Agriculture
5966,30,Male,Greater Accra,Urban,JHS,Single,5,No,14,Yes,Employed,Services
5968,32,Female,Greater Accra,Urban,Tertiary,Divorced/Separated,5,Yes,7,Yes,Employed,Services
5969,32,Male,Ashanti,Rural,Primary,Widowed,6,No,14,Yes,Employed,Informal Trade
5971,28,Female,Oti,Rural,JHS,Married,4,No,8,No,Not in Labor Force,
5973,31,Female,Western North,Urban,,Divorced/Separated,7,No,24,No,Not in Labor Force,
5974,35,Female,Ashanti,Rural,JHS,Single,11,No,15,Yes,Employed,Agriculture
5975,19,Male,Eastern,Urban,Primary,Married,11,No,6,No,Not in Labor Force,
5977,17,Female,Western,Rural,JHS,Married,7,No,1,Yes,Unemployed,
5979,27,Male,Northern,Rural,JHS,Married,4,No,7,Yes,Employed,Agriculture
5981,29,Male,Upper East,Rural,,Single,4,No,20,Yes,Employed,Industry
5982,29,Female,Western,Rural,JHS,Single,4,No,12,Yes,Unemployed,
5984,34,Female,Volta,Rural,Tertiary,Married,5,No,8,Yes,Employed,Informal Trade
5985,23,Male,Central,Urban,JHS,Married,2,No,7,No,Not in Labor Force,
5986,31,Female,Bono East,Urban,Tertiary,Married,9,No,8,Yes,Employed,Services
5987,23,Female,Central,Rural,,Married,4,No,11,Yes,Employed,Agriculture
5988,20,Female,Western,Urban,JHS,Married,3,No,2,Yes,Unemployed,
5991,28,Male,Ashanti,Urban,Tertiary,Married,8,No,5,Yes,Employed,Services
5992,22,Female,Central,Urban,JHS,Married,6,No,6,No,Not in Labor Force,
5993,31,Female,Western North,Urban,SHS,Married,2,No,8,No,Not in Labor Force,
5994,33,Male,Central,Urban,Tertiary,Married,3,No,9,Yes,Employed,Informal Trade
5996,27,Female,Bono,Urban,JHS,Married,6,No,10,Yes,Employed,Public Sector
5997,25,Female,Central,Urban,,Single,3,No,12,Yes,Unemployed,
5998,20,Female,Ashanti,Rural,JHS,Widowed,6,No,3,Yes,Unemployed,
5999,33,Female,Volta,Rural,Tertiary,Divorced/Separated,6,No,6,Yes,Employed,Agriculture
6000,34,Male,Oti,Rural,Primary,Single,5,No,20,No,Not in Labor Force,
6001,26,Male,Western,Rural,SHS,Single,3,No,5,Yes,Employed,Public Sector
6002,26,Male,Ashanti,Urban,Tertiary,Single,4,No,2,Yes,Employed,Informal Trade
6004,23,Male,Central,Rural,JHS,Single,4,No,5,Yes,Employed,Agriculture
6008,29,Male,Eastern,Rural,,Married,10,No,20,Yes,Employed,Agriculture
6009,18,Female,Ashanti,Urban,SHS,Married,7,No,0,Yes,Unemployed,
6011,29,Female,Western,Urban,SHS,Widowed,9,No,8,Yes,Employed,Services
6012,21,Male,Eastern,Urban,SHS,Married,6,No,1,Yes,Unemployed,
6015,18,Male,Northern,Rural,JHS,Married,6,No,2,Yes,Employed,Agriculture
6017,32,Male,Northern,Rural,Tertiary,Single,6,No,9,Yes,Employed,Agriculture
6018,35,Female,Western North,Urban,Primary,Married,4,No,15,Yes,Employed,Informal Trade
6019,25,Male,Upper East,Urban,Tertiary,Single,6,No,2,No,Not in Labor Force,
6020,30,Male,Upper East,Rural,JHS,Single,7,No,12,Yes,Employed,Public Sector
6021,24,Female,Northern,Rural,Primary,Married,2,No,8,No,Not in Labor Force,
6022,29,Female,Western,Urban,JHS,Single,8,No,9,Yes,Employed,Services
6023,33,Female,Oti,Rural,,Single,6,No,23,Yes,Employed,Informal Trade
6024,20,Female,Greater Accra,Urban,SHS,Widowed,4,No,1,Yes,Unemployed,
6025,26,Male,Ashanti,Urban,Tertiary,Married,4,No,2,Yes,Employed,Services
6026,33,Female,Ashanti,Urban,SHS,Married,4,No,12,Yes,Employed,Services
6027,27,Female,Central,Rural,Primary,Widowed,5,No,10,Yes,Employed,Public Sector
6030,24,Male,Oti,Rural,,Married,9,No,12,Yes,Employed,Informal Trade
6033,34,Female,Volta,Rural,JHS,Single,4,No,12,Yes,Employed,Agriculture
6034,30,Female,Eastern,Urban,JHS,Single,9,No,12,No,Not in Labor Force,
6036,27,Male,Oti,Urban,SHS,Married,5,No,7,No,Not in Labor Force,
6037,33,Male,Northern,Rural,,Divorced/Separated,7,No,20,Yes,Employed,Agriculture
6038,25,Male,Greater Accra,Urban,JHS,Married,4,No,6,Yes,Employed,Public Sector
6040,19,Female,Greater Accra,Urban,Tertiary,Married,3,No,0,No,Not in Labor Force,
6041,18,Female,Greater Accra,Urban,Tertiary,Single,6,No,0,Yes,Employed,Industry
6042,28,Male,Eastern,Urban,Primary,Married,8,No,13,No,Not in Labor Force,
6043,31,Female,Western,Urban,SHS,Single,3,No,12,Yes,Employed,Services
6044,33,Female,Northern,Rural,SHS,Married,3,No,12,Yes,Employed,Agriculture
6045,30,Female,Ahafo,Rural,JHS,Single,6,No,14,No,Not in Labor Force,
6046,26,Male,Ashanti,Rural,JHS,Married,6,No,8,No,Not in Labor Force,
6047,29,Female,Bono East,Urban,Tertiary,Married,6,No,5,No,Not in Labor Force,
6048,29,Female,Ahafo,Urban,SHS,Single,10,No,10,Yes,Employed,Services
6049,20,Female,Northern,Rural,JHS,Married,1,No,3,Yes,Employed,Services
6052,35,Male,Central,Urban,JHS,Married,8,No,12,Yes,Employed,Informal Trade
6053,34,Female,Central,Urban,SHS,Single,7,No,11,Yes,Employed,Industry
6054,18,Male,Central,Urban,SHS,Married,8,No,0,Yes,Unemployed,
6055,22,Male,Central,Urban,SHS,Married,5,No,2,Yes,Employed,Industry
6056,26,Male,Oti,Urban,JHS,Single,3,No,7,Yes,Employed,Services
6057,27,Female,Greater Accra,Urban,SHS,Single,1,No,7,No,Not in Labor Force,
6060,20,Male,Upper East,Urban,JHS,Single,5,No,3,Yes,Unemployed,
6061,31,Male,Ashanti,Rural,Primary,Divorced/Separated,6,No,15,No,Not in Labor Force,
6062,27,Female,Northern,Urban,Tertiary,Married,6,No,3,Yes,Employed,Informal Trade
6063,16,Female,Greater Accra,Urban,Primary,Married,4,No,3,No,Not in Labor Force,
6065,29,Female,Western North,Rural,SHS,Single,3,No,9,Yes,Employed,Agriculture
6068,35,Male,Greater Accra,Urban,JHS,Single,5,No,18,Yes,Employed,Services
6069,32,Female,Eastern,Rural,JHS,Married,2,No,11,Yes,Employed,Agriculture
6070,21,Male,Northern,Rural,Tertiary,Married,4,No,0,Yes,Employed,Agriculture
6072,23,Female,Bono East,Urban,Tertiary,Single,3,No,0,Yes,Employed,Industry
6073,19,Female,Ashanti,Rural,,Divorced/Separated,5,No,10,No,Not in Labor Force,
6076,35,Male,Savannah,Rural,SHS,Single,4,Yes,14,No,Not in Labor Force,
6078,35,Male,Bono East,Rural,JHS,Single,5,No,17,Yes,Employed,Agriculture
6079,27,Female,Northern,Rural,,Married,2,No,17,Yes,Employed,Agriculture
6080,30,Male,Western,Urban,Primary,Widowed,2,No,13,Yes,Employed,Industry
6081,20,Female,Central,Urban,Primary,Single,8,No,6,No,Not in Labor Force,
6084,22,Male,Ashanti,Rural,JHS,Single,6,No,4,Yes,Unemployed,
6087,32,Male,Upper West,Rural,JHS,Single,9,No,16,Yes,Employed,Services
6089,32,Male,Volta,Rural,JHS,Single,3,No,11,Yes,Employed,Industry
6090,21,Male,Volta,Rural,JHS,Single,5,No,5,No,Not in Labor Force,
6092,34,Male,Greater Accra,Urban,JHS,Divorced/Separated,5,No,17,Yes,Employed,Informal Trade
6094,34,Female,Greater Accra,Urban,Tertiary,Single,7,No,9,No,Not in Labor Force,
6101,16,Male,Eastern,Urban,,Divorced/Separated,5,No,9,No,Not in Labor Force,
6102,30,Male,Greater Accra,Urban,SHS,Widowed,5,No,7,Yes,Unemployed,
6103,30,Male,Greater Accra,Urban,SHS,Married,4,No,7,No,Not in Labor Force,
6105,28,Male,Ashanti,Urban,,Married,5,No,19,No,Not in Labor Force,
6107,17,Male,Western,Urban,SHS,Single,4,No,0,Yes,Employed,Informal Trade
6108,18,Male,Greater Accra,Urban,SHS,Single,8,No,0,Yes,Unemployed,
6111,24,Female,Greater Accra,Urban,Primary,Married,3,No,9,Yes,Employed,Industry
6114,27,Male,Western,Rural,,Single,4,No,19,No,Not in Labor Force,
6115,31,Female,Northern,Rural,SHS,Divorced/Separated,6,No,9,Yes,Employed,Agriculture
6116,19,Female,Western,Rural,Primary,Married,5,No,7,Yes,Employed,Public Sector
6118,34,Male,Volta,Urban,SHS,Single,6,No,10,Yes,Employed,Services
6120,29,Female,Northern,Rural,Primary,Widowed,9,No,14,Yes,Employed,Agriculture
6121,30,Male,Ashanti,Urban,Tertiary,Single,7,No,6,Yes,Employed,Informal Trade
6122,28,Male,Oti,Rural,SHS,Married,4,No,8,Yes,Employed,Industry
6124,31,Female,Oti,Rural,JHS,Single,4,No,10,Yes,Employed,Agriculture
6125,29,Female,Volta,Rural,,Divorced/Separated,4,Yes,18,No,Not in Labor Force,
6126,24,Female,Ashanti,Rural,JHS,Married,6,No,8,Yes,Employed,Agriculture
6128,31,Male,Ashanti,Rural,JHS,Married,4,No,11,Yes,Employed,Industry
6129,35,Male,Volta,Rural,Primary,Single,5,No,17,No,Not in Labor Force,
6130,27,Female,Oti,Rural,JHS,Married,8,No,9,Yes,Employed,Informal Trade
6131,24,Male,Bono East,Rural,JHS,Single,8,No,6,No,Not in Labor Force,
6132,26,Female,Savannah,Rural,,Divorced/Separated,6,No,15,Yes,Employed,Informal Trade
6135,26,Male,Upper East,Rural,SHS,Married,4,No,6,Yes,Employed,Informal Trade
6137,23,Female,Ashanti,Rural,JHS,Married,4,No,5,Yes,Employed,Agriculture
6139,17,Female,Western,Rural,JHS,Single,3,No,1,Yes,Employed,Industry
6141,33,Female,Greater Accra,Urban,SHS,Married,4,No,14,Yes,Employed,Informal Trade
6146,30,Female,Central,Rural,,Divorced/Separated,8,No,14,Yes,Employed,Agriculture
6148,32,Female,Ashanti,Urban,SHS,Married,7,No,8,No,Not in Labor Force,
6149,28,Male,Upper West,Rural,Tertiary,Single,7,No,5,Yes,Employed,Industry
6150,29,Male,Greater Accra,Urban,JHS,Single,4,No,10,Yes,Employed,Industry
6152,23,Male,Northern,Rural,Primary,Married,7,No,7,Yes,Employed,Services
6153,29,Female,Ashanti,Urban,SHS,Married,9,No,8,Yes,Employed,Industry
6154,33,Female,Northern,Rural,SHS,Single,8,No,9,Yes,Unemployed,
6157,28,Male,Northern,Rural,JHS,Single,5,No,8,No,Not in Labor Force,
6158,27,Male,Greater Accra,Urban,Tertiary,Married,5,No,3,Yes,Unemployed,
6161,34,Female,Greater Accra,Urban,Tertiary,Single,2,No,8,Yes,Employed,Services
6162,28,Male,Ashanti,Urban,SHS,Divorced/Separated,5,No,9,No,Not in Labor Force,
6163,29,Male,Ashanti,Rural,Primary,Married,5,No,13,Yes,Employed,Agriculture
6164,17,Male,Greater Accra,Urban,Tertiary,Single,3,No,0,No,Not in Labor Force,
6165,34,Female,Ashanti,Urban,SHS,Married,4,No,11,Yes,Employed,Services
6166,34,Female,Upper East,Rural,SHS,Single,7,No,11,No,Not in Labor Force,
6167,32,Male,Bono East,Rural,Primary,Married,5,No,13,Yes,Employed,Services
6169,34,Male,Oti,Rural,SHS,Single,6,No,11,No,Not in Labor Force,
6170,29,Female,Volta,Rural,JHS,Married,1,No,11,Yes,Employed,Agriculture
6171,24,Female,Northern,Rural,SHS,Single,9,No,3,Yes,Employed,Agriculture
6173,19,Female,Ahafo,Rural,SHS,Single,7,No,0,Yes,Employed,Agriculture
6174,22,Female,Ashanti,Urban,SHS,Single,8,No,2,No,Not in Labor Force,
6176,32,Female,Upper West,Rural,Tertiary,Married,3,No,9,Yes,Employed,Agriculture
6177,33,Female,Savannah,Urban,SHS,Widowed,4,No,14,Yes,Employed,Informal Trade
6178,25,Male,Greater Accra,Urban,,Married,5,No,18,Yes,Employed,Informal Trade
6184,23,Male,Bono East,Rural,JHS,Married,1,No,6,Yes,Employed,Services
6185,23,Female,Western,Rural,Primary,Married,7,No,9,Yes,Employed,Agriculture
6187,34,Male,Bono East,Rural,JHS,Single,4,No,15,Yes,Employed,Services
6188,28,Female,Western North,Rural,,Married,7,No,13,Yes,Employed,Agriculture
6189,25,Male,Upper West,Rural,Primary,Divorced/Separated,3,No,11,Yes,Employed,Agriculture
6190,33,Female,Upper East,Rural,SHS,Single,10,No,12,Yes,Unemployed,
6191,23,Female,Central,Rural,JHS,Married,5,No,4,Yes,Employed,Agriculture
6193,30,Male,Central,Rural,,Married,6,No,21,Yes,Employed,Agriculture
6194,26,Female,Central,Rural,Primary,Divorced/Separated,7,No,13,Yes,Employed,Agriculture
6195,34,Male,Ashanti,Urban,SHS,Married,3,No,10,Yes,Employed,Industry
6197,27,Male,Greater Accra,Urban,Tertiary,Married,6,No,3,No,Not in Labor Force,
6198,29,Male,Northern,Rural,,Married,5,No,18,Yes,Employed,Agriculture
6200,19,Male,Ashanti,Urban,,Married,3,No,11,Yes,Employed,Informal Trade
6202,19,Female,Ahafo,Rural,Primary,Married,2,No,6,Yes,Unemployed,
6204,29,Male,Bono East,Urban,Tertiary,Divorced/Separated,4,No,6,Yes,Employed,Informal Trade
6205,25,Female,Greater Accra,Urban,JHS,Divorced/Separated,5,No,7,Yes,Unemployed,
6206,23,Female,Northern,Rural,Primary,Single,3,No,8,Yes,Unemployed,
6208,29,Male,Ashanti,Urban,Primary,Single,3,No,14,Yes,Employed,Services
6209,18,Female,Oti,Rural,,Divorced/Separated,6,No,10,Yes,Employed,Agriculture
6212,17,Female,Greater Accra,Urban,Primary,Single,6,No,5,No,Not in Labor Force,
6214,29,Female,Northern,Rural,,Widowed,6,No,22,No,Not in Labor Force,
6215,30,Female,Central,Rural,JHS,Married,5,No,13,No,Not in Labor Force,
6216,30,Male,Bono,Urban,JHS,Widowed,6,No,9,No,Not in Labor Force,
6217,31,Male,Western,Rural,JHS,Married,3,No,14,Yes,Employed,Informal Trade
6218,22,Female,Greater Accra,Urban,,Married,2,No,10,Yes,Employed,Industry
6219,17,Male,Central,Urban,,Single,6,No,8,Yes,Employed,Industry
6220,24,Female,Northern,Urban,JHS,Single,7,No,6,No,Not in Labor Force,
6221,35,Female,Ashanti,Urban,SHS,Married,3,No,12,Yes,Employed,Industry
6222,33,Male,Central,Rural,Tertiary,Single,3,No,9,No,Not in Labor Force,
6223,27,Male,Volta,Rural,JHS,Married,6,No,9,No,Not in Labor Force,
6224,28,Male,Northern,Rural,JHS,Married,4,No,7,No,Not in Labor Force,
6225,16,Male,Ashanti,Urban,SHS,Married,6,Yes,0,Yes,Unemployed,
6231,27,Male,Upper East,Rural,SHS,Married,6,No,6,Yes,Employed,Informal Trade
6232,19,Male,Greater Accra,Urban,Tertiary,Single,4,No,0,Yes,Unemployed,
6233,23,Male,Central,Rural,,Single,5,No,16,Yes,Employed,Agriculture
6234,17,Female,Greater Accra,Urban,SHS,Single,3,No,0,No,Not in Labor Force,
6238,24,Female,Greater Accra,Urban,SHS,Single,4,No,4,Yes,Unemployed,
6240,35,Male,Greater Accra,Rural,,Single,6,No,24,Yes,Unemployed,
6243,29,Female,Ahafo,Rural,,Single,3,No,22,No,Not in Labor Force,
6244,21,Male,Bono East,Urban,SHS,Single,7,No,1,Yes,Employed,Public Sector
6245,35,Male,Greater Accra,Urban,SHS,Single,4,No,10,No,Not in Labor Force,
6246,30,Female,Oti,Urban,Primary,Married,4,No,16,Yes,Employed,Industry
6247,26,Female,Greater Accra,Urban,Tertiary,Single,7,No,2,Yes,Unemployed,
6248,32,Female,Eastern,Urban,SHS,Single,7,No,12,Yes,Employed,Services
6250,18,Male,Ashanti,Rural,JHS,Married,4,No,2,No,Not in Labor Force,
6251,32,Female,Upper West,Rural,Primary,Married,3,No,17,No,Not in Labor Force,
6254,32,Male,Western,Rural,SHS,Single,5,No,12,Yes,Employed,Agriculture
6255,33,Female,Upper West,Urban,Tertiary,Single,6,No,7,Yes,Employed,Industry
6256,27,Female,Eastern,Urban,SHS,Married,6,No,8,No,Not in Labor Force,
6257,16,Male,Ahafo,Rural,,Single,3,Yes,8,Yes,Employed,Agriculture
6258,20,Female,Ashanti,Urban,SHS,Married,3,No,1,Yes,Employed,Informal Trade
6261,22,Male,Central,Rural,Primary,Single,9,No,8,Yes,Unemployed,
6262,35,Male,Bono East,Rural,Primary,Single,2,No,18,Yes,Employed,Agriculture
6263,28,Female,Greater Accra,Urban,Primary,Single,2,No,12,Yes,Employed,Informal Trade
6264,15,Male,Greater Accra,Urban,Primary,Married,6,No,3,Yes,Unemployed,
6265,29,Male,Greater Accra,Urban,Primary,Single,7,No,16,Yes,Employed,Services
6269,29,Male,Bono East,Rural,JHS,Married,3,Yes,10,No,Not in Labor Force,
6270,34,Male,Upper East,Rural,SHS,Married,3,No,10,Yes,Employed,Agriculture
6271,31,Female,Bono East,Urban,Tertiary,Single,4,No,5,Yes,Employed,Industry
6272,28,Male,Greater Accra,Urban,JHS,Divorced/Separated,9,No,9,Yes,Employed,Services
6273,22,Male,Ashanti,Urban,SHS,Divorced/Separated,5,Yes,2,No,Not in Labor Force,
6274,31,Female,Volta,Rural,SHS,Single,5,No,9,Yes,Employed,Informal Trade
6279,34,Male,North East,Rural,JHS,Married,6,No,12,No,Not in Labor Force,
6281,28,Male,Volta,Urban,SHS,Single,2,No,8,Yes,Unemployed,
6282,27,Male,Greater Accra,Rural,SHS,Married,4,No,6,Yes,Employed,Services
6284,32,Female,Ashanti,Urban,SHS,Single,5,No,10,No,Not in Labor Force,
6285,22,Female,Bono,Rural,SHS,Divorced/Separated,4,No,3,Yes,Employed,Agriculture
6287,34,Male,Bono,Urban,JHS,Married,2,No,18,Yes,Employed,Industry
6288,30,Female,Northern,Rural,JHS,Single,6,No,11,Yes,Unemployed,
6289,19,Female,Bono,Urban,Tertiary,Married,3,No,0,No,Not in Labor Force,
6294,31,Male,Central,Rural,,Married,4,No,23,Yes,Employed,Agriculture
6296,29,Female,Northern,Rural,Primary,Married,5,No,17,Yes,Employed,Agriculture
6297,35,Female,Greater Accra,Rural,JHS,Married,4,No,14,Yes,Employed,Informal Trade
6301,21,Female,Eastern,Rural,JHS,Single,7,No,3,No,Not in Labor Force,
6302,18,Female,Ashanti,Rural,Primary,Single,4,No,5,No,Not in Labor Force,
6306,32,Female,Upper East,Urban,JHS,Married,5,No,13,No,Not in Labor Force,
6310,27,Female,Eastern,Rural,,Single,3,No,20,No,Not in Labor Force,
6311,30,Female,Northern,Rural,JHS,Single,4,No,11,No,Not in Labor Force,
6312,31,Female,Volta,Rural,Primary,Single,6,No,17,Yes,Employed,Industry
6315,34,Female,Volta,Rural,,Single,2,No,25,No,Not in Labor Force,
6316,28,Female,Eastern,Urban,Tertiary,Married,8,No,5,Yes,Unemployed,
6317,22,Male,Greater Accra,Urban,Primary,Single,3,No,9,No,Not in Labor Force,
6319,18,Male,Central,Urban,Tertiary,Single,5,No,0,Yes,Unemployed,
6325,31,Female,Ahafo,Rural,JHS,Single,6,No,12,No,Not in Labor Force,
6326,33,Female,Bono,Urban,JHS,Married,8,No,12,Yes,Employed,Services
6330,21,Male,Greater Accra,Urban,Tertiary,Married,9,No,0,No,Not in Labor Force,
6331,33,Male,Greater Accra,Urban,,Single,2,No,23,Yes,Employed,Services
6332,18,Female,Greater Accra,Urban,SHS,Divorced/Separated,4,No,0,Yes,Employed,Services
6333,19,Female,Western,Rural,JHS,Married,7,No,3,Yes,Employed,Informal Trade
6335,35,Female,Greater Accra,Urban,SHS,Single,4,No,14,No,Not in Labor Force,
6339,33,Male,Northern,Rural,Primary,Married,8,No,17,Yes,Employed,Informal Trade
6340,25,Female,Eastern,Urban,Primary,Single,3,No,10,Yes,Employed,Informal Trade
6342,22,Male,Ashanti,Urban,Tertiary,Single,3,No,0,No,Not in Labor Force,
6344,28,Female,Greater Accra,Urban,Primary,Single,7,No,14,Yes,Employed,Services
6345,25,Male,Western,Rural,Tertiary,Single,4,No,2,No,Not in Labor Force,
6347,32,Female,Upper West,Rural,JHS,Single,7,No,12,Yes,Employed,Agriculture
6348,25,Female,Greater Accra,Urban,JHS,Single,4,No,8,No,Not in Labor Force,
6349,28,Male,Savannah,Rural,,Single,6,No,20,No,Not in Labor Force,
6350,34,Female,Greater Accra,Rural,Primary,Widowed,6,No,19,No,Not in Labor Force,
6352,28,Male,Volta,Rural,JHS,Single,5,No,9,Yes,Employed,Informal Trade
6353,33,Male,Western,Rural,SHS,Single,5,No,12,Yes,Employed,Public Sector
6355,26,Female,Volta,Rural,JHS,Married,4,No,8,No,Not in Labor Force,
6357,31,Male,Bono East,Rural,,Single,2,No,20,Yes,Employed,Informal Trade
6358,33,Male,Greater Accra,Urban,JHS,Married,5,No,13,Yes,Employed,Services
6360,33,Female,Western,Urban,JHS,Married,7,No,14,No,Not in Labor Force,
6366,17,Female,Upper West,Rural,JHS,Married,1,No,1,Yes,Employed,Industry
6367,35,Female,Ashanti,Urban,SHS,Single,6,No,15,Yes,Employed,Services
6369,16,Male,Greater Accra,Urban,Primary,Married,6,No,3,No,Not in Labor Force,
6370,20,Female,Greater Accra,Urban,SHS,Single,8,No,1,Yes,Employed,Services
6371,22,Female,Ashanti,Urban,JHS,Single,6,No,4,No,Not in Labor Force,
6372,21,Male,Northern,Rural,JHS,Married,3,No,5,No,Not in Labor Force,
6373,35,Female,Ashanti,Urban,JHS,Married,3,No,12,Yes,Employed,Industry
6376,34,Male,Northern,Urban,SHS,Married,5,No,14,Yes,Unemployed,
6377,26,Female,Ashanti,Urban,JHS,Single,3,No,7,No,Not in Labor Force,
6379,34,Female,Ashanti,Rural,SHS,Married,7,Yes,13,Yes,Unemployed,
6380,33,Female,Volta,Rural,Primary,Single,3,No,17,Yes,Employed,Industry
6382,28,Female,Volta,Rural,JHS,Married,1,No,11,Yes,Unemployed,
6383,29,Male,Western,Rural,JHS,Single,2,No,12,No,Not in Labor Force,
6384,33,Male,Eastern,Urban,SHS,Single,6,No,14,Yes,Employed,Services
6385,31,Male,Oti,Urban,SHS,Single,6,No,7,No,Not in Labor Force,
6387,26,Female,Greater Accra,Urban,Tertiary,Married,5,No,2,Yes,Employed,Services
6389,32,Female,Upper West,Rural,Primary,Single,5,No,14,No,Not in Labor Force,
6391,20,Male,Northern,Urban,Tertiary,Single,4,No,0,Yes,Employed,Informal Trade
6394,34,Female,Ashanti,Rural,JHS,Single,3,No,17,No,Not in Labor Force,
6395,21,Male,Greater Accra,Urban,SHS,Single,7,No,1,Yes,Employed,Informal Trade
6396,31,Male,Greater Accra,Urban,SHS,Single,2,No,8,Yes,Employed,Services
6398,29,Male,Northern,Urban,SHS,Single,7,No,9,Yes,Unemployed,
6399,24,Female,Greater Accra,Urban,SHS,Married,7,No,3,Yes,Unemployed,
6400,32,Male,Ashanti,Urban,JHS,Married,3,No,14,Yes,Employed,Services
6402,19,Female,Northern,Rural,JHS,Married,4,No,2,Yes,Employed,Agriculture
6403,26,Male,Ashanti,Urban,Tertiary,Single,2,No,2,Yes,Employed,Informal Trade
6405,24,Female,Eastern,Rural,SHS,Single,3,No,4,Yes,Employed,Informal Trade
6406,34,Male,Eastern,Urban,Primary,Married,5,No,17,Yes,Employed,Industry
6410,33,Female,Greater Accra,Urban,JHS,Married,2,No,13,No,Not in Labor Force,
6412,32,Female,Central,Urban,JHS,Single,6,No,14,Yes,Employed,Informal Trade
6414,16,Male,Western North,Rural,,Single,5,No,6,No,Not in Labor Force,
6416,27,Female,Eastern,Rural,JHS,Married,9,No,11,Yes,Employed,Agriculture
6418,24,Female,Greater Accra,Urban,Primary,Divorced/Separated,7,No,10,No,Not in Labor Force,
6419,29,Female,Ashanti,Urban,JHS,Married,4,Yes,12,Yes,Employed,Public Sector
6420,28,Male,Volta,Rural,JHS,Married,5,No,8,Yes,Unemployed,
6421,24,Female,Eastern,Rural,JHS,Single,6,No,5,No,Not in Labor Force,
6422,32,Male,Upper West,Rural,Primary,Married,5,No,15,No,Not in Labor Force,
6424,18,Male,Volta,Rural,JHS,Divorced/Separated,7,No,1,Yes,Employed,Agriculture
6425,31,Female,Bono,Rural,SHS,Divorced/Separated,4,No,10,Yes,Employed,Informal Trade
6427,33,Female,Greater Accra,Urban,SHS,Single,2,Yes,11,Yes,Employed,Services
6428,31,Female,Northern,Rural,SHS,Single,4,No,11,Yes,Employed,Agriculture
6430,25,Male,Greater Accra,Rural,JHS,Single,3,No,9,Yes,Employed,Industry
6431,20,Male,Volta,Rural,,Single,4,No,9,No,Not in Labor Force,
6434,18,Female,Western,Rural,JHS,Single,5,No,2,Yes,Employed,Agriculture
6435,22,Female,Western,Rural,SHS,Single,4,No,2,Yes,Employed,Agriculture
6436,32,Male,Eastern,Rural,Primary,Married,5,No,19,Yes,Employed,Agriculture
6437,34,Female,Upper East,Rural,JHS,Married,2,No,14,Yes,Employed,Services
6438,19,Male,Greater Accra,Urban,SHS,Single,5,No,0,No,Not in Labor Force,
6440,21,Female,Volta,Rural,,Married,5,No,11,Yes,Employed,Agriculture
6441,19,Female,Greater Accra,Urban,Primary,Married,9,No,7,Yes,Unemployed,
6442,28,Male,Volta,Rural,SHS,Single,7,No,6,Yes,Employed,Services
6443,30,Female,Volta,Rural,Primary,Married,5,No,15,Yes,Employed,Agriculture
6447,32,Male,Oti,Rural,Primary,Single,2,No,19,Yes,Employed,Public Sector
6448,34,Male,Greater Accra,Urban,Primary,Married,3,No,18,Yes,Employed,Informal Trade
6449,34,Male,Western North,Urban,Primary,Married,3,Yes,22,No,Not in Labor Force,
6450,30,Male,Eastern,Urban,Tertiary,Married,3,No,6,No,Not in Labor Force,
6451,24,Male,Savannah,Rural,JHS,Single,6,No,6,Yes,Employed,Industry
6452,17,Male,Eastern,Urban,JHS,Single,4,No,1,Yes,Employed,Agriculture
6454,23,Female,Ashanti,Rural,JHS,Married,6,No,5,Yes,Employed,Agriculture
6455,34,Male,Volta,Urban,,Single,4,No,23,Yes,Employed,Industry
6456,33,Male,Greater Accra,Urban,JHS,Married,5,No,11,No,Not in Labor Force,
6457,33,Male,Eastern,Rural,JHS,Married,5,No,11,Yes,Employed,Informal Trade
6458,28,Female,Ashanti,Rural,Primary,Single,3,No,16,Yes,Unemployed,
6463,20,Female,Ahafo,Rural,JHS,Single,4,No,3,Yes,Employed,Informal Trade
6467,31,Female,Western,Rural,SHS,Married,3,No,7,Yes,Employed,Public Sector
6470,25,Female,Northern,Rural,,Single,6,No,14,Yes,Unemployed,
6471,21,Male,Ashanti,Rural,JHS,Single,5,No,5,No,Not in Labor Force,
6472,18,Female,Greater Accra,Urban,SHS,Married,8,No,0,No,Not in Labor Force,
6474,30,Male,Greater Accra,Urban,JHS,Divorced/Separated,4,No,10,No,Not in Labor Force,
6477,29,Female,Greater Accra,Urban,JHS,Married,7,No,11,Yes,Employed,Services
6478,21,Female,Ashanti,Urban,JHS,Married,5,Yes,4,Yes,Employed,Services
6480,30,Female,Greater Accra,Rural,SHS,Married,2,No,7,Yes,Employed,Agriculture
6482,26,Female,Western,Rural,Primary,Married,4,No,11,Yes,Employed,Agriculture
6483,21,Male,Ashanti,Urban,JHS,Single,3,No,5,Yes,Unemployed,
6485,32,Female,Upper West,Rural,SHS,Single,5,No,9,Yes,Employed,Agriculture
6487,25,Female,Upper East,Rural,Tertiary,Married,4,No,2,No,Not in Labor Force,
6488,28,Female,Northern,Urban,SHS,Single,3,No,8,Yes,Employed,Services
6491,32,Male,Eastern,Urban,Tertiary,Single,2,No,8,Yes,Employed,Informal Trade
6492,19,Female,Bono,Rural,Primary,Single,7,No,7,No,Not in Labor Force,
6493,29,Male,Ashanti,Rural,SHS,Married,5,No,6,Yes,Employed,Agriculture
6496,31,Male,Ashanti,Rural,,Married,4,No,23,Yes,Employed,Informal Trade
6498,29,Male,Bono,Rural,,Married,2,No,20,No,Not in Labor Force,
6499,25,Female,Northern,Rural,JHS,Single,5,No,9,Yes,Employed,Services
6503,32,Male,Ashanti,Rural,SHS,Single,7,No,8,Yes,Unemployed,
6505,20,Male,Eastern,Rural,SHS,Married,6,No,1,Yes,Employed,Informal Trade
6506,30,Female,Bono,Rural,,Single,6,No,22,Yes,Employed,Agriculture
6507,26,Male,Greater Accra,Urban,SHS,Single,5,No,7,Yes,Employed,Services
6509,27,Male,Upper East,Rural,SHS,Married,3,No,5,Yes,Employed,Services
6510,31,Male,Ashanti,Rural,JHS,Widowed,5,No,10,Yes,Employed,Agriculture
6511,35,Male,Greater Accra,Urban,Tertiary,Married,4,No,8,Yes,Unemployed,
6512,19,Male,Volta,Rural,SHS,Married,7,No,0,Yes,Employed,Informal Trade
6513,31,Male,Greater Accra,Urban,JHS,Married,2,No,13,Yes,Employed,Services
6514,23,Female,Eastern,Urban,SHS,Single,3,No,3,Yes,Employed,Informal Trade
6515,31,Male,Bono,Rural,SHS,Single,2,No,8,Yes,Employed,Agriculture
6517,28,Female,Central,Urban,SHS,Married,3,No,9,No,Not in Labor Force,
6519,28,Male,Greater Accra,Urban,JHS,Married,6,No,8,Yes,Employed,Industry
6520,19,Female,Greater Accra,Urban,SHS,Married,9,No,0,Yes,Employed,Industry
6521,33,Female,Upper West,Rural,Primary,Single,3,No,19,Yes,Employed,Informal Trade
6522,26,Female,Greater Accra,Urban,Tertiary,Single,6,No,2,Yes,Employed,Industry
6523,23,Male,Bono East,Rural,JHS,Married,2,No,5,Yes,Unemployed,
6524,21,Male,Western,Rural,JHS,Divorced/Separated,7,No,4,Yes,Employed,Agriculture
6525,35,Female,Western North,Urban,Tertiary,Married,3,No,7,No,Not in Labor Force,
6528,27,Female,Bono East,Urban,Tertiary,Married,3,No,3,Yes,Employed,Informal Trade
6529,23,Female,Western,Urban,SHS,Married,8,No,3,Yes,Unemployed,
6532,35,Female,Greater Accra,Urban,JHS,Married,3,No,14,Yes,Employed,Informal Trade
6535,32,Male,Greater Accra,Urban,Primary,Married,5,No,12,Yes,Employed,Services
6536,32,Female,Western,Urban,SHS,Single,8,No,13,Yes,Employed,Agriculture
6537,28,Female,North East,Urban,SHS,Single,8,No,7,Yes,Employed,Services
6538,24,Female,Bono,Urban,SHS,Married,3,No,4,No,Not in Labor Force,
6541,32,Male,Eastern,Rural,JHS,Married,3,No,11,Yes,Employed,Agriculture
6542,34,Female,Upper West,Urban,JHS,Married,6,No,15,Yes,Unemployed,
6544,30,Female,Greater Accra,Urban,JHS,Married,4,No,11,Yes,Employed,Industry
6545,25,Male,Northern,Rural,Tertiary,Married,5,No,2,No,Not in Labor Force,
6546,19,Male,Greater Accra,Urban,Tertiary,Single,6,No,0,Yes,Unemployed,
6547,28,Male,Central,Urban,SHS,Single,5,No,8,Yes,Unemployed,
6548,25,Female,Northern,Rural,Primary,Married,3,No,11,Yes,Employed,Informal Trade
6550,35,Female,Central,Rural,SHS,Single,2,No,13,Yes,Employed,Services
6553,26,Male,Bono,Urban,SHS,Married,3,No,6,No,Not in Labor Force,
6558,30,Male,Ashanti,Urban,Tertiary,Married,2,No,5,No,Not in Labor Force,
6559,24,Female,Central,Rural,JHS,Married,4,No,8,Yes,Employed,Agriculture
6560,21,Female,Oti,Rural,JHS,Divorced/Separated,3,No,4,No,Not in Labor Force,
6561,25,Female,Eastern,Rural,Primary,Single,6,No,10,No,Not in Labor Force,
6562,23,Male,Northern,Urban,Tertiary,Married,9,Yes,0,Yes,Employed,Services
6563,23,Female,Volta,Rural,SHS,Married,3,No,4,No,Not in Labor Force,
6564,24,Male,Central,Rural,,Married,9,No,14,Yes,Employed,Agriculture
6565,25,Female,Western,Rural,JHS,Single,6,No,8,Yes,Employed,Agriculture
6566,16,Female,Greater Accra,Rural,Primary,Divorced/Separated,3,No,2,No,Not in Labor Force,
6567,27,Male,Greater Accra,Urban,SHS,Married,7,No,6,No,Not in Labor Force,
6568,27,Male,Bono East,Urban,JHS,Divorced/Separated,4,No,9,Yes,Employed,Informal Trade
6569,27,Male,Ashanti,Urban,Tertiary,Married,4,No,3,No,Not in Labor Force,
6571,27,Male,Central,Urban,Tertiary,Single,8,No,3,No,Not in Labor Force,
6573,22,Female,Greater Accra,Urban,SHS,Single,4,No,2,No,Not in Labor Force,
6576,19,Female,Ashanti,Rural,JHS,Single,5,Yes,2,Yes,Employed,Informal Trade
6578,31,Male,Greater Accra,Urban,Tertiary,Married,3,No,6,No,Not in Labor Force,
6583,30,Male,Volta,Urban,JHS,Married,8,No,11,Yes,Employed,Agriculture
6584,32,Male,Greater Accra,Urban,SHS,Single,3,No,11,Yes,Employed,Services
6585,19,Female,Ashanti,Urban,Primary,Single,7,No,5,No,Not in Labor Force,
6586,32,Female,Central,Urban,SHS,Married,4,No,8,Yes,Employed,Services
6589,34,Male,Central,Urban,JHS,Single,5,No,14,Yes,Employed,Services
6592,25,Male,Greater Accra,Urban,SHS,Married,5,No,6,No,Not in Labor Force,
6593,24,Male,Greater Accra,Urban,Tertiary,Widowed,4,No,1,No,Not in Labor Force,
6595,19,Male,Greater Accra,Urban,Tertiary,Single,6,No,0,No,Not in Labor Force,
6598,26,Male,Ahafo,Rural,JHS,Married,5,No,10,Yes,Employed,Agriculture
6600,34,Female,Northern,Urban,SHS,Single,5,No,11,Yes,Employed,Informal Trade
6601,29,Female,Volta,Rural,Primary,Single,3,No,16,No,Not in Labor Force,
6602,32,Female,North East,Rural,Primary,Married,2,No,15,No,Not in Labor Force,
6605,22,Female,Ashanti,Urban,SHS,Single,7,No,2,Yes,Employed,Industry
6606,33,Male,Greater Accra,Urban,JHS,Divorced/Separated,5,No,15,No,Not in Labor Force,
6608,23,Female,Northern,Urban,SHS,Single,6,No,3,No,Not in Labor Force,
6610,28,Female,Greater Accra,Urban,Tertiary,Single,5,No,4,Yes,Unemployed,
6611,24,Female,Greater Accra,Urban,JHS,Divorced/Separated,1,No,5,Yes,Unemployed,
6614,33,Male,Upper East,Rural,,Single,7,No,21,Yes,Employed,Industry
6615,26,Female,Volta,Rural,,Married,7,No,15,Yes,Unemployed,
6616,32,Male,Western North,Urban,SHS,Married,8,No,12,No,Not in Labor Force,
6617,18,Male,Savannah,Rural,JHS,Single,7,No,2,Yes,Employed,Informal Trade
6619,23,Male,Ashanti,Urban,SHS,Married,6,No,3,Yes,Employed,Industry
6620,30,Female,Ashanti,Urban,JHS,Widowed,6,No,10,Yes,Employed,Services
6621,35,Male,Bono East,Rural,JHS,Married,4,No,16,Yes,Employed,Informal Trade
6626,31,Female,Greater Accra,Urban,JHS,Single,5,No,11,No,Not in Labor Force,
6628,30,Female,Central,Rural,Primary,Single,4,No,18,No,Not in Labor Force,
6629,32,Female,North East,Rural,Primary,Single,4,No,13,Yes,Employed,Public Sector
6631,30,Female,Upper West,Rural,JHS,Married,3,No,11,Yes,Employed,Agriculture
6632,34,Male,Ashanti,Urban,Tertiary,Married,5,No,11,Yes,Employed,Services
6633,33,Female,Greater Accra,Urban,Primary,Divorced/Separated,4,No,18,Yes,Employed,Industry
6635,27,Male,Northern,Urban,JHS,Single,6,No,10,Yes,Employed,Industry
6636,24,Male,Greater Accra,Urban,SHS,Single,3,No,4,Yes,Employed,Public Sector
6637,25,Female,Ashanti,Rural,SHS,Single,4,No,4,Yes,Employed,Services
6638,20,Female,Greater Accra,Urban,JHS,Married,4,No,3,No,Not in Labor Force,
6639,32,Male,Greater Accra,Urban,Tertiary,Single,2,No,7,No,Not in Labor Force,
6640,29,Male,Western,Rural,SHS,Married,6,No,7,Yes,Employed,Agriculture
6641,25,Male,Western,Urban,JHS,Married,4,No,8,No,Not in Labor Force,
6642,25,Female,Greater Accra,Urban,Primary,Married,3,No,9,No,Not in Labor Force,
6643,30,Female,Western North,Rural,Tertiary,Married,9,No,6,No,Not in Labor Force,
6645,24,Female,Ashanti,Urban,SHS,Single,8,No,4,Yes,Unemployed,
6646,33,Male,Bono,Rural,JHS,Married,7,No,16,Yes,Employed,Informal Trade
6648,32,Female,Western,Urban,JHS,Married,3,No,14,No,Not in Labor Force,
6651,20,Male,Upper West,Rural,,Single,5,No,14,No,Not in Labor Force,
6653,26,Female,Ashanti,Rural,JHS,Married,3,No,10,Yes,Unemployed,
6654,34,Female,Eastern,Rural,Tertiary,Married,6,No,8,Yes,Employed,Agriculture
6655,21,Male,Bono,Rural,SHS,Married,7,No,1,Yes,Employed,Agriculture
6656,26,Female,Upper East,Rural,Tertiary,Married,6,No,2,Yes,Employed,Services
6659,33,Male,Western North,Rural,SHS,Married,7,No,9,Yes,Employed,Services
6660,23,Male,Greater Accra,Urban,SHS,Divorced/Separated,4,No,3,Yes,Employed,Services
6663,31,Female,Ashanti,Urban,Primary,Married,5,No,17,Yes,Employed,Public Sector
6664,33,Female,Greater Accra,Urban,JHS,Single,4,No,13,Yes,Employed,Informal Trade
6666,23,Female,Western,Rural,JHS,Married,6,No,5,No,Not in Labor Force,
6668,31,Female,Savannah,Rural,Primary,Divorced/Separated,4,No,13,No,Not in Labor Force,
6669,18,Female,Western North,Rural,Primary,Married,9,No,5,No,Not in Labor Force,
6670,34,Male,Central,Urban,Tertiary,Married,10,No,9,No,Not in Labor Force,
6677,25,Male,Greater Accra,Urban,JHS,Single,3,No,7,No,Not in Labor Force,
6680,25,Male,Greater Accra,Urban,Tertiary,Single,5,No,2,Yes,Unemployed,
6681,18,Female,Ashanti,Rural,Primary,Single,8,No,5,Yes,Employed,Informal Trade
6683,34,Male,Upper West,Urban,Tertiary,Widowed,3,No,10,No,Not in Labor Force,
6686,29,Female,North East,Rural,,Married,4,No,15,No,Not in Labor Force,
6687,27,Male,Northern,Rural,JHS,Single,4,No,9,Yes,Employed,Informal Trade
6688,28,Female,Eastern,Rural,JHS,Single,5,No,8,Yes,Employed,Agriculture
6690,31,Female,Oti,Rural,JHS,Married,7,No,11,Yes,Employed,Informal Trade
6691,24,Male,Greater Accra,Urban,SHS,Single,4,No,4,Yes,Unemployed,
6692,25,Male,Volta,Rural,Primary,Single,8,No,10,Yes,Employed,Agriculture
6693,23,Male,Northern,Rural,JHS,Single,4,No,6,Yes,Employed,Agriculture
6696,27,Female,Northern,Urban,SHS,Single,5,No,7,Yes,Employed,Industry
6698,23,Female,Western,Rural,Tertiary,Single,6,No,0,Yes,Employed,Industry
6699,35,Male,Eastern,Urban,,Married,2,No,28,Yes,Employed,Services
6703,25,Male,Bono East,Urban,JHS,Single,7,No,8,Yes,Unemployed,
6705,22,Male,Eastern,Rural,JHS,Married,5,No,5,No,Not in Labor Force,
6708,27,Female,Ashanti,Rural,Primary,Married,6,No,12,No,Not in Labor Force,
6714,33,Female,Western,Rural,,Single,9,No,27,Yes,Employed,Industry
6719,28,Female,Upper East,Rural,Primary,Single,7,No,10,Yes,Employed,Informal Trade
6720,32,Male,Greater Accra,Urban,JHS,Married,3,No,16,Yes,Employed,Industry
6722,31,Female,Upper East,Urban,JHS,Married,2,No,14,No,Not in Labor Force,
6723,21,Female,Eastern,Rural,JHS,Married,6,No,5,Yes,Employed,Agriculture
6724,30,Male,Western North,Rural,JHS,Single,6,No,9,No,Not in Labor Force,
6725,31,Male,Upper East,Rural,JHS,Married,5,No,14,No,Not in Labor Force,
6726,23,Male,Greater Accra,Urban,JHS,Married,7,No,6,Yes,Employed,Informal Trade
6727,27,Female,Bono East,Rural,JHS,Married,4,No,8,Yes,Employed,Agriculture
6728,16,Female,Eastern,Rural,SHS,Single,4,No,0,Yes,Employed,Informal Trade
6729,29,Female,Oti,Urban,SHS,Married,4,No,10,Yes,Employed,Industry
6730,34,Female,Savannah,Urban,SHS,Married,8,No,14,Yes,Employed,Informal Trade
6731,28,Female,Greater Accra,Urban,SHS,Married,5,No,7,Yes,Employed,Agriculture
6732,30,Female,Ashanti,Urban,JHS,Single,5,No,11,Yes,Employed,Informal Trade
6735,34,Female,Western,Urban,SHS,Single,4,No,9,Yes,Employed,Informal Trade
6737,31,Male,Eastern,Rural,,Married,3,No,18,Yes,Employed,Informal Trade
6738,30,Male,Ashanti,Rural,,Single,6,No,15,Yes,Employed,Agriculture
6739,28,Female,Greater Accra,Urban,SHS,Single,3,No,6,Yes,Unemployed,
6740,24,Male,Upper East,Rural,JHS,Married,3,No,5,Yes,Employed,Agriculture
6742,24,Female,Western North,Rural,JHS,Married,4,No,7,No,Not in Labor Force,
6744,17,Female,Greater Accra,Urban,SHS,Married,5,No,0,Yes,Employed,Services
6745,28,Male,North East,Urban,JHS,Single,6,No,9,Yes,Employed,Industry
6748,21,Male,Greater Accra,Urban,JHS,Single,4,No,4,Yes,Employed,Industry
6749,30,Female,Eastern,Rural,Primary,Single,5,No,17,Yes,Unemployed,
6751,22,Female,Northern,Rural,SHS,Married,3,No,2,Yes,Employed,Services
6752,23,Female,Ashanti,Urban,JHS,Married,3,No,4,No,Not in Labor Force,
6753,26,Female,Upper West,Rural,JHS,Married,3,No,7,Yes,Employed,Agriculture
6755,35,Male,Greater Accra,Urban,JHS,Single,7,No,15,Yes,Employed,Services
6757,22,Male,Greater Accra,Urban,Tertiary,Single,4,No,0,Yes,Unemployed,
6758,19,Female,Volta,Rural,Primary,Married,2,No,5,Yes,Employed,Industry
6760,26,Female,Greater Accra,Urban,,Married,5,No,12,No,Not in Labor Force,
6761,19,Male,Upper West,Rural,JHS,Married,7,No,3,No,Not in Labor Force,
6762,28,Female,Central,Urban,JHS,Married,2,No,11,Yes,Unemployed,
6766,24,Female,Savannah,Rural,,Single,5,No,14,Yes,Unemployed,
6768,19,Female,Upper West,Urban,Tertiary,Single,4,No,0,Yes,Employed,Industry
6769,19,Female,Upper West,Rural,JHS,Single,2,No,3,Yes,Employed,Agriculture
6771,34,Male,Bono East,Rural,JHS,Married,4,No,17,No,Not in Labor Force,
6773,22,Female,Ashanti,Rural,,Married,4,No,12,Yes,Employed,Agriculture
6777,22,Male,Greater Accra,Rural,JHS,Married,3,No,5,No,Not in Labor Force,
6780,28,Female,Greater Accra,Urban,Primary,Married,8,No,16,No,Not in Labor Force,
6782,22,Male,Central,Rural,,Divorced/Separated,7,No,13,Yes,Employed,Industry
6783,22,Male,Upper East,Rural,Primary,Married,5,No,6,Yes,Employed,Agriculture
6784,24,Female,Volta,Rural,JHS,Married,8,No,5,Yes,Employed,Informal Trade
6785,19,Female,Bono,Urban,Tertiary,Single,6,No,0,Yes,Unemployed,
6787,20,Male,Upper West,Rural,,Single,7,No,13,No,Not in Labor Force,
6788,26,Female,Greater Accra,Urban,SHS,Married,5,No,5,Yes,Employed,Agriculture
6789,22,Female,Ashanti,Urban,JHS,Married,4,No,4,Yes,Employed,Industry
6792,25,Male,Greater Accra,Urban,SHS,Single,3,No,5,Yes,Employed,Public Sector
6793,26,Male,Ashanti,Urban,Tertiary,Married,10,No,3,Yes,Employed,Public Sector
6795,32,Female,Western,Urban,Tertiary,Single,4,No,6,Yes,Employed,Services
6796,27,Male,Ashanti,Rural,SHS,Divorced/Separated,3,No,6,Yes,Employed,Agriculture
6798,18,Female,Central,Rural,JHS,Single,4,No,2,No,Not in Labor Force,
6799,21,Male,Central,Rural,Tertiary,Married,6,No,0,No,Not in Labor Force,
6800,23,Female,Volta,Rural,JHS,Divorced/Separated,6,No,4,Yes,Employed,Informal Trade
6801,24,Male,Bono,Rural,,Single,7,No,14,Yes,Employed,Agriculture
6802,26,Female,Savannah,Urban,Tertiary,Single,4,No,3,No,Not in Labor Force,
6803,30,Female,Greater Accra,Urban,JHS,Single,9,No,11,Yes,Employed,Informal Trade
6805,35,Male,Savannah,Rural,JHS,Single,6,No,18,Yes,Employed,Services
6806,20,Male,Eastern,Rural,Primary,Married,7,No,6,No,Not in Labor Force,
6807,32,Male,Western,Rural,Primary,Single,5,No,12,No,Not in Labor Force,
6808,22,Male,Western,Rural,Primary,Single,5,No,7,Yes,Employed,Services
6809,24,Female,Bono,Urban,,Single,8,No,12,Yes,Employed,Industry
6813,30,Male,Northern,Rural,SHS,Single,4,No,8,Yes,Employed,Agriculture
6814,18,Male,Greater Accra,Urban,JHS,Married,5,No,2,No,Not in Labor Force,
6815,21,Male,Bono,Rural,JHS,Single,7,No,4,Yes,Employed,Public Sector
6821,32,Male,Eastern,Rural,Primary,Single,4,No,14,Yes,Employed,Services
6822,33,Male,Northern,Rural,JHS,Single,6,No,14,Yes,Employed,Public Sector
6823,20,Female,Bono,Urban,Primary,Married,1,No,6,Yes,Employed,Industry
6825,26,Male,Volta,Rural,Primary,Single,4,No,13,Yes,Employed,Agriculture
6826,16,Female,Upper East,Rural,,Married,7,No,7,No,Not in Labor Force,
6827,30,Male,Western North,Rural,JHS,Married,2,No,12,Yes,Employed,Agriculture
6828,35,Male,Western,Rural,,Single,5,No,29,Yes,Employed,Agriculture
6829,34,Female,Ahafo,Rural,Primary,Single,7,No,19,Yes,Employed,Agriculture
6834,28,Male,Bono East,Rural,Primary,Single,4,No,16,Yes,Employed,Informal Trade
6836,25,Female,Eastern,Rural,,Single,4,No,19,Yes,Employed,Agriculture
6837,24,Female,Bono,Rural,JHS,Divorced/Separated,9,No,8,Yes,Employed,Informal Trade
6839,33,Female,Ahafo,Urban,SHS,Married,4,No,14,Yes,Unemployed,
6841,27,Male,Northern,Urban,SHS,Married,6,No,8,Yes,Employed,Informal Trade
6842,26,Male,Upper East,Rural,JHS,Divorced/Separated,3,No,8,Yes,Unemployed,
6843,29,Female,Ashanti,Urban,SHS,Married,4,No,8,Yes,Employed,Informal Trade
6844,18,Female,Ashanti,Urban,JHS,Single,7,No,1,Yes,Unemployed,
6845,18,Female,Bono,Rural,Primary,Single,6,No,6,Yes,Employed,Agriculture
6846,33,Female,Eastern,Rural,,Widowed,4,No,23,Yes,Employed,Agriculture
6848,21,Male,Bono East,Rural,JHS,Single,7,No,3,No,Not in Labor Force,
6849,35,Female,Central,Rural,SHS,Married,3,No,13,Yes,Employed,Agriculture
6851,25,Female,Greater Accra,Urban,SHS,Single,7,No,4,Yes,Unemployed,
6852,26,Male,Ahafo,Urban,SHS,Single,6,No,6,Yes,Unemployed,
6854,35,Female,Ashanti,Urban,SHS,Single,4,No,10,Yes,Employed,Public Sector
6855,24,Male,Ashanti,Rural,Primary,Single,4,No,7,No,Not in Labor Force,
6856,32,Female,Volta,Urban,Primary,Married,5,No,17,Yes,Employed,Public Sector
6859,29,Female,Central,Rural,,Single,2,No,18,No,Not in Labor Force,
6860,23,Male,Volta,Urban,SHS,Married,7,No,3,Yes,Unemployed,
6865,18,Male,Greater Accra,Urban,SHS,Married,8,No,0,Yes,Employed,Services
6866,27,Male,Volta,Rural,,Single,3,No,19,No,Not in Labor Force,
6867,25,Male,Ashanti,Rural,,Divorced/Separated,4,No,17,Yes,Employed,Agriculture
6868,34,Female,Ashanti,Urban,,Single,6,No,18,No,Not in Labor Force,
6874,23,Male,Western North,Urban,Primary,Married,3,No,10,No,Not in Labor Force,
6875,28,Female,Eastern,Rural,JHS,Married,2,No,10,Yes,Employed,Agriculture
6876,35,Female,Bono East,Rural,JHS,Single,6,No,18,Yes,Employed,Informal Trade
6877,30,Male,Eastern,Urban,JHS,Married,1,No,12,No,Not in Labor Force,
6879,35,Male,Central,Urban,Tertiary,Single,5,No,8,Yes,Employed,Public Sector
6880,33,Female,Ashanti,Urban,JHS,Single,6,No,10,No,Not in Labor Force,
6881,25,Female,Western,Rural,Primary,Single,3,No,11,Yes,Employed,Public Sector
6882,20,Male,Ashanti,Urban,JHS,Single,4,No,3,Yes,Employed,Services
6883,26,Male,Greater Accra,Urban,Tertiary,Married,5,No,2,Yes,Employed,Informal Trade
6884,24,Female,Ashanti,Urban,SHS,Married,6,No,4,Yes,Employed,Services
6885,27,Female,Western,Urban,SHS,Married,4,No,6,Yes,Employed,Services
6886,30,Female,Bono,Rural,SHS,Single,6,No,8,Yes,Employed,Industry
6887,32,Male,Upper East,Rural,Primary,Single,6,No,14,Yes,Employed,Public Sector
6888,23,Female,Greater Accra,Urban,Tertiary,Single,4,No,0,Yes,Unemployed,
6889,30,Male,Upper East,Urban,Tertiary,Married,5,No,6,Yes,Employed,Services
6891,30,Female,Greater Accra,Urban,JHS,Divorced/Separated,5,No,12,Yes,Employed,Informal Trade
6892,33,Male,Upper East,Rural,SHS,Widowed,5,No,10,Yes,Employed,Agriculture
6895,35,Female,Ashanti,Rural,,Married,7,No,24,Yes,Employed,Public Sector
6897,25,Male,Volta,Rural,JHS,Divorced/Separated,2,No,7,Yes,Employed,Agriculture
6899,26,Female,Greater Accra,Urban,SHS,Married,5,No,7,No,Not in Labor Force,
6905,35,Male,Ashanti,Urban,Primary,Divorced/Separated,5,No,20,Yes,Employed,Informal Trade
6907,25,Female,Bono East,Rural,JHS,Single,3,No,6,No,Not in Labor Force,
6909,31,Male,Greater Accra,Urban,SHS,Married,3,No,8,Yes,Employed,Agriculture
6910,20,Female,Central,Urban,SHS,Married,6,No,1,Yes,Employed,Services
6913,30,Female,Central,Urban,JHS,Married,2,No,12,Yes,Unemployed,
6914,28,Female,Northern,Rural,JHS,Divorced/Separated,4,No,11,Yes,Employed,Industry
6917,20,Male,Northern,Rural,Tertiary,Divorced/Separated,9,No,0,Yes,Employed,Agriculture
6918,27,Male,Western,Urban,Tertiary,Married,3,No,2,No,Not in Labor Force,
6920,24,Female,Greater Accra,Urban,SHS,Married,10,No,3,Yes,Employed,Services
6921,32,Female,Ashanti,Urban,Tertiary,Married,4,No,7,No,Not in Labor Force,
6922,21,Male,Eastern,Rural,Primary,Married,6,No,7,Yes,Employed,Agriculture
6924,31,Male,Greater Accra,Urban,JHS,Widowed,5,No,11,No,Not in Labor Force,
6925,34,Male,Northern,Rural,SHS,Married,7,No,11,Yes,Employed,Agriculture
6926,29,Male,Central,Rural,JHS,Single,4,No,12,Yes,Employed,Agriculture
6927,27,Male,Upper East,Rural,JHS,Widowed,3,No,9,Yes,Employed,Informal Trade
6930,21,Male,Western,Urban,JHS,Married,5,No,4,Yes,Employed,Industry
6932,18,Male,Greater Accra,Urban,JHS,Widowed,9,No,1,Yes,Employed,Services
6934,28,Male,Ashanti,Urban,JHS,Married,4,No,11,Yes,Unemployed,
6935,22,Male,Western North,Rural,Primary,Single,5,No,6,No,Not in Labor Force,
6936,28,Male,Upper East,Rural,JHS,Single,6,No,8,Yes,Employed,Agriculture
6937,29,Male,Greater Accra,Rural,,Married,8,No,17,Yes,Employed,Agriculture
6938,32,Female,Ashanti,Rural,Primary,Married,6,No,13,Yes,Employed,Agriculture
6940,26,Female,Northern,Rural,,Married,7,No,13,Yes,Unemployed,
6941,31,Female,Eastern,Rural,Primary,Single,2,No,12,Yes,Employed,Agriculture
6943,21,Female,Ashanti,Urban,Tertiary,Married,6,No,0,No,Not in Labor Force,
6947,18,Male,Bono,Urban,Tertiary,Married,2,No,0,No,Not in Labor Force,
6948,18,Male,Oti,Rural,Tertiary,Married,3,No,0,Yes,Unemployed,
6950,24,Male,Greater Accra,Urban,Primary,Married,6,No,8,Yes,Unemployed,
6952,29,Male,Central,Rural,SHS,Divorced/Separated,4,No,9,No,Not in Labor Force,
6958,20,Male,Greater Accra,Urban,JHS,Single,4,No,4,Yes,Employed,Services
6960,27,Female,Eastern,Rural,JHS,Divorced/Separated,9,No,11,No,Not in Labor Force,
6961,22,Male,North East,Rural,Primary,Divorced/Separated,8,No,7,Yes,Employed,Agriculture
6963,34,Male,Ashanti,Urban,JHS,Single,3,No,11,Yes,Employed,Industry
6965,18,Female,Central,Rural,,Single,4,No,11,No,Not in Labor Force,
6966,34,Female,Eastern,Rural,SHS,Married,9,No,14,Yes,Employed,Agriculture
6968,32,Male,Northern,Rural,,Single,6,No,22,No,Not in Labor Force,
6969,34,Female,Bono East,Rural,JHS,Single,5,No,11,No,Not in Labor Force,
6970,19,Female,Western,Rural,Primary,Single,8,No,4,No,Not in Labor Force,
6971,35,Male,Upper East,Urban,JHS,Married,2,No,19,Yes,Employed,Industry
6972,19,Female,Oti,Rural,SHS,Married,2,No,0,Yes,Employed,Public Sector
6974,32,Female,Western,Rural,JHS,Single,3,No,15,Yes,Employed,Agriculture
6975,25,Male,Eastern,Rural,Primary,Single,2,No,12,Yes,Employed,Industry
6980,24,Female,Oti,Rural,,Married,5,No,13,Yes,Employed,Agriculture
6982,25,Female,Ashanti,Urban,JHS,Married,8,No,6,No,Not in Labor Force,
6983,27,Male,Greater Accra,Urban,SHS,Single,5,No,7,Yes,Unemployed,
6984,33,Male,Northern,Rural,SHS,Married,2,No,12,Yes,Employed,Agriculture
6985,31,Female,Greater Accra,Urban,JHS,Married,6,No,11,No,Not in Labor Force,
6986,31,Male,Central,Urban,JHS,Single,3,No,10,No,Not in Labor Force,
6988,28,Male,Savannah,Rural,,Divorced/Separated,3,No,17,No,Not in Labor Force,
6989,18,Female,Ashanti,Rural,,Single,6,No,9,No,Not in Labor Force,
6994,28,Male,Greater Accra,Urban,JHS,Married,4,No,11,Yes,Employed,Informal Trade
6996,22,Female,Ashanti,Rural,,Single,6,No,10,No,Not in Labor Force,
6999,24,Female,Eastern,Rural,SHS,Widowed,7,No,3,No,Not in Labor Force,
7000,32,Female,Ashanti,Urban,Primary,Married,6,No,20,No,Not in Labor Force,
7003,26,Male,Eastern,Rural,Primary,Single,4,No,9,Yes,Employed,Industry
7006,31,Female,Ashanti,Urban,SHS,Widowed,4,No,11,Yes,Employed,Informal Trade
7007,35,Male,Eastern,Rural,JHS,Married,5,No,17,Yes,Employed,Agriculture
7009,35,Female,Volta,Urban,SHS,Single,5,No,14,Yes,Unemployed,
7011,26,Male,Greater Accra,Urban,SHS,Single,9,No,5,Yes,Unemployed,
7012,22,Male,Central,Rural,JHS,Single,10,No,5,Yes,Employed,Agriculture
7016,18,Male,Greater Accra,Urban,SHS,Married,3,No,0,No,Not in Labor Force,
7017,25,Female,Greater Accra,Urban,Primary,Single,3,No,8,Yes,Employed,Services
7019,26,Male,Ashanti,Urban,SHS,Single,4,No,5,Yes,Employed,Public Sector
7022,17,Female,Ahafo,Urban,,Single,5,No,7,Yes,Employed,Informal Trade
7023,26,Male,Ashanti,Urban,JHS,Single,4,No,8,No,Not in Labor Force,
7024,27,Female,Greater Accra,Rural,,Widowed,10,No,21,Yes,Unemployed,
7025,31,Female,Ashanti,Urban,JHS,Single,3,No,10,No,Not in Labor Force,
7026,27,Female,Northern,Rural,JHS,Married,10,Yes,7,Yes,Employed,Agriculture
7027,30,Male,Western,Rural,JHS,Married,7,No,11,Yes,Employed,Public Sector
7039,24,Male,Volta,Rural,,Married,7,No,11,Yes,Employed,Services
7040,22,Male,Eastern,Rural,Tertiary,Single,4,No,0,No,Not in Labor Force,
7041,30,Male,Upper East,Rural,Primary,Single,8,No,13,Yes,Employed,Agriculture
7044,30,Female,Central,Urban,Primary,Single,4,No,18,Yes,Employed,Services
7045,23,Male,Northern,Rural,JHS,Married,6,No,4,Yes,Employed,Informal Trade
7046,25,Female,Ashanti,Rural,JHS,Single,7,No,7,Yes,Employed,Agriculture
7048,26,Male,Ahafo,Urban,JHS,Divorced/Separated,4,Yes,10,Yes,Unemployed,
7049,35,Female,Greater Accra,Urban,,Married,4,No,22,Yes,Employed,Informal Trade
7050,25,Female,Northern,Rural,JHS,Single,2,Yes,9,Yes,Employed,Informal Trade
7051,33,Male,Upper West,Rural,Primary,Single,5,No,21,Yes,Employed,Agriculture
7052,27,Male,Ashanti,Urban,SHS,Single,5,No,6,Yes,Employed,Services
7055,25,Female,Upper East,Rural,JHS,Married,3,No,7,No,Not in Labor Force,
7057,19,Male,Western,Rural,JHS,Married,4,No,2,No,Not in Labor Force,
7060,35,Male,Greater Accra,Urban,SHS,Single,2,No,15,Yes,Employed,Informal Trade
7062,25,Female,Bono East,Rural,JHS,Single,5,No,7,Yes,Employed,Agriculture
7063,31,Male,Ashanti,Urban,Primary,Divorced/Separated,3,No,18,No,Not in Labor Force,
7064,26,Male,Greater Accra,Urban,JHS,Married,8,No,8,Yes,Employed,Industry
7065,22,Female,Greater Accra,Urban,,Single,5,No,12,No,Not in Labor Force,
7066,20,Female,Oti,Rural,,Single,2,No,11,Yes,Employed,Agriculture
7067,23,Female,Greater Accra,Urban,JHS,Divorced/Separated,4,No,6,Yes,Employed,Informal Trade
7068,30,Male,Northern,Rural,JHS,Divorced/Separated,4,No,12,Yes,Unemployed,
7070,32,Female,Upper East,Rural,JHS,Single,5,No,14,Yes,Employed,Services
7074,23,Female,Western,Urban,SHS,Single,5,No,3,Yes,Unemployed,
7077,22,Male,Central,Urban,Primary,Married,4,No,7,No,Not in Labor Force,
7078,31,Female,Northern,Rural,JHS,Divorced/Separated,7,No,14,Yes,Employed,Agriculture
7080,19,Male,Western North,Rural,,Married,3,No,10,Yes,Employed,Agriculture
7082,34,Female,Central,Rural,JHS,Divorced/Separated,2,No,13,No,Not in Labor Force,
7085,20,Female,Western,Rural,Primary,Single,5,No,6,No,Not in Labor Force,
7089,20,Male,Upper West,Urban,Tertiary,Divorced/Separated,4,No,0,Yes,Employed,Informal Trade
7090,30,Male,Western,Rural,SHS,Married,8,No,9,Yes,Employed,Services
7091,23,Female,Upper West,Rural,JHS,Married,6,No,5,No,Not in Labor Force,
7094,26,Male,Eastern,Rural,Tertiary,Married,6,No,2,No,Not in Labor Force,
7096,20,Female,Greater Accra,Urban,SHS,Single,5,No,1,Yes,Unemployed,
7097,26,Male,Bono East,Rural,JHS,Single,3,No,7,No,Not in Labor Force,
7099,18,Female,Greater Accra,Urban,JHS,Single,7,Yes,2,No,Not in Labor Force,
7100,31,Male,Bono,Rural,SHS,Divorced/Separated,7,No,8,Yes,Employed,Agriculture
7101,33,Female,Northern,Rural,Primary,Single,4,No,20,Yes,Employed,Agriculture
7103,25,Female,Savannah,Rural,Primary,Married,1,No,13,Yes,Unemployed,
7105,34,Male,Upper West,Rural,JHS,Single,5,No,13,No,Not in Labor Force,
7106,22,Male,Greater Accra,Urban,Primary,Single,3,No,7,No,Not in Labor Force,
7107,15,Male,Western North,Rural,,Single,5,No,9,No,Not in Labor Force,
7109,32,Female,Ahafo,Urban,,Single,7,No,16,Yes,Employed,Informal Trade
7110,19,Female,Eastern,Rural,JHS,Divorced/Separated,7,No,2,No,Not in Labor Force,
7112,28,Female,Western North,Rural,SHS,Single,6,No,9,Yes,Employed,Agriculture
7114,24,Male,Ashanti,Urban,SHS,Married,5,No,5,No,Not in Labor Force,
7115,34,Female,Bono East,Rural,SHS,Married,3,No,14,Yes,Employed,Informal Trade
7116,35,Male,Oti,Rural,,Single,4,No,23,Yes,Employed,Agriculture
7117,34,Male,Northern,Rural,JHS,Married,9,No,16,Yes,Employed,Agriculture
7119,34,Female,Greater Accra,Urban,SHS,Single,3,No,10,Yes,Employed,Industry
7120,35,Male,Volta,Rural,Tertiary,Married,3,No,8,Yes,Unemployed,
7121,26,Male,Bono,Rural,,Divorced/Separated,5,No,19,Yes,Employed,Services
7122,21,Female,Greater Accra,Urban,SHS,Married,6,No,2,Yes,Employed,Informal Trade
7123,20,Female,Ashanti,Rural,JHS,Single,3,No,3,Yes,Unemployed,
7125,24,Female,Ashanti,Rural,,Married,8,No,14,Yes,Unemployed,
7126,22,Female,Eastern,Rural,,Married,2,No,16,No,Not in Labor Force,
7130,34,Female,Bono,Rural,,Married,6,No,22,No,Not in Labor Force,
7131,18,Male,Northern,Rural,,Married,4,No,12,Yes,Employed,Agriculture
7132,16,Female,Volta,Rural,Primary,Single,5,No,2,Yes,Employed,Public Sector
7134,21,Male,Greater Accra,Urban,Primary,Single,4,No,8,No,Not in Labor Force,
7135,28,Male,Oti,Urban,SHS,Single,4,No,6,Yes,Employed,Services
7136,30,Male,Greater Accra,Urban,SHS,Single,6,No,9,Yes,Employed,Services
7138,34,Female,Greater Accra,Urban,JHS,Single,6,No,13,Yes,Unemployed,
7139,25,Female,Western North,Rural,,Married,4,No,13,No,Not in Labor Force,
7140,25,Male,Central,Rural,,Married,5,No,16,No,Not in Labor Force,
7141,18,Female,Ashanti,Urban,,Married,5,Yes,10,Yes,Unemployed,
7143,33,Female,Oti,Rural,Tertiary,Married,3,No,7,No,Not in Labor Force,
7144,17,Female,Ashanti,Urban,Primary,Married,7,No,4,Yes,Employed,Services
7146,30,Male,Greater Accra,Urban,JHS,Single,2,No,11,Yes,Employed,Public Sector
7149,25,Female,Central,Rural,JHS,Single,5,No,7,Yes,Employed,Agriculture
7151,25,Male,Bono,Rural,SHS,Married,2,No,6,No,Not in Labor Force,
7154,23,Female,Greater Accra,Urban,SHS,Married,3,No,4,Yes,Employed,Services
7156,31,Male,Bono East,Rural,Primary,Single,3,No,18,Yes,Employed,Informal Trade
7157,23,Female,Greater Accra,Urban,JHS,Married,4,No,7,Yes,Employed,Services
7158,29,Male,Ashanti,Urban,JHS,Married,6,No,11,Yes,Unemployed,
7159,17,Female,Ahafo,Rural,JHS,Single,7,No,1,No,Not in Labor Force,
7160,34,Male,Greater Accra,Urban,SHS,Married,5,No,14,No,Not in Labor Force,
7161,25,Male,Northern,Rural,Primary,Single,2,No,12,Yes,Employed,Industry
7162,31,Female,Oti,Rural,SHS,Single,5,No,12,Yes,Employed,Industry
7163,24,Female,Volta,Rural,,Single,2,No,11,Yes,Employed,Informal Trade
7165,22,Male,Upper West,Rural,JHS,Married,5,No,4,No,Not in Labor Force,
7166,31,Male,Upper West,Rural,Primary,Widowed,6,No,15,Yes,Employed,Agriculture
7169,27,Female,Western,Urban,Primary,Single,4,No,13,No,Not in Labor Force,
7170,23,Female,Bono,Rural,Tertiary,Married,8,No,0,No,Not in Labor Force,
7171,29,Female,Ashanti,Urban,JHS,Single,4,No,10,Yes,Unemployed,
7175,25,Male,Bono,Rural,,Married,5,No,17,Yes,Employed,Agriculture
7176,23,Female,Savannah,Rural,SHS,Married,6,No,3,Yes,Employed,Agriculture
7178,21,Male,Greater Accra,Urban,Tertiary,Married,5,No,0,No,Not in Labor Force,
7181,29,Male,Ashanti,Urban,JHS,Married,3,No,8,Yes,Employed,Public Sector
7182,30,Male,Ashanti,Rural,JHS,Married,4,No,11,Yes,Employed,Industry
7183,34,Female,Ashanti,Urban,Tertiary,Married,5,No,10,Yes,Unemployed,
7184,35,Male,Volta,Rural,Primary,Single,5,No,17,No,Not in Labor Force,
7186,24,Female,Volta,Rural,JHS,Married,7,No,7,Yes,Employed,Informal Trade
7189,30,Male,Ashanti,Rural,Tertiary,Married,4,No,5,Yes,Employed,Industry
7194,20,Female,Bono,Rural,Primary,Married,8,No,7,Yes,Employed,Informal Trade
7196,28,Female,Oti,Rural,JHS,Married,7,Yes,10,Yes,Employed,Agriculture
7197,24,Female,Ashanti,Urban,JHS,Single,5,No,8,No,Not in Labor Force,
7198,35,Male,Ashanti,Rural,Primary,Single,3,No,20,Yes,Employed,Informal Trade
7199,35,Male,Greater Accra,Urban,SHS,Married,7,No,12,Yes,Employed,Public Sector
7200,23,Male,Northern,Urban,,Divorced/Separated,6,No,13,Yes,Employed,Services
7201,24,Female,Western,Urban,JHS,Married,3,No,8,No,Not in Labor Force,
7204,20,Female,Central,Rural,Primary,Married,2,No,5,Yes,Employed,Informal Trade
7205,19,Male,Central,Rural,JHS,Married,5,No,3,Yes,Employed,Public Sector
7207,26,Female,Greater Accra,Urban,JHS,Married,6,No,8,Yes,Employed,Informal Trade
7208,22,Male,Ashanti,Rural,JHS,Married,6,No,5,Yes,Employed,Agriculture
7210,29,Female,Greater Accra,Rural,Primary,Married,2,No,12,Yes,Employed,Informal Trade
7211,26,Male,Bono East,Rural,JHS,Single,6,No,8,Yes,Employed,Services
7212,30,Male,Oti,Rural,Primary,Divorced/Separated,5,No,15,No,Not in Labor Force,
7213,33,Female,Ashanti,Urban,SHS,Single,5,No,11,Yes,Unemployed,
7214,28,Female,Volta,Rural,SHS,Single,6,No,7,Yes,Employed,Agriculture
7215,33,Male,Western,Urban,SHS,Single,4,No,11,No,Not in Labor Force,
7220,35,Male,Greater Accra,Urban,SHS,Married,8,No,13,Yes,Employed,Informal Trade
7223,23,Female,Oti,Rural,,Single,4,No,15,Yes,Employed,Services
7225,24,Male,Ashanti,Urban,SHS,Single,3,No,5,Yes,Unemployed,
7226,29,Female,Central,Urban,Primary,Married,2,No,12,No,Not in Labor Force,
7229,34,Male,Ashanti,Urban,SHS,Single,8,No,12,No,Not in Labor Force,
7230,33,Male,Bono East,Rural,JHS,Married,4,No,13,Yes,Employed,Agriculture
7231,34,Male,Savannah,Rural,SHS,Married,5,No,11,Yes,Employed,Services
7232,25,Female,Western North,Rural,JHS,Divorced/Separated,7,No,6,Yes,Employed,Agriculture
7233,24,Male,Savannah,Rural,SHS,Divorced/Separated,2,No,4,Yes,Employed,Industry
7235,21,Female,Ashanti,Rural,SHS,Divorced/Separated,3,No,1,Yes,Employed,Services
7236,25,Female,Upper East,Rural,SHS,Married,5,No,5,No,Not in Labor Force,
7237,27,Male,Central,Urban,Tertiary,Divorced/Separated,5,No,2,Yes,Unemployed,
7238,26,Female,Oti,Rural,JHS,Married,5,No,7,Yes,Employed,Agriculture
7241,22,Female,Volta,Rural,JHS,Single,3,No,6,Yes,Employed,Informal Trade
7242,30,Female,Western,Urban,SHS,Married,5,No,8,Yes,Employed,Industry
7243,29,Male,Ashanti,Urban,SHS,Single,7,No,9,Yes,Employed,Services
7244,18,Male,Eastern,Urban,SHS,Married,3,No,0,Yes,Employed,Informal Trade
7249,32,Male,Northern,Rural,JHS,Single,6,No,14,Yes,Employed,Agriculture
7250,21,Male,Central,Urban,SHS,Married,8,No,2,Yes,Employed,Services
7251,32,Male,Volta,Rural,JHS,Married,4,No,14,No,Not in Labor Force,
7252,28,Female,Ashanti,Urban,Tertiary,Single,8,No,4,No,Not in Labor Force,
7253,28,Male,Greater Accra,Urban,SHS,Single,6,No,5,Yes,Employed,Informal Trade
7254,24,Male,Upper West,Rural,,Single,4,No,11,Yes,Employed,Agriculture
7255,29,Female,Western,Urban,JHS,Married,5,No,13,No,Not in Labor Force,
7258,29,Female,Ashanti,Rural,,Single,7,No,20,No,Not in Labor Force,
7259,23,Male,Greater Accra,Urban,Tertiary,Single,7,No,0,Yes,Unemployed,
7261,21,Male,Upper East,Urban,Tertiary,Single,6,No,0,Yes,Unemployed,
7262,31,Male,Greater Accra,Urban,Tertiary,Single,4,No,7,No,Not in Labor Force,
7263,30,Male,Eastern,Urban,Tertiary,Married,4,Yes,6,No,Not in Labor Force,
7264,22,Female,Ashanti,Urban,,Married,6,No,11,Yes,Employed,Informal Trade
7266,21,Female,Western,Rural,SHS,Divorced/Separated,8,No,2,Yes,Employed,Agriculture
7267,34,Female,Greater Accra,Urban,Tertiary,Married,4,No,10,Yes,Employed,Services
7268,27,Male,Ashanti,Urban,SHS,Married,6,No,7,Yes,Employed,Informal Trade
7269,32,Male,Eastern,Rural,Primary,Single,6,No,17,Yes,Employed,Agriculture
7272,31,Male,Northern,Rural,SHS,Married,5,No,10,Yes,Employed,Informal Trade
7273,18,Male,Upper West,Rural,SHS,Married,4,No,0,Yes,Employed,Agriculture
7276,33,Male,Ashanti,Urban,SHS,Divorced/Separated,5,No,12,Yes,Employed,Services
7278,32,Female,Greater Accra,Urban,Primary,Married,2,No,15,Yes,Employed,Services
7279,34,Male,Greater Accra,Urban,SHS,Married,4,No,11,Yes,Employed,Public Sector
7280,33,Female,Greater Accra,Urban,JHS,Single,5,No,14,Yes,Employed,Industry
7282,34,Male,Volta,Rural,SHS,Married,1,Yes,12,Yes,Employed,Agriculture
7285,26,Female,Ashanti,Urban,,Married,13,No,18,Yes,Unemployed,
7286,19,Male,Bono,Rural,Primary,Single,5,No,4,Yes,Employed,Agriculture
7287,26,Female,Ashanti,Urban,SHS,Married,6,No,5,Yes,Employed,Services
7288,22,Female,Eastern,Rural,SHS,Married,9,No,3,Yes,Employed,Agriculture
7290,28,Female,Central,Urban,JHS,Single,5,No,8,Yes,Employed,Informal Trade
7292,32,Female,Western North,Rural,SHS,Married,6,No,12,Yes,Employed,Agriculture
7293,31,Male,Ashanti,Urban,JHS,Married,3,No,11,No,Not in Labor Force,
7296,22,Male,Central,Rural,,Single,4,No,12,No,Not in Labor Force,
7298,18,Male,Volta,Rural,JHS,Married,5,No,2,Yes,Employed,Public Sector
7299,33,Male,Ashanti,Urban,Tertiary,Single,3,No,8,Yes,Employed,Services
7301,22,Female,Upper West,Rural,JHS,Single,4,No,6,Yes,Employed,Informal Trade
7302,33,Female,Greater Accra,Urban,SHS,Married,4,Yes,11,No,Not in Labor Force,
7303,22,Female,Greater Accra,Urban,JHS,Married,3,No,5,Yes,Unemployed,
7304,23,Male,Central,Rural,Primary,Single,6,No,8,Yes,Employed,Informal Trade
7309,35,Female,Ashanti,Urban,SHS,Single,2,No,12,Yes,Employed,Services
7310,28,Female,Ashanti,Urban,SHS,Single,6,No,6,No,Not in Labor Force,
7311,20,Male,Ashanti,Urban,Tertiary,Married,3,No,0,No,Not in Labor Force,
7313,25,Male,Western North,Rural,Primary,Married,7,No,10,Yes,Employed,Agriculture
7318,26,Male,Bono,Rural,JHS,Widowed,4,No,7,Yes,Employed,Informal Trade
7319,25,Male,Central,Rural,,Married,3,No,18,Yes,Employed,Agriculture
7320,19,Male,Ahafo,Rural,JHS,Married,3,No,2,No,Not in Labor Force,
7321,20,Male,Ashanti,Urban,Primary,Married,2,No,8,Yes,Employed,Industry
7322,22,Male,Eastern,Rural,JHS,Single,10,No,4,Yes,Employed,Agriculture
7323,25,Female,Ashanti,Rural,SHS,Married,5,No,5,No,Not in Labor Force,
7325,31,Female,Greater Accra,Urban,,Married,4,No,24,No,Not in Labor Force,
7327,34,Female,Central,Rural,JHS,Single,5,No,15,Yes,Employed,Agriculture
7328,27,Female,Greater Accra,Urban,SHS,Married,6,No,8,Yes,Employed,Industry
7329,32,Male,Greater Accra,Urban,SHS,Married,4,No,11,No,Not in Labor Force,
7330,28,Male,Eastern,Rural,JHS,Single,5,No,10,Yes,Employed,Informal Trade
7332,26,Male,Northern,Urban,Primary,Married,4,No,9,Yes,Employed,Industry
7333,26,Male,Northern,Rural,JHS,Single,6,No,10,Yes,Employed,Informal Trade
7334,31,Female,Central,Urban,Tertiary,Married,8,No,5,Yes,Unemployed,
7335,19,Male,Ashanti,Urban,,Single,7,No,13,No,Not in Labor Force,
7340,35,Male,Eastern,Urban,SHS,Single,5,No,16,Yes,Employed,Services
7342,22,Female,Ashanti,Rural,,Divorced/Separated,5,No,15,Yes,Employed,Informal Trade
7343,33,Female,Western North,Urban,JHS,Married,6,No,14,Yes,Employed,Informal Trade
7344,23,Female,Greater Accra,Urban,Tertiary,Single,6,No,0,No,Not in Labor Force,
7346,28,Female,Northern,Rural,JHS,Married,6,No,9,Yes,Employed,Agriculture
7347,25,Male,Bono,Rural,JHS,Divorced/Separated,5,No,6,Yes,Employed,Agriculture
7348,29,Male,Greater Accra,Urban,SHS,Divorced/Separated,4,No,8,Yes,Employed,Public Sector
7349,20,Male,Greater Accra,Urban,JHS,Married,6,No,4,Yes,Employed,Services
7350,22,Male,Central,Urban,Tertiary,Single,7,No,0,Yes,Employed,Informal Trade
7352,29,Female,Eastern,Urban,JHS,Divorced/Separated,5,No,10,Yes,Employed,Services
7353,23,Female,Bono,Urban,Primary,Single,2,No,9,No,Not in Labor Force,
7354,34,Male,Ashanti,Urban,SHS,Married,9,No,12,No,Not in Labor Force,
7356,24,Female,Northern,Rural,JHS,Single,6,No,7,Yes,Employed,Industry
7358,25,Male,Central,Rural,Primary,Divorced/Separated,7,No,8,No,Not in Labor Force,
7359,26,Male,Upper West,Rural,JHS,Married,7,No,10,Yes,Employed,Agriculture
7362,23,Female,Bono,Rural,JHS,Married,5,No,5,Yes,Employed,Services
7363,29,Female,Eastern,Urban,JHS,Single,7,No,10,Yes,Employed,Informal Trade
7364,31,Female,Bono East,Rural,,Single,4,No,24,Yes,Employed,Agriculture
7365,29,Male,Eastern,Rural,,Married,3,No,17,Yes,Unemployed,
7367,35,Male,Bono,Rural,JHS,Single,3,No,19,Yes,Employed,Agriculture
7368,20,Male,Ashanti,Rural,,Married,5,No,13,Yes,Employed,Informal Trade
7371,34,Female,Eastern,Urban,,Married,5,No,24,Yes,Employed,Services
7373,30,Male,Greater Accra,Urban,Tertiary,Married,1,Yes,4,Yes,Unemployed,
7375,30,Male,Central,Urban,SHS,Single,6,No,7,Yes,Employed,Informal Trade
7376,24,Female,Eastern,Urban,SHS,Single,2,No,4,No,Not in Labor Force,
7378,17,Male,Greater Accra,Urban,Primary,Married,4,No,4,Yes,Unemployed,
7380,31,Male,Northern,Urban,Tertiary,Married,9,No,8,Yes,Employed,Industry
7381,29,Female,Bono East,Rural,JHS,Single,7,No,12,Yes,Unemployed,
7384,22,Female,Northern,Urban,Primary,Single,5,No,8,Yes,Employed,Informal Trade
7385,34,Male,Western,Urban,SHS,Single,7,No,15,No,Not in Labor Force,
7386,29,Female,Volta,Urban,SHS,Married,7,No,7,Yes,Unemployed,
7387,27,Female,Ashanti,Urban,SHS,Married,5,No,7,No,Not in Labor Force,
7388,24,Male,Western North,Rural,SHS,Single,6,No,4,No,Not in Labor Force,
7393,21,Female,Northern,Rural,,Married,6,No,14,No,Not in Labor Force,
7394,17,Female,Greater Accra,Urban,JHS,Married,4,No,1,Yes,Employed,Services
7395,27,Male,Western,Rural,,Married,8,No,21,Yes,Employed,Agriculture
7396,35,Female,Savannah,Rural,JHS,Married,4,No,14,Yes,Employed,Informal Trade
7398,22,Female,Greater Accra,Urban,,Married,2,No,11,No,Not in Labor Force,
7399,30,Female,Western,Rural,SHS,Married,3,No,9,Yes,Employed,Public Sector
7401,24,Male,Savannah,Rural,SHS,Divorced/Separated,5,No,4,No,Not in Labor Force,
7402,27,Male,Oti,Rural,SHS,Divorced/Separated,3,No,6,Yes,Employed,Public Sector
7403,29,Male,Greater Accra,Rural,JHS,Single,6,No,10,No,Not in Labor Force,
7404,28,Female,Ashanti,Rural,JHS,Married,6,No,8,Yes,Employed,Agriculture
7406,27,Male,Greater Accra,Urban,SHS,Single,5,No,7,Yes,Employed,Services
7409,23,Male,Bono,Urban,SHS,Single,6,No,4,Yes,Employed,Informal Trade
7410,24,Male,Greater Accra,Urban,JHS,Married,4,No,5,Yes,Employed,Industry
7411,22,Female,Ashanti,Urban,JHS,Single,4,No,5,Yes,Employed,Services
7412,18,Male,Volta,Rural,SHS,Divorced/Separated,6,No,0,Yes,Unemployed,
7413,35,Female,Central,Urban,SHS,Married,8,No,10,Yes,Employed,Informal Trade
7414,33,Female,Ashanti,Rural,,Married,4,No,23,Yes,Employed,Agriculture
7416,20,Male,Northern,Rural,Primary,Single,3,No,7,Yes,Employed,Informal Trade
7417,29,Female,Ashanti,Rural,Primary,Single,7,No,13,Yes,Employed,Agriculture
7418,33,Male,Northern,Rural,,Single,8,No,24,Yes,Employed,Agriculture
7423,24,Male,Volta,Rural,Tertiary,Single,4,No,1,No,Not in Labor Force,
7426,30,Female,Upper West,Urban,SHS,Single,2,No,7,No,Not in Labor Force,
7427,32,Male,Ashanti,Rural,JHS,Married,7,No,15,Yes,Employed,Informal Trade
7431,29,Female,Bono,Urban,SHS,Single,7,No,7,Yes,Unemployed,
7433,35,Male,Western North,Rural,,Single,5,No,22,Yes,Employed,Agriculture
7435,26,Male,Ashanti,Urban,SHS,Single,4,No,5,Yes,Employed,Services
7440,33,Female,Bono,Urban,Primary,Single,6,No,20,Yes,Employed,Public Sector
7443,21,Male,Volta,Rural,Primary,Married,5,No,8,No,Not in Labor Force,
7445,30,Male,Bono,Urban,Tertiary,Single,4,No,6,Yes,Employed,Industry
7446,34,Male,Upper West,Rural,JHS,Married,7,No,13,Yes,Employed,Services
7447,17,Female,Upper West,Rural,JHS,Single,7,No,1,Yes,Unemployed,
7449,31,Male,Ashanti,Urban,SHS,Married,4,No,8,No,Not in Labor Force,
7450,33,Female,Western,Rural,,Married,9,No,16,Yes,Employed,Industry
7451,24,Female,Northern,Rural,Primary,Single,5,No,10,No,Not in Labor Force,
7453,22,Male,Northern,Urban,SHS,Single,3,No,2,No,Not in Labor Force,
7454,33,Male,Upper West,Rural,,Married,5,No,22,Yes,Employed,Informal Trade
7455,32,Male,Ashanti,Rural,SHS,Widowed,4,No,10,Yes,Employed,Agriculture
7457,30,Female,Upper East,Rural,JHS,Married,4,No,11,No,Not in Labor Force,
7458,32,Female,Bono East,Urban,JHS,Single,8,No,12,Yes,Employed,Services
7459,35,Male,Central,Urban,JHS,Married,8,No,15,Yes,Employed,Services
7464,31,Female,Central,Urban,Primary,Married,2,No,16,Yes,Employed,Informal Trade
7465,26,Male,Oti,Rural,SHS,Married,5,No,5,Yes,Employed,Agriculture
7470,28,Female,Western,Urban,JHS,Single,4,No,9,Yes,Employed,Industry
7471,20,Male,Ashanti,Urban,SHS,Single,4,No,1,Yes,Unemployed,
7474,23,Female,Ahafo,Urban,SHS,Married,7,No,3,Yes,Unemployed,
7477,24,Male,Greater Accra,Urban,Tertiary,Married,6,No,1,Yes,Unemployed,
7478,31,Male,Ashanti,Rural,Primary,Single,6,No,15,Yes,Employed,Industry
7479,29,Male,Ashanti,Rural,Primary,Married,5,No,15,Yes,Employed,Agriculture
7480,32,Male,Greater Accra,Urban,JHS,Married,5,No,12,Yes,Employed,Public Sector
7481,30,Male,Greater Accra,Rural,SHS,Married,8,No,8,Yes,Employed,Agriculture
7482,26,Male,Greater Accra,Urban,JHS,Married,8,No,10,Yes,Employed,Informal Trade
7483,31,Female,Western,Urban,SHS,Divorced/Separated,5,No,9,Yes,Employed,Informal Trade
7485,28,Female,Ashanti,Urban,JHS,Widowed,2,No,10,Yes,Employed,Informal Trade
7489,23,Female,Upper East,Rural,JHS,Married,2,No,6,No,Not in Labor Force,
7490,24,Female,Bono East,Rural,SHS,Single,5,No,4,Yes,Employed,Agriculture
7491,30,Male,Ashanti,Urban,Tertiary,Single,10,No,6,Yes,Unemployed,
7495,17,Female,Greater Accra,Rural,Tertiary,Single,6,No,0,No,Not in Labor Force,
7496,34,Male,Central,Rural,JHS,Widowed,4,No,14,Yes,Employed,Agriculture
7498,23,Male,Ashanti,Urban,Tertiary,Married,5,No,0,Yes,Employed,Services
7499,32,Female,Bono East,Rural,SHS,Divorced/Separated,5,No,8,Yes,Employed,Agriculture
7500,30,Female,Western,Urban,JHS,Married,7,No,12,No,Not in Labor Force,
7501,33,Female,Greater Accra,Urban,SHS,Single,5,No,13,Yes,Employed,Public Sector
7502,19,Male,Upper East,Rural,Primary,Married,2,No,5,Yes,Employed,Industry
7504,29,Male,Greater Accra,Urban,JHS,Widowed,4,No,9,Yes,Employed,Services
7505,21,Male,Ashanti,Urban,Tertiary,Single,5,No,0,No,Not in Labor Force,
7506,23,Female,Upper West,Rural,JHS,Single,5,No,6,Yes,Employed,Industry
7507,22,Male,Oti,Urban,SHS,Married,2,No,2,No,Not in Labor Force,
7508,23,Male,Volta,Rural,JHS,Married,4,No,5,Yes,Employed,Industry
7509,32,Female,Ahafo,Rural,JHS,Married,11,No,11,Yes,Employed,Services
7512,28,Female,Eastern,Rural,Primary,Married,6,No,14,Yes,Employed,Agriculture
7513,33,Female,Northern,Rural,JHS,Widowed,5,No,14,Yes,Employed,Agriculture
7514,28,Male,Greater Accra,Urban,Primary,Single,4,No,11,Yes,Employed,Public Sector
7515,28,Male,Western,Rural,JHS,Married,6,No,12,No,Not in Labor Force,
7516,20,Female,Greater Accra,Rural,JHS,Married,4,No,4,Yes,Employed,Industry
7517,25,Female,Western,Urban,Tertiary,Married,3,No,2,Yes,Employed,Services
7518,33,Female,Eastern,Rural,Primary,Single,7,No,20,Yes,Employed,Informal Trade
7519,35,Male,Northern,Rural,Primary,Married,6,No,22,Yes,Employed,Informal Trade
7527,24,Male,Eastern,Urban,SHS,Single,4,No,4,Yes,Employed,Services
7528,27,Female,Greater Accra,Urban,Tertiary,Married,9,No,4,No,Not in Labor Force,
7530,21,Female,Bono East,Urban,JHS,Single,4,No,4,No,Not in Labor Force,
7531,35,Male,Bono,Urban,JHS,Single,5,No,16,Yes,Employed,Industry
7535,30,Female,Ashanti,Urban,Tertiary,Married,2,No,6,Yes,Employed,Public Sector
7536,17,Male,Ashanti,Urban,JHS,Married,4,No,1,No,Not in Labor Force,
7538,16,Female,Western North,Rural,JHS,Single,4,No,0,No,Not in Labor Force,
7539,17,Female,Volta,Rural,,Married,8,No,9,No,Not in Labor Force,
7540,29,Male,Greater Accra,Rural,Tertiary,Married,5,No,4,No,Not in Labor Force,
7541,17,Female,Greater Accra,Urban,JHS,Married,5,No,1,No,Not in Labor Force,
7542,25,Male,Ashanti,Urban,Primary,Single,3,No,10,Yes,Employed,Services
7544,28,Female,Greater Accra,Urban,SHS,Single,4,No,6,Yes,Employed,Informal Trade
7545,34,Female,Greater Accra,Urban,SHS,Single,4,No,11,Yes,Employed,Agriculture
7546,23,Female,Ashanti,Urban,SHS,Married,3,No,3,Yes,Employed,Services
7549,21,Female,Eastern,Rural,JHS,Married,5,No,3,Yes,Employed,Services
7550,30,Male,Bono East,Rural,,Married,3,No,21,Yes,Employed,Agriculture
7552,21,Female,Central,Rural,SHS,Divorced/Separated,7,No,1,Yes,Employed,Services
7553,21,Female,Central,Rural,Primary,Married,4,No,7,No,Not in Labor Force,
7554,22,Female,Northern,Urban,SHS,Married,2,No,2,Yes,Employed,Services
7556,26,Male,Eastern,Urban,SHS,Married,8,No,6,Yes,Employed,Informal Trade
7557,24,Female,Greater Accra,Urban,JHS,Married,9,No,7,Yes,Employed,Industry
7558,21,Male,Upper West,Rural,Primary,Divorced/Separated,9,No,6,Yes,Employed,Agriculture
7559,24,Female,Ashanti,Urban,JHS,Married,6,Yes,7,Yes,Unemployed,
7560,28,Male,Greater Accra,Urban,SHS,Married,3,No,5,No,Not in Labor Force,
7561,20,Female,Upper East,Rural,,Married,4,No,13,Yes,Employed,Services
7563,21,Female,Oti,Rural,Primary,Married,2,No,6,Yes,Employed,Agriculture
7564,30,Female,Northern,Rural,,Widowed,4,No,22,Yes,Employed,Agriculture
7565,19,Female,Upper East,Rural,Primary,Single,6,No,6,Yes,Employed,Agriculture
7566,22,Male,Greater Accra,Urban,SHS,Single,6,No,2,Yes,Employed,Informal Trade
7567,23,Female,Eastern,Rural,Primary,Single,10,No,8,Yes,Employed,Services
7569,29,Male,Ashanti,Rural,Tertiary,Single,6,No,6,Yes,Employed,Services
7570,21,Male,Northern,Rural,SHS,Divorced/Separated,5,No,1,Yes,Employed,Informal Trade
7574,22,Female,Western North,Rural,,Married,2,No,10,Yes,Employed,Agriculture
7575,18,Male,Central,Rural,Tertiary,Single,4,No,0,Yes,Employed,Agriculture
7578,18,Male,Central,Rural,JHS,Married,2,No,2,No,Not in Labor Force,
7579,17,Female,Ashanti,Urban,Tertiary,Single,2,No,0,No,Not in Labor Force,
7580,35,Female,Western,Rural,Primary,Married,2,No,21,Yes,Employed,Agriculture
7581,24,Male,Western,Urban,SHS,Married,9,No,5,No,Not in Labor Force,
7582,35,Male,Ashanti,Urban,Tertiary,Divorced/Separated,6,No,9,No,Not in Labor Force,
7585,29,Male,Western,Rural,JHS,Single,7,No,11,No,Not in Labor Force,
7587,33,Male,Greater Accra,Rural,JHS,Widowed,4,No,16,No,Not in Labor Force,
7588,35,Male,Central,Urban,SHS,Married,7,No,10,Yes,Employed,Industry
7589,30,Female,Ashanti,Rural,,Married,3,No,19,Yes,Employed,Agriculture
7590,20,Female,Ashanti,Urban,SHS,Single,5,No,1,No,Not in Labor Force,
7591,34,Male,Eastern,Rural,Primary,Divorced/Separated,3,No,15,Yes,Employed,Industry
7593,32,Female,Greater Accra,Urban,SHS,Married,3,No,10,Yes,Employed,Public Sector
7598,27,Female,Ashanti,Urban,SHS,Single,6,No,7,Yes,Employed,Services
7601,27,Female,Bono East,Urban,SHS,Single,5,No,6,Yes,Employed,Services
7604,26,Female,Central,Rural,,Single,5,No,19,Yes,Employed,Informal Trade
7605,26,Female,Ashanti,Urban,JHS,Married,7,No,8,No,Not in Labor Force,
7606,30,Male,Volta,Urban,,Married,10,No,15,Yes,Employed,Services
7607,24,Female,Bono East,Rural,SHS,Single,7,No,4,Yes,Employed,Agriculture
7608,34,Female,Bono East,Rural,,Married,6,No,22,Yes,Employed,Agriculture
7609,20,Male,Ashanti,Urban,SHS,Widowed,1,No,1,Yes,Employed,Services
7610,29,Female,Greater Accra,Urban,Tertiary,Married,2,No,4,Yes,Employed,Services
7611,19,Male,Western,Urban,JHS,Single,2,No,2,No,Not in Labor Force,
7612,18,Female,Western North,Rural,SHS,Married,5,No,0,Yes,Employed,Services
7614,18,Female,Ashanti,Urban,Primary,Married,6,No,4,Yes,Employed,Industry
7616,35,Female,Northern,Urban,Tertiary,Single,4,No,7,Yes,Employed,Industry
7619,34,Male,Northern,Rural,Primary,Married,2,No,17,No,Not in Labor Force,
7620,19,Female,Ashanti,Urban,Primary,Married,5,No,5,No,Not in Labor Force,
7621,28,Male,Upper West,Urban,SHS,Widowed,7,No,6,No,Not in Labor Force,
7625,33,Male,Northern,Urban,SHS,Single,6,No,12,Yes,Employed,Informal Trade
7627,28,Male,Ahafo,Rural,Primary,Married,8,No,15,Yes,Employed,Agriculture
7628,31,Female,Greater Accra,Urban,SHS,Single,5,No,9,Yes,Employed,Services
7629,34,Female,North East,Rural,JHS,Married,8,No,16,Yes,Employed,Informal Trade
7633,34,Female,Northern,Urban,JHS,Single,6,No,12,Yes,Employed,Informal Trade
7634,25,Male,Greater Accra,Urban,JHS,Single,5,No,8,No,Not in Labor Force,
7635,23,Male,Bono,Urban,Primary,Married,4,No,11,No,Not in Labor Force,
7636,20,Male,Greater Accra,Urban,JHS,Married,6,No,4,No,Not in Labor Force,
7639,18,Male,Upper East,Urban,JHS,Married,4,No,2,No,Not in Labor Force,
7642,35,Female,Central,Urban,SHS,Single,5,No,13,Yes,Employed,Services
7643,35,Male,Central,Rural,SHS,Married,3,No,11,Yes,Employed,Industry
7645,22,Female,Ashanti,Urban,JHS,Widowed,6,No,5,Yes,Employed,Industry
7647,20,Female,Bono East,Urban,JHS,Single,4,No,4,Yes,Employed,Informal Trade
7648,22,Female,Western,Rural,JHS,Married,4,No,5,Yes,Employed,Informal Trade
7649,30,Female,Upper East,Rural,JHS,Single,9,No,14,Yes,Employed,Public Sector
7650,18,Male,Volta,Rural,Primary,Married,7,No,4,Yes,Employed,Agriculture
7651,21,Female,Ashanti,Urban,SHS,Married,5,No,2,Yes,Unemployed,
7652,34,Female,Greater Accra,Urban,Primary,Married,7,No,15,Yes,Employed,Public Sector
7653,22,Female,Greater Accra,Urban,Primary,Married,3,No,6,Yes,Employed,Public Sector
7655,18,Female,Ashanti,Urban,SHS,Single,4,No,0,Yes,Employed,Agriculture
7656,32,Male,Ashanti,Rural,Primary,Divorced/Separated,6,No,18,No,Not in Labor Force,
7657,35,Female,Bono,Rural,SHS,Single,6,No,11,Yes,Employed,Agriculture
7660,34,Male,Greater Accra,Urban,,Single,4,No,21,Yes,Employed,Informal Trade
7666,32,Female,Bono,Rural,JHS,Married,5,No,15,Yes,Unemployed,
7667,35,Female,Upper East,Rural,SHS,Married,3,No,15,Yes,Employed,Agriculture
7668,28,Male,Greater Accra,Rural,Primary,Married,4,No,10,No,Not in Labor Force,
7669,16,Female,Volta,Rural,Primary,Married,6,No,4,No,Not in Labor Force,
7671,30,Female,Greater Accra,Urban,Tertiary,Widowed,8,No,7,Yes,Unemployed,
7672,34,Female,Greater Accra,Urban,,Married,4,No,22,Yes,Employed,Informal Trade
7674,33,Male,Eastern,Rural,Primary,Single,3,No,14,Yes,Employed,Agriculture
7675,23,Male,Upper East,Rural,Primary,Single,3,No,7,No,Not in Labor Force,
7676,28,Male,Volta,Rural,Primary,Married,7,No,16,Yes,Employed,Agriculture
7677,24,Female,Greater Accra,Urban,Tertiary,Married,6,No,1,Yes,Employed,Informal Trade
7678,21,Male,Volta,Urban,JHS,Divorced/Separated,2,No,4,Yes,Employed,Public Sector
7684,29,Male,Volta,Rural,JHS,Single,3,No,11,No,Not in Labor Force,
7687,22,Male,Ashanti,Urban,JHS,Single,5,No,5,Yes,Employed,Industry
7688,24,Female,Eastern,Urban,Tertiary,Single,8,No,1,Yes,Employed,Industry
7689,24,Male,Ashanti,Urban,JHS,Divorced/Separated,5,No,7,Yes,Employed,Agriculture
7690,32,Male,Greater Accra,Urban,Primary,Married,1,No,12,Yes,Employed,Services
7693,31,Male,Volta,Urban,SHS,Single,6,No,11,No,Not in Labor Force,
7694,25,Female,Ashanti,Urban,Tertiary,Single,4,No,2,No,Not in Labor Force,
7695,25,Male,Bono,Rural,JHS,Married,4,No,9,Yes,Employed,Agriculture
7696,33,Male,Central,Rural,Primary,Single,2,No,19,No,Not in Labor Force,
7701,18,Female,Greater Accra,Urban,Tertiary,Widowed,3,No,0,No,Not in Labor Force,
7702,24,Female,Ashanti,Rural,JHS,Married,2,No,6,Yes,Unemployed,
7707,19,Male,Ashanti,Urban,SHS,Divorced/Separated,11,No,0,Yes,Unemployed,
7708,20,Female,Oti,Urban,JHS,Single,6,No,4,Yes,Employed,Services
7709,29,Female,Greater Accra,Urban,Primary,Single,6,No,15,Yes,Employed,Public Sector
7711,29,Female,Volta,Rural,Primary,Single,6,No,13,No,Not in Labor Force,
7716,34,Male,Greater Accra,Urban,Tertiary,Married,7,No,8,Yes,Employed,Services
7717,29,Female,Ashanti,Urban,JHS,Divorced/Separated,4,No,13,Yes,Employed,Services
7719,26,Female,Ashanti,Urban,SHS,Single,3,No,6,Yes,Employed,Services
7722,18,Male,Eastern,Rural,Primary,Married,1,No,5,Yes,Unemployed,
7723,18,Male,Northern,Rural,,Married,9,No,11,Yes,Employed,Agriculture
7725,23,Male,Eastern,Rural,,Married,6,No,16,Yes,Employed,Informal Trade
7726,29,Male,Greater Accra,Urban,Tertiary,Widowed,6,Yes,6,Yes,Employed,Public Sector
7728,31,Female,Northern,Rural,Primary,Married,7,No,14,Yes,Employed,Agriculture
7730,29,Female,Northern,Rural,Primary,Married,2,No,11,No,Not in Labor Force,
7732,33,Female,Central,Urban,SHS,Married,4,No,11,No,Not in Labor Force,
7734,22,Male,Greater Accra,Urban,Tertiary,Single,3,No,0,No,Not in Labor Force,
7736,18,Male,Ashanti,Urban,SHS,Single,8,No,0,Yes,Employed,Public Sector
7737,33,Female,Ashanti,Urban,SHS,Divorced/Separated,4,No,11,No,Not in Labor Force,
7738,28,Male,Greater Accra,Urban,JHS,Married,3,No,11,Yes,Unemployed,
7741,21,Female,Central,Rural,SHS,Married,7,No,1,Yes,Unemployed,
7744,30,Female,Western,Urban,JHS,Widowed,3,No,13,Yes,Employed,Informal Trade
7746,27,Male,Savannah,Rural,Primary,Married,11,No,12,Yes,Employed,Informal Trade
7748,32,Male,Volta,Urban,SHS,Single,5,No,9,No,Not in Labor Force,
7750,31,Male,Ashanti,Urban,JHS,Single,5,No,15,Yes,Employed,Agriculture
7752,22,Male,Eastern,Urban,JHS,Married,3,No,5,Yes,Unemployed,
7753,32,Female,Western,Urban,Tertiary,Single,4,No,6,Yes,Employed,Informal Trade
7754,19,Male,Western,Rural,Primary,Divorced/Separated,5,No,5,Yes,Employed,Public Sector
7758,29,Female,Volta,Rural,JHS,Married,2,No,10,Yes,Employed,Informal Trade
7759,20,Female,Bono East,Rural,Primary,Married,1,No,6,Yes,Employed,Agriculture
7761,21,Female,Upper East,Rural,SHS,Divorced/Separated,4,No,2,Yes,Unemployed,
7762,31,Female,Greater Accra,Urban,Primary,Single,2,No,13,Yes,Employed,Services
7764,29,Female,Central,Rural,Primary,Single,5,No,11,No,Not in Labor Force,
7765,23,Male,Ashanti,Urban,,Single,3,No,14,Yes,Employed,Services
7766,35,Male,Ahafo,Rural,,Married,5,No,24,Yes,Employed,Agriculture
7767,34,Male,Volta,Urban,JHS,Single,3,No,13,Yes,Unemployed,
7768,25,Male,Western North,Rural,JHS,Married,9,No,8,Yes,Employed,Agriculture
7770,33,Male,Upper West,Rural,SHS,Married,3,No,13,Yes,Employed,Public Sector
7772,26,Male,Ashanti,Urban,Tertiary,Single,6,No,2,Yes,Unemployed,
7773,34,Female,Bono East,Urban,SHS,Married,9,Yes,14,No,Not in Labor Force,
7774,30,Female,Upper West,Rural,JHS,Married,3,No,10,Yes,Employed,Agriculture
7775,29,Female,Eastern,Rural,JHS,Married,2,No,8,No,Not in Labor Force,
7778,24,Male,Central,Urban,SHS,Married,4,No,4,Yes,Employed,Services
7782,23,Male,Eastern,Rural,JHS,Married,8,No,4,Yes,Employed,Services
7783,20,Female,Greater Accra,Urban,Tertiary,Single,6,No,0,Yes,Unemployed,
7784,29,Male,Bono,Rural,,Single,5,No,22,No,Not in Labor Force,
7787,20,Female,Upper West,Rural,Primary,Married,6,No,8,Yes,Employed,Agriculture
7789,22,Female,Central,Urban,Tertiary,Single,3,No,0,No,Not in Labor Force,
7791,29,Female,Volta,Rural,SHS,Single,4,No,9,Yes,Employed,Informal Trade
7793,28,Female,Ashanti,Rural,Primary,Married,7,No,14,Yes,Employed,Informal Trade
7796,30,Female,Greater Accra,Urban,JHS,Married,5,No,11,No,Not in Labor Force,
7797,16,Female,Western,Urban,Primary,Single,5,No,4,Yes,Unemployed,
7798,31,Male,Eastern,Rural,SHS,Single,8,No,11,Yes,Employed,Public Sector
7800,26,Male,Northern,Urban,SHS,Single,8,No,7,No,Not in Labor Force,
7802,28,Female,Greater Accra,Urban,JHS,Married,3,No,10,Yes,Employed,Industry
7803,25,Male,Central,Urban,Tertiary,Married,4,No,2,Yes,Employed,Industry
7804,20,Female,Oti,Urban,Primary,Widowed,6,No,6,No,Not in Labor Force,
7805,30,Male,Oti,Urban,Primary,Married,5,No,18,Yes,Employed,Informal Trade
7806,31,Female,Central,Rural,Primary,Single,2,No,13,Yes,Employed,Agriculture
7808,24,Female,Greater Accra,Urban,SHS,Divorced/Separated,2,No,5,Yes,Employed,Industry
7810,17,Female,Savannah,Rural,,Married,4,No,9,No,Not in Labor Force,
7811,20,Female,Ashanti,Urban,JHS,Single,3,No,4,Yes,Employed,Public Sector
7812,29,Female,Ashanti,Urban,JHS,Married,5,No,11,Yes,Employed,Services
7813,17,Female,Greater Accra,Rural,,Married,2,No,9,Yes,Employed,Public Sector
7814,24,Female,Western,Rural,SHS,Married,6,No,4,Yes,Employed,Informal Trade
7816,25,Female,Central,Urban,SHS,Single,6,No,6,Yes,Employed,Services
7818,33,Male,Bono East,Urban,JHS,Single,3,No,15,Yes,Employed,Informal Trade
7819,35,Male,Bono East,Rural,,Single,6,No,27,Yes,Employed,Informal Trade
7820,25,Female,Western,Rural,SHS,Divorced/Separated,7,No,4,Yes,Employed,Agriculture
7822,33,Male,Eastern,Rural,JHS,Single,5,No,11,Yes,Employed,Agriculture
7824,20,Male,Northern,Rural,Primary,Married,7,No,7,No,Not in Labor Force,
7825,35,Female,Bono,Urban,SHS,Single,5,No,13,Yes,Employed,Industry
7826,23,Female,Greater Accra,Urban,SHS,Single,9,No,3,Yes,Employed,Services
7830,28,Male,Oti,Urban,,Married,5,No,20,Yes,Unemployed,
7832,35,Female,Bono East,Rural,JHS,Single,5,No,12,No,Not in Labor Force,
7836,35,Female,Greater Accra,Urban,SHS,Divorced/Separated,5,No,12,Yes,Employed,Informal Trade
7838,28,Female,Northern,Urban,SHS,Married,5,No,7,Yes,Employed,Services
7839,21,Female,Eastern,Rural,JHS,Married,4,No,3,No,Not in Labor Force,
7842,27,Male,Northern,Rural,JHS,Married,5,No,9,Yes,Employed,Agriculture
7843,34,Male,Ashanti,Urban,SHS,Married,3,No,13,Yes,Employed,Industry
7844,35,Male,Ashanti,Urban,SHS,Single,5,No,14,Yes,Unemployed,
7845,32,Male,Bono,Urban,Primary,Single,3,No,14,Yes,Employed,Informal Trade
7847,29,Female,Central,Rural,,Married,3,No,16,Yes,Employed,Agriculture
7849,17,Female,Central,Rural,SHS,Married,7,No,0,No,Not in Labor Force,
7850,22,Female,Northern,Rural,JHS,Single,5,No,4,No,Not in Labor Force,
7853,24,Female,Eastern,Rural,Primary,Single,4,No,9,No,Not in Labor Force,
7854,28,Female,Bono,Urban,Tertiary,Widowed,4,No,3,Yes,Employed,Informal Trade
7855,25,Male,Ashanti,Rural,JHS,Married,7,No,8,No,Not in Labor Force,
7857,27,Female,Central,Rural,JHS,Married,4,No,11,No,Not in Labor Force,
7858,23,Female,Greater Accra,Rural,Primary,Married,3,No,9,Yes,Employed,Agriculture
7859,33,Female,Greater Accra,Urban,SHS,Divorced/Separated,9,No,10,Yes,Unemployed,
7860,26,Female,Western North,Rural,,Divorced/Separated,5,No,15,Yes,Unemployed,
7861,28,Female,Greater Accra,Urban,Tertiary,Single,6,No,5,Yes,Unemployed,
7863,24,Female,Savannah,Rural,JHS,Single,8,No,6,Yes,Employed,Agriculture
7866,28,Female,Ashanti,Urban,SHS,Divorced/Separated,5,No,9,Yes,Employed,Services
7867,22,Male,Greater Accra,Urban,JHS,Single,4,No,4,Yes,Employed,Informal Trade
7869,33,Female,Central,Urban,Tertiary,Single,3,No,10,Yes,Unemployed,
7872,25,Male,Upper West,Rural,JHS,Married,5,No,6,No,Not in Labor Force,
7874,26,Female,Ashanti,Rural,Primary,Single,3,No,11,Yes,Employed,Agriculture
7875,34,Female,Upper East,Rural,Primary,Single,4,No,22,Yes,Unemployed,
7876,27,Female,Ahafo,Rural,JHS,Single,7,No,9,No,Not in Labor Force,
7877,33,Male,Bono,Rural,JHS,Married,5,No,13,Yes,Employed,Agriculture
7880,29,Male,Savannah,Rural,JHS,Married,8,No,11,No,Not in Labor Force,
7881,27,Male,Western North,Rural,Primary,Married,4,Yes,11,Yes,Employed,Agriculture
7883,22,Male,Northern,Rural,SHS,Single,3,No,3,No,Not in Labor Force,
7884,19,Male,Ashanti,Urban,Primary,Married,5,No,4,No,Not in Labor Force,
7885,18,Female,Ahafo,Rural,,Single,4,No,9,Yes,Employed,Informal Trade
7888,18,Male,Ashanti,Rural,Primary,Single,8,No,6,Yes,Employed,Industry
7889,28,Male,Ashanti,Urban,SHS,Single,5,No,8,No,Not in Labor Force,
7890,26,Female,Greater Accra,Urban,SHS,Single,6,No,7,Yes,Employed,Public Sector
7893,35,Male,Upper East,Rural,JHS,Married,4,No,19,Yes,Employed,Agriculture
7896,24,Male,Oti,Rural,Tertiary,Single,4,No,1,Yes,Employed,Informal Trade
7897,32,Female,Western,Rural,JHS,Married,7,No,12,Yes,Employed,Agriculture
7898,27,Male,Ashanti,Rural,Primary,Single,7,No,11,Yes,Employed,Agriculture
7900,33,Male,Ashanti,Urban,SHS,Single,6,No,13,Yes,Employed,Industry
7901,19,Male,Greater Accra,Urban,JHS,Married,7,No,2,Yes,Employed,Informal Trade
7902,32,Female,Central,Urban,SHS,Single,3,No,12,No,Not in Labor Force,
7903,23,Male,Central,Rural,Primary,Single,1,No,10,Yes,Employed,Services
7905,25,Female,North East,Rural,JHS,Single,5,No,6,Yes,Employed,Informal Trade
7907,33,Male,Ashanti,Rural,,Married,3,No,24,Yes,Employed,Agriculture
7910,34,Male,Bono,Urban,Primary,Single,3,No,21,Yes,Employed,Services
7912,28,Female,Greater Accra,Urban,JHS,Single,4,No,12,No,Not in Labor Force,
7913,23,Male,Ashanti,Urban,SHS,Married,6,No,3,No,Not in Labor Force,
7914,25,Female,Greater Accra,Urban,JHS,Married,3,No,6,Yes,Unemployed,
7915,20,Female,Greater Accra,Urban,SHS,Single,2,No,1,No,Not in Labor Force,
7916,30,Male,Central,Urban,SHS,Married,5,No,8,Yes,Employed,Agriculture
7921,30,Female,Volta,Urban,Primary,Single,8,No,11,Yes,Employed,Services
7923,21,Male,Central,Rural,Primary,Married,3,No,8,No,Not in Labor Force,
7924,27,Female,Northern,Urban,JHS,Married,5,No,10,Yes,Unemployed,
7925,24,Female,Ahafo,Urban,Tertiary,Married,3,No,1,Yes,Employed,Services
7926,29,Female,Greater Accra,Urban,JHS,Single,5,No,9,Yes,Employed,Informal Trade
7928,23,Male,Ashanti,Rural,SHS,Single,4,No,4,Yes,Unemployed,
7929,24,Female,Eastern,Rural,JHS,Single,6,No,7,Yes,Employed,Agriculture
7930,19,Male,Greater Accra,Rural,JHS,Widowed,9,No,3,No,Not in Labor Force,
7931,33,Male,Ashanti,Urban,SHS,Single,6,No,10,Yes,Employed,Services
7932,28,Male,Ashanti,Urban,JHS,Single,6,No,10,Yes,Unemployed,
7934,24,Male,Savannah,Urban,Tertiary,Married,5,No,1,Yes,Unemployed,
7939,23,Female,Bono,Rural,Primary,Married,2,No,8,No,Not in Labor Force,
7941,21,Male,Ashanti,Urban,Primary,Married,3,No,7,No,Not in Labor Force,
7942,29,Male,Northern,Urban,,Married,6,No,15,Yes,Employed,Public Sector
7943,26,Female,Central,Urban,SHS,Married,2,No,6,Yes,Unemployed,
7946,23,Male,Western,Rural,JHS,Married,7,No,6,Yes,Employed,Agriculture
7947,23,Female,Western North,Urban,Tertiary,Single,7,No,0,Yes,Unemployed,
7951,28,Male,Greater Accra,Urban,,Single,4,No,20,No,Not in Labor Force,
7952,30,Female,Central,Urban,SHS,Married,4,No,10,Yes,Employed,Informal Trade
7953,29,Female,Greater Accra,Urban,SHS,Married,6,No,7,No,Not in Labor Force,
7954,23,Female,Greater Accra,Urban,JHS,Single,4,No,6,No,Not in Labor Force,
7955,31,Male,Ashanti,Urban,Tertiary,Married,8,No,6,Yes,Employed,Services
7956,27,Female,Greater Accra,Urban,JHS,Widowed,4,No,9,No,Not in Labor Force,
7957,24,Female,Ahafo,Rural,JHS,Single,5,No,6,Yes,Unemployed,
7958,35,Female,Bono East,Rural,JHS,Married,3,No,16,Yes,Employed,Agriculture
7959,20,Female,Greater Accra,Urban,JHS,Single,8,No,4,Yes,Employed,Agriculture
7960,30,Male,Greater Accra,Urban,Primary,Single,5,No,12,Yes,Employed,Industry
7963,28,Male,Oti,Rural,Primary,Single,7,No,12,Yes,Employed,Services
7964,19,Male,Eastern,Rural,Primary,Married,1,No,4,No,Not in Labor Force,
7966,27,Male,Greater Accra,Urban,JHS,Single,5,No,10,No,Not in Labor Force,
7969,22,Male,Ashanti,Urban,SHS,Married,7,No,2,Yes,Employed,Informal Trade
7970,29,Female,Ahafo,Urban,Tertiary,Single,2,No,6,No,Not in Labor Force,
7972,28,Male,Bono,Rural,Primary,Single,2,No,16,No,Not in Labor Force,
7974,34,Female,Central,Urban,JHS,Married,5,No,13,Yes,Unemployed,
7975,15,Female,Bono,Rural,JHS,Married,7,No,0,No,Not in Labor Force,
7977,35,Female,Oti,Urban,SHS,Married,3,No,16,Yes,Employed,Services
7979,30,Male,Upper West,Rural,Primary,Married,7,No,13,Yes,Employed,Services
7980,33,Female,Northern,Urban,SHS,Married,6,No,12,No,Not in Labor Force,
7982,17,Female,Western North,Rural,,Widowed,5,No,11,Yes,Employed,Agriculture
7984,25,Female,Upper East,Rural,,Married,5,No,17,No,Not in Labor Force,
7985,27,Male,Ashanti,Rural,Tertiary,Married,1,No,3,No,Not in Labor Force,
7986,34,Female,Volta,Rural,JHS,Married,4,No,12,Yes,Employed,Agriculture
7988,30,Male,Ashanti,Urban,Primary,Married,5,No,15,Yes,Employed,Services
7989,19,Female,Volta,Rural,Primary,Married,3,No,6,No,Not in Labor Force,
7993,25,Female,Greater Accra,Urban,SHS,Single,3,No,4,No,Not in Labor Force,
7994,20,Male,Volta,Urban,Primary,Married,9,No,8,Yes,Unemployed,
7996,22,Male,Greater Accra,Urban,Tertiary,Married,5,No,0,No,Not in Labor Force,
7998,33,Male,Ashanti,Urban,Tertiary,Married,11,No,9,Yes,Unemployed,
7999,32,Male,Ashanti,Urban,,Single,4,No,21,Yes,Employed,Industry
8000,27,Male,Greater Accra,Urban,SHS,Married,6,No,7,No,Not in Labor Force,
8002,27,Female,Volta,Rural,SHS,Single,8,No,7,No,Not in Labor Force,
8003,32,Female,Upper East,Rural,,Single,8,No,21,Yes,Employed,Agriculture
8004,33,Female,Ashanti,Rural,Primary,Single,4,No,18,Yes,Employed,Public Sector
8007,20,Female,Oti,Urban,Primary,Divorced/Separated,5,No,7,Yes,Employed,Agriculture
8011,24,Male,Greater Accra,Rural,SHS,Married,6,Yes,5,No,Not in Labor Force,
8012,19,Female,Ashanti,Rural,SHS,Married,6,No,0,No,Not in Labor Force,
8013,27,Female,Eastern,Rural,Primary,Widowed,2,No,11,Yes,Employed,Public Sector
8015,20,Female,Western North,Rural,JHS,Single,8,No,2,No,Not in Labor Force,
8016,25,Female,Eastern,Rural,SHS,Married,7,No,4,No,Not in Labor Force,
8018,16,Female,Ashanti,Rural,Primary,Married,4,No,3,Yes,Employed,Agriculture
8019,30,Female,Greater Accra,Urban,SHS,Married,6,No,10,Yes,Employed,Informal Trade
8021,35,Male,Central,Rural,JHS,Widowed,3,No,16,No,Not in Labor Force,
8022,25,Male,Upper West,Rural,SHS,Married,2,No,6,Yes,Employed,Public Sector
8024,17,Male,Greater Accra,Urban,JHS,Single,4,No,1,Yes,Employed,Industry
8026,25,Male,Ashanti,Urban,Tertiary,Single,10,No,2,Yes,Unemployed,
8027,19,Male,Western North,Urban,Tertiary,Single,7,No,0,No,Not in Labor Force,
8031,29,Male,Ashanti,Rural,Primary,Single,3,No,13,Yes,Employed,Public Sector
8033,31,Male,Ashanti,Urban,JHS,Single,4,No,13,No,Not in Labor Force,
8035,26,Male,Greater Accra,Urban,Tertiary,Married,5,No,2,No,Not in Labor Force,
8039,31,Male,Ashanti,Urban,JHS,Single,3,Yes,11,Yes,Employed,Informal Trade
8040,35,Male,Ashanti,Urban,Primary,Single,3,No,21,Yes,Employed,Public Sector
8041,27,Male,Eastern,Rural,JHS,Divorced/Separated,4,No,11,Yes,Employed,Agriculture
8042,31,Female,Volta,Rural,SHS,Single,6,No,8,Yes,Employed,Industry
8043,17,Male,Oti,Rural,JHS,Married,8,No,1,No,Not in Labor Force,
8044,21,Female,Savannah,Urban,SHS,Single,3,No,2,Yes,Employed,Informal Trade
8045,27,Male,Ashanti,Urban,Tertiary,Single,4,No,2,Yes,Employed,Public Sector
8046,28,Female,Ashanti,Rural,Tertiary,Married,5,Yes,3,Yes,Employed,Agriculture
8048,33,Male,Volta,Urban,Tertiary,Married,6,No,8,Yes,Employed,Services
8049,17,Male,Ashanti,Rural,Primary,Married,7,No,4,No,Not in Labor Force,
8050,25,Female,Bono,Urban,SHS,Divorced/Separated,2,No,5,Yes,Employed,Services
8051,20,Female,Central,Rural,JHS,Single,4,No,3,Yes,Employed,Agriculture
8052,31,Female,Greater Accra,Urban,SHS,Single,2,No,8,Yes,Employed,Services
8053,20,Male,Upper West,Rural,SHS,Single,4,No,1,Yes,Employed,Agriculture
8054,19,Female,Western,Urban,Tertiary,Married,6,No,0,Yes,Unemployed,
8055,22,Male,North East,Rural,Primary,Married,9,No,8,Yes,Employed,Agriculture
8058,32,Male,Greater Accra,Urban,SHS,Single,4,No,10,No,Not in Labor Force,
8060,22,Female,Volta,Rural,JHS,Single,6,No,5,Yes,Employed,Agriculture
8062,23,Male,Bono,Urban,SHS,Married,4,No,3,No,Not in Labor Force,
8063,24,Female,Western North,Urban,Tertiary,Married,6,No,1,No,Not in Labor Force,
8064,31,Male,Northern,Urban,,Single,3,No,21,Yes,Unemployed,
8065,34,Male,Central,Rural,Primary,Married,4,No,21,Yes,Employed,Industry
8066,20,Female,Western,Urban,SHS,Married,6,No,1,Yes,Employed,Informal Trade
8067,30,Male,Central,Urban,JHS,Married,7,No,9,No,Not in Labor Force,
8071,29,Female,Northern,Rural,,Married,3,No,15,Yes,Employed,Agriculture
8072,33,Female,Greater Accra,Urban,SHS,Married,8,No,11,Yes,Unemployed,
8075,27,Female,Northern,Rural,,Married,6,No,19,Yes,Employed,Services
8076,31,Male,Ashanti,Urban,Tertiary,Divorced/Separated,5,No,5,Yes,Employed,Informal Trade
8078,26,Male,Bono,Urban,Tertiary,Single,3,No,2,Yes,Employed,Services
8081,22,Male,Eastern,Rural,JHS,Single,5,No,4,Yes,Employed,Agriculture
8082,30,Female,Savannah,Rural,Primary,Married,9,No,15,Yes,Employed,Services
8085,35,Male,Upper East,Rural,JHS,Married,2,No,13,Yes,Employed,Services
8086,30,Female,Volta,Rural,SHS,Single,3,No,10,Yes,Employed,Informal Trade
8088,18,Female,Greater Accra,Rural,JHS,Single,5,No,1,Yes,Employed,Agriculture
8091,31,Male,Volta,Rural,Primary,Single,7,No,18,Yes,Employed,Industry
8093,23,Male,Greater Accra,Urban,SHS,Single,6,No,3,Yes,Employed,Informal Trade
8095,22,Male,Greater Accra,Urban,Tertiary,Married,5,No,0,No,Not in Labor Force,
8097,24,Female,Central,Urban,Primary,Single,2,No,9,No,Not in Labor Force,
8100,27,Male,Northern,Rural,JHS,Married,4,No,7,Yes,Employed,Agriculture
8102,26,Male,Upper West,Rural,JHS,Married,6,No,9,Yes,Employed,Public Sector
8103,23,Female,Greater Accra,Urban,Tertiary,Married,6,No,0,Yes,Employed,Public Sector
8106,29,Male,North East,Rural,JHS,Married,7,No,11,No,Not in Labor Force,
8107,26,Male,Eastern,Rural,SHS,Divorced/Separated,5,No,6,No,Not in Labor Force,
8108,23,Male,Volta,Rural,,Single,2,Yes,15,No,Not in Labor Force,
8111,35,Male,Western North,Rural,Primary,Single,6,No,19,Yes,Employed,Industry
8112,28,Female,Eastern,Rural,Primary,Married,5,No,10,Yes,Employed,Agriculture
8113,29,Male,Greater Accra,Rural,SHS,Single,4,No,10,Yes,Unemployed,
8114,26,Male,Bono East,Urban,Primary,Single,4,No,13,Yes,Employed,Informal Trade
8115,31,Female,Greater Accra,Urban,Primary,Single,1,No,18,Yes,Employed,Public Sector
8117,29,Female,Greater Accra,Urban,Tertiary,Widowed,5,No,5,No,Not in Labor Force,
8118,31,Male,Bono East,Urban,JHS,Married,7,No,12,Yes,Employed,Services
8119,27,Female,Savannah,Rural,Tertiary,Single,5,No,3,No,Not in Labor Force,
8120,17,Female,Ashanti,Urban,Tertiary,Married,8,No,0,No,Not in Labor Force,
8121,27,Male,Bono,Rural,,Married,5,Yes,13,Yes,Employed,Agriculture
8123,23,Male,Upper East,Rural,Primary,Divorced/Separated,2,No,8,No,Not in Labor Force,
8124,34,Male,Upper East,Urban,SHS,Single,5,No,12,No,Not in Labor Force,
8125,26,Male,Northern,Urban,,Married,2,No,19,Yes,Employed,Public Sector
8126,33,Female,Greater Accra,Urban,SHS,Single,5,No,14,Yes,Employed,Industry
8127,20,Male,Ashanti,Urban,Tertiary,Single,4,No,0,Yes,Employed,Services
8128,34,Female,Ashanti,Urban,SHS,Married,4,No,10,Yes,Employed,Services
8130,24,Female,Central,Rural,Primary,Single,5,No,11,No,Not in Labor Force,
8131,31,Female,Ashanti,Rural,JHS,Married,9,No,12,Yes,Employed,Agriculture
8132,34,Female,Eastern,Rural,JHS,Single,6,No,14,Yes,Employed,Industry
8133,23,Male,Central,Urban,Primary,Married,4,No,8,No,Not in Labor Force,
8134,22,Male,Greater Accra,Urban,SHS,Married,7,No,3,No,Not in Labor Force,
8135,24,Female,Greater Accra,Urban,JHS,Married,7,No,7,No,Not in Labor Force,
8136,33,Male,Eastern,Urban,Primary,Married,6,No,15,Yes,Employed,Services
8137,20,Male,Savannah,Rural,JHS,Single,5,No,3,No,Not in Labor Force,
8142,25,Male,Eastern,Urban,JHS,Single,5,No,9,Yes,Employed,Industry
8144,33,Female,Ashanti,Urban,SHS,Married,5,No,13,Yes,Employed,Informal Trade
8145,35,Male,Greater Accra,Urban,SHS,Married,5,No,14,No,Not in Labor Force,
8146,34,Female,Ashanti,Urban,JHS,Married,6,No,12,Yes,Employed,Public Sector
8150,20,Male,Upper East,Rural,,Married,6,No,9,Yes,Employed,Agriculture
8151,33,Female,Ashanti,Urban,SHS,Married,6,No,14,Yes,Employed,Informal Trade
8153,35,Male,Western,Rural,JHS,Married,4,No,12,Yes,Employed,Agriculture
8154,25,Female,Western,Rural,JHS,Single,5,No,6,Yes,Unemployed,
8158,31,Male,Savannah,Rural,JHS,Married,9,No,15,Yes,Employed,Agriculture
8160,31,Male,Northern,Urban,Primary,Married,10,No,15,Yes,Employed,Informal Trade
8161,26,Male,Ashanti,Urban,Primary,Single,6,No,12,Yes,Employed,Industry
8163,34,Male,Ashanti,Urban,SHS,Married,6,No,12,Yes,Unemployed,
8164,17,Female,Bono,Urban,SHS,Single,6,No,0,Yes,Unemployed,
8165,25,Male,Ashanti,Rural,,Married,9,No,13,Yes,Unemployed,
8166,29,Male,Bono,Rural,Tertiary,Single,5,No,6,No,Not in Labor Force,
8167,35,Female,Oti,Urban,SHS,Divorced/Separated,2,No,10,Yes,Employed,Informal Trade
8168,29,Female,Ashanti,Rural,Primary,Married,3,No,13,No,Not in Labor Force,
8173,28,Female,Eastern,Rural,SHS,Single,3,Yes,7,No,Not in Labor Force,
8174,34,Female,Savannah,Rural,SHS,Single,3,No,13,Yes,Employed,Informal Trade
8175,32,Female,Oti,Rural,JHS,Married,6,No,11,Yes,Employed,Agriculture
8177,35,Female,Northern,Urban,SHS,Single,5,No,14,Yes,Employed,Informal Trade
8178,23,Male,Central,Rural,Primary,Single,3,No,8,Yes,Employed,Informal Trade
8179,29,Male,Ashanti,Urban,Tertiary,Single,6,No,5,Yes,Unemployed,
8181,27,Female,Greater Accra,Urban,Tertiary,Married,4,No,3,Yes,Unemployed,
8182,25,Male,Greater Accra,Urban,,Widowed,9,No,15,Yes,Employed,Industry
8183,27,Female,Volta,Rural,SHS,Married,6,No,8,Yes,Employed,Agriculture
8184,28,Female,Ashanti,Rural,JHS,Single,3,No,8,Yes,Employed,Agriculture
8185,29,Male,Eastern,Rural,,Single,2,No,18,Yes,Employed,Agriculture
8187,24,Male,Greater Accra,Urban,Tertiary,Divorced/Separated,5,No,1,Yes,Employed,Informal Trade
8189,32,Male,Ashanti,Urban,SHS,Single,5,No,10,Yes,Employed,Informal Trade
8193,26,Female,Eastern,Urban,Primary,Single,6,No,13,Yes,Employed,Informal Trade
8195,31,Male,Greater Accra,Urban,SHS,Married,5,No,10,No,Not in Labor Force,
8197,22,Male,Western,Urban,JHS,Single,4,No,6,Yes,Employed,Public Sector
8198,25,Male,Central,Rural,SHS,Married,5,No,4,Yes,Employed,Agriculture
8200,30,Female,Western North,Rural,JHS,Single,6,No,13,Yes,Employed,Services
8201,23,Female,Northern,Urban,JHS,Single,3,No,7,Yes,Unemployed,
8203,29,Male,Northern,Urban,Primary,Single,3,Yes,13,Yes,Employed,Agriculture
8204,28,Female,Northern,Rural,SHS,Single,5,No,8,No,Not in Labor Force,
8205,28,Male,Eastern,Rural,JHS,Single,4,No,8,Yes,Employed,Agriculture
8207,25,Female,Central,Rural,SHS,Single,5,No,5,Yes,Employed,Informal Trade
8208,25,Female,Upper East,Rural,JHS,Married,4,No,8,No,Not in Labor Force,
8209,19,Male,Central,Rural,Primary,Single,4,No,7,Yes,Employed,Agriculture
8211,30,Male,Central,Rural,,Married,1,No,14,Yes,Employed,Informal Trade
8212,32,Female,Volta,Urban,SHS,Single,4,No,10,No,Not in Labor Force,
8213,27,Male,Eastern,Rural,,Married,5,No,19,Yes,Employed,Informal Trade
8214,29,Female,Volta,Rural,,Single,6,No,22,No,Not in Labor Force,
8215,25,Male,Western,Rural,Tertiary,Married,7,No,1,No,Not in Labor Force,
8216,35,Male,Greater Accra,Urban,SHS,Divorced/Separated,4,No,10,Yes,Employed,Informal Trade
8217,32,Female,Northern,Urban,Tertiary,Married,2,No,7,No,Not in Labor Force,
8218,22,Female,Greater Accra,Urban,Primary,Single,3,Yes,9,Yes,Employed,Services
8223,22,Male,Greater Accra,Urban,Primary,Widowed,7,No,8,No,Not in Labor Force,
8224,24,Male,Ashanti,Rural,SHS,Married,7,No,5,No,Not in Labor Force,
8225,17,Female,Ashanti,Urban,SHS,Married,4,No,0,Yes,Unemployed,
8226,28,Female,Ashanti,Rural,JHS,Divorced/Separated,6,No,12,Yes,Unemployed,
8229,23,Female,Eastern,Rural,JHS,Single,8,No,6,Yes,Employed,Public Sector
8230,25,Male,Greater Accra,Urban,SHS,Married,3,No,4,Yes,Employed,Informal Trade
8231,30,Female,Western North,Rural,,Married,4,No,16,Yes,Employed,Agriculture
8233,35,Male,Greater Accra,Rural,Primary,Married,7,No,17,Yes,Employed,Informal Trade
8234,24,Male,Ashanti,Rural,Primary,Married,4,No,11,Yes,Employed,Informal Trade
8235,21,Male,Greater Accra,Urban,SHS,Single,2,No,2,Yes,Employed,Public Sector
8236,20,Female,Northern,Rural,Tertiary,Divorced/Separated,4,No,0,No,Not in Labor Force,
8237,23,Male,Volta,Rural,JHS,Single,7,No,7,Yes,Unemployed,
8238,18,Female,Upper East,Rural,JHS,Married,4,No,1,Yes,Employed,Informal Trade
8239,33,Female,Central,Urban,SHS,Married,4,No,11,Yes,Employed,Informal Trade
8241,33,Male,Ashanti,Rural,JHS,Single,5,No,12,Yes,Employed,Informal Trade
8245,21,Male,Ashanti,Rural,JHS,Single,5,No,4,Yes,Employed,Agriculture
8246,15,Male,Upper West,Urban,SHS,Married,5,No,0,Yes,Employed,Informal Trade
8247,30,Male,Volta,Rural,,Single,5,Yes,19,No,Not in Labor Force,
8248,29,Male,Ashanti,Urban,JHS,Married,6,No,9,Yes,Unemployed,
8249,17,Male,Western,Rural,Primary,Single,4,No,5,No,Not in Labor Force,
8250,25,Female,Northern,Urban,JHS,Married,8,No,6,No,Not in Labor Force,
8253,27,Male,Volta,Rural,SHS,Married,4,No,7,Yes,Employed,Informal Trade
8255,30,Female,Greater Accra,Urban,Primary,Divorced/Separated,4,No,13,Yes,Employed,Public Sector
8258,20,Male,Upper West,Rural,,Single,5,No,12,Yes,Employed,Informal Trade
8260,31,Female,Greater Accra,Urban,SHS,Married,3,No,11,No,Not in Labor Force,
8261,28,Male,Ashanti,Rural,,Single,1,No,21,Yes,Employed,Agriculture
8264,32,Female,Western,Urban,JHS,Single,5,No,12,Yes,Employed,Industry
8266,26,Male,Ashanti,Urban,,Married,6,No,16,Yes,Employed,Industry
8268,24,Male,North East,Rural,Primary,Divorced/Separated,6,No,9,Yes,Employed,Agriculture
8270,33,Female,Eastern,Urban,Tertiary,Single,8,No,7,Yes,Employed,Industry
8272,27,Male,Ashanti,Rural,Primary,Married,4,Yes,13,Yes,Employed,Services
8273,21,Female,Bono East,Rural,JHS,Single,8,No,4,No,Not in Labor Force,
8274,31,Male,Ahafo,Rural,SHS,Single,5,No,12,Yes,Employed,Informal Trade
8275,27,Female,Greater Accra,Urban,SHS,Divorced/Separated,5,No,6,Yes,Employed,Services
8276,33,Female,North East,Urban,Primary,Single,1,No,13,Yes,Employed,Informal Trade
8277,23,Male,Upper East,Rural,SHS,Married,11,No,4,Yes,Employed,Agriculture
8278,27,Male,Ashanti,Rural,JHS,Single,5,Yes,9,Yes,Employed,Agriculture
8281,20,Male,Upper West,Urban,Tertiary,Married,6,No,0,No,Not in Labor Force,
8282,33,Female,Ashanti,Urban,Tertiary,Widowed,9,No,6,Yes,Employed,Informal Trade
8283,31,Female,Ashanti,Urban,Tertiary,Married,7,No,7,Yes,Employed,Industry
8284,18,Female,Central,Rural,Primary,Single,6,No,6,Yes,Employed,Agriculture
8286,17,Female,Ashanti,Urban,JHS,Divorced/Separated,9,No,1,Yes,Employed,Agriculture
8287,29,Male,Greater Accra,Urban,JHS,Married,5,No,11,No,Not in Labor Force,
8288,27,Male,Northern,Rural,Primary,Widowed,6,No,9,No,Not in Labor Force,
8289,28,Female,Western,Rural,JHS,Single,7,Yes,9,Yes,Employed,Informal Trade
8291,30,Female,Western,Urban,JHS,Single,4,No,9,Yes,Employed,Public Sector
8292,34,Female,Ashanti,Urban,JHS,Single,6,No,13,Yes,Employed,Services
8293,26,Female,Ahafo,Urban,JHS,Married,6,No,6,No,Not in Labor Force,
8295,28,Female,Western,Urban,SHS,Married,5,No,8,Yes,Unemployed,
8297,33,Female,Greater Accra,Urban,Tertiary,Single,5,No,8,Yes,Unemployed,
8298,31,Male,Ashanti,Rural,,Married,3,No,22,Yes,Employed,Public Sector
8300,21,Male,Greater Accra,Urban,SHS,Married,7,No,2,No,Not in Labor Force,
8301,34,Female,Northern,Rural,SHS,Married,9,No,15,Yes,Employed,Informal Trade
8302,19,Female,Greater Accra,Urban,JHS,Married,4,No,3,No,Not in Labor Force,
8304,32,Female,Northern,Rural,JHS,Married,4,No,12,Yes,Employed,Informal Trade
8308,29,Male,Western,Urban,Primary,Single,7,No,12,Yes,Employed,Public Sector
8309,19,Female,Bono East,Rural,Primary,Married,4,No,6,Yes,Employed,Industry
8310,21,Female,Northern,Rural,SHS,Married,9,No,2,No,Not in Labor Force,
8312,28,Female,Ashanti,Urban,Primary,Married,5,No,12,Yes,Unemployed,
8314,34,Male,Northern,Rural,JHS,Single,1,No,14,Yes,Employed,Agriculture
8315,31,Female,Bono East,Urban,SHS,Married,5,No,11,Yes,Employed,Services
8318,34,Male,Western,Rural,Primary,Married,4,No,18,No,Not in Labor Force,
8319,35,Male,Bono East,Rural,JHS,Married,6,No,17,Yes,Employed,Informal Trade
8320,20,Male,Upper West,Rural,,Married,3,No,10,No,Not in Labor Force,
8323,34,Female,Greater Accra,Urban,SHS,Married,2,Yes,12,Yes,Employed,Public Sector
8327,32,Female,Northern,Rural,Primary,Married,6,No,15,No,Not in Labor Force,
8329,31,Female,Greater Accra,Urban,Primary,Married,6,No,18,No,Not in Labor Force,
8330,27,Female,Ashanti,Urban,JHS,Married,5,No,10,Yes,Employed,Services
8331,35,Male,Oti,Rural,JHS,Married,5,No,19,No,Not in Labor Force,
8334,25,Female,Upper West,Urban,JHS,Single,5,No,6,Yes,Employed,Industry
8335,24,Male,Western North,Rural,JHS,Married,4,No,7,No,Not in Labor Force,
8336,30,Female,Upper East,Rural,,Married,6,No,22,Yes,Employed,Services
8337,29,Female,Western,Rural,JHS,Married,10,No,8,Yes,Employed,Agriculture
8339,16,Male,Upper West,Rural,Primary,Divorced/Separated,5,Yes,3,No,Not in Labor Force,
8340,24,Male,Greater Accra,Urban,SHS,Married,6,No,4,Yes,Employed,Public Sector
8341,23,Male,Ashanti,Urban,JHS,Single,2,No,4,No,Not in Labor Force,
8342,32,Male,Greater Accra,Urban,SHS,Married,9,No,10,Yes,Employed,Industry
8344,31,Male,Ashanti,Urban,,Married,10,Yes,17,Yes,Employed,Agriculture
8345,23,Male,Ashanti,Urban,JHS,Single,4,No,5,Yes,Unemployed,
8347,30,Male,Volta,Rural,,Single,5,No,22,Yes,Employed,Agriculture
8349,24,Female,Greater Accra,Urban,,Married,6,No,16,Yes,Employed,Industry
8350,25,Male,Northern,Urban,JHS,Married,4,No,8,Yes,Employed,Services
8354,16,Male,Bono East,Rural,JHS,Single,4,No,0,Yes,Unemployed,
8355,26,Male,Greater Accra,Urban,SHS,Married,4,No,6,Yes,Employed,Public Sector
8356,29,Male,Ashanti,Urban,JHS,Single,6,No,12,Yes,Unemployed,
8359,17,Female,Central,Urban,Tertiary,Married,6,No,0,No,Not in Labor Force,
8361,33,Female,Volta,Rural,,Single,5,No,25,Yes,Employed,Industry
8362,31,Male,North East,Rural,Primary,Married,9,No,12,Yes,Employed,Agriculture
8363,27,Male,Volta,Urban,JHS,Married,5,No,9,Yes,Unemployed,
8369,27,Female,Ashanti,Urban,JHS,Single,5,No,9,Yes,Employed,Informal Trade
8370,30,Female,Central,Rural,,Single,7,No,22,Yes,Employed,Agriculture
8373,34,Female,Volta,Urban,SHS,Single,2,No,13,Yes,Employed,Services
8376,30,Male,Greater Accra,Urban,Primary,Married,10,No,16,Yes,Employed,Informal Trade
8377,17,Male,Oti,Rural,SHS,Single,3,No,0,Yes,Employed,Agriculture
8378,33,Female,Northern,Rural,JHS,Married,6,No,12,No,Not in Labor Force,
8379,30,Female,Upper East,Rural,Primary,Married,11,No,13,Yes,Employed,Informal Trade
8380,19,Female,Ashanti,Rural,SHS,Single,6,No,0,Yes,Employed,Agriculture
8381,24,Male,Ashanti,Urban,SHS,Single,13,No,4,No,Not in Labor Force,
8382,35,Female,Bono,Rural,SHS,Single,6,No,16,No,Not in Labor Force,
8383,30,Male,Bono,Rural,JHS,Married,7,No,10,Yes,Employed,Agriculture
8385,16,Female,Western,Urban,SHS,Single,3,No,0,No,Not in Labor Force,
8386,26,Female,Eastern,Urban,SHS,Married,6,No,7,Yes,Employed,Informal Trade
8388,19,Male,Upper West,Rural,,Divorced/Separated,7,No,9,No,Not in Labor Force,
8391,32,Female,Volta,Rural,JHS,Divorced/Separated,4,No,14,Yes,Employed,Agriculture
8392,33,Male,Bono,Rural,,Single,9,No,27,No,Not in Labor Force,
8393,29,Male,Upper West,Rural,JHS,Married,4,Yes,13,Yes,Employed,Agriculture
8397,32,Male,Northern,Urban,SHS,Divorced/Separated,6,No,12,Yes,Employed,Services
8400,24,Male,Greater Accra,Urban,JHS,Married,6,No,6,No,Not in Labor Force,
8403,32,Male,Upper East,Rural,Primary,Married,7,No,18,Yes,Employed,Informal Trade
8404,15,Male,Western,Rural,Primary,Single,9,No,3,No,Not in Labor Force,
8405,33,Male,Volta,Rural,Primary,Single,4,No,13,Yes,Unemployed,
8407,24,Male,Northern,Urban,JHS,Married,4,No,8,Yes,Unemployed,
8410,33,Female,Greater Accra,Urban,JHS,Married,8,No,14,Yes,Unemployed,
8412,27,Male,Ahafo,Rural,Primary,Single,4,No,10,Yes,Employed,Agriculture
8413,25,Female,Northern,Urban,SHS,Single,5,No,4,No,Not in Labor Force,
8414,35,Female,Western,Urban,SHS,Single,5,No,15,No,Not in Labor Force,
8415,30,Male,Western North,Rural,JHS,Married,4,No,14,Yes,Employed,Public Sector
8416,32,Male,Volta,Rural,Primary,Married,5,No,18,Yes,Employed,Agriculture
8417,29,Male,Upper West,Rural,Primary,Single,5,No,11,Yes,Employed,Agriculture
8420,32,Male,Central,Rural,JHS,Married,6,No,13,Yes,Employed,Agriculture
8421,28,Male,Greater Accra,Urban,JHS,Single,2,No,10,Yes,Employed,Informal Trade
8422,22,Female,Greater Accra,Urban,Tertiary,Divorced/Separated,3,No,0,Yes,Employed,Public Sector
8424,22,Male,Eastern,Urban,Tertiary,Single,4,No,0,No,Not in Labor Force,
8427,22,Female,Western,Urban,JHS,Married,3,No,4,No,Not in Labor Force,
8429,28,Female,Savannah,Rural,SHS,Married,3,No,8,Yes,Employed,Services
8431,20,Female,Ashanti,Rural,JHS,Divorced/Separated,1,No,3,Yes,Unemployed,
8434,23,Female,Greater Accra,Urban,Tertiary,Married,5,No,0,No,Not in Labor Force,
8435,18,Male,Upper West,Rural,JHS,Married,7,No,1,Yes,Unemployed,
8436,30,Male,Greater Accra,Urban,Primary,Married,3,No,17,Yes,Employed,Agriculture
8437,29,Male,Western,Rural,,Single,5,No,19,Yes,Employed,Agriculture
8439,18,Female,Ahafo,Rural,JHS,Single,3,No,1,Yes,Employed,Agriculture
8440,16,Female,Ashanti,Rural,Primary,Married,5,No,3,No,Not in Labor Force,
8445,23,Female,Greater Accra,Rural,JHS,Single,6,No,5,No,Not in Labor Force,
8446,35,Male,Greater Accra,Rural,JHS,Single,6,No,15,Yes,Employed,Industry
8449,20,Male,Greater Accra,Urban,SHS,Single,3,No,1,Yes,Employed,Informal Trade
8451,28,Male,Ashanti,Urban,,Single,2,No,17,Yes,Employed,Services
8452,16,Female,Greater Accra,Urban,Tertiary,Married,4,No,0,No,Not in Labor Force,
8454,24,Female,Northern,Urban,JHS,Single,5,No,7,Yes,Employed,Public Sector
8456,31,Male,Oti,Rural,Primary,Married,4,No,12,Yes,Employed,Informal Trade
8459,21,Female,Greater Accra,Rural,SHS,Married,2,No,2,Yes,Employed,Informal Trade
8463,21,Female,Volta,Urban,Primary,Single,3,No,6,No,Not in Labor Force,
8466,31,Male,Western,Rural,Primary,Married,4,No,19,Yes,Employed,Public Sector
8467,26,Female,Eastern,Rural,,Single,6,No,17,Yes,Employed,Services
8469,25,Female,Ashanti,Rural,SHS,Widowed,4,No,6,No,Not in Labor Force,
8470,28,Female,Ashanti,Urban,Tertiary,Single,5,No,4,Yes,Employed,Informal Trade
8473,19,Female,Greater Accra,Urban,Tertiary,Married,5,No,0,Yes,Unemployed,
8475,35,Female,Eastern,Rural,SHS,Married,5,No,10,No,Not in Labor Force,
8477,19,Male,Eastern,Rural,Primary,Single,4,No,6,No,Not in Labor Force,
8478,28,Female,Western,Rural,JHS,Married,8,No,10,Yes,Employed,Agriculture
8479,24,Male,Savannah,Urban,JHS,Single,3,No,5,Yes,Employed,Informal Trade
8480,31,Male,Central,Urban,JHS,Single,7,No,13,No,Not in Labor Force,
8481,31,Female,Bono,Rural,JHS,Single,4,No,12,Yes,Employed,Industry
8482,29,Male,Eastern,Rural,SHS,Widowed,5,No,9,Yes,Employed,Services
8484,28,Female,Bono,Rural,,Widowed,7,No,15,Yes,Employed,Public Sector
8487,32,Male,Eastern,Rural,Primary,Married,4,No,19,Yes,Employed,Agriculture
8489,33,Male,Greater Accra,Urban,SHS,Single,2,No,14,Yes,Employed,Services
8491,31,Female,North East,Rural,JHS,Married,3,No,9,Yes,Employed,Agriculture
8492,24,Male,Northern,Rural,JHS,Married,2,Yes,8,Yes,Employed,Informal Trade
8493,34,Female,Western,Urban,SHS,Single,7,No,12,Yes,Employed,Informal Trade
8494,20,Male,Upper East,Rural,,Single,5,No,12,Yes,Employed,Industry
8496,32,Female,Western North,Urban,SHS,Single,3,No,10,Yes,Employed,Services
8497,28,Female,Bono East,Rural,Primary,Married,4,No,12,No,Not in Labor Force,
8498,30,Male,Central,Urban,SHS,Married,4,No,11,Yes,Employed,Services
8499,29,Female,Ashanti,Rural,JHS,Single,4,No,9,No,Not in Labor Force,
8500,18,Female,Greater Accra,Urban,SHS,Married,4,No,0,Yes,Employed,Informal Trade
8501,28,Female,Greater Accra,Urban,SHS,Married,5,No,8,No,Not in Labor Force,
8502,16,Female,Ashanti,Urban,Tertiary,Married,3,No,0,No,Not in Labor Force,
8503,27,Female,Greater Accra,Urban,SHS,Married,7,No,6,No,Not in Labor Force,
8504,28,Female,Northern,Urban,JHS,Single,6,No,9,No,Not in Labor Force,
8507,26,Female,Greater Accra,Urban,Tertiary,Widowed,10,No,3,Yes,Employed,Public Sector
8508,35,Female,Ashanti,Rural,JHS,Married,5,No,12,Yes,Employed,Agriculture
8509,18,Male,Oti,Rural,SHS,Married,5,No,0,No,Not in Labor Force,
8511,23,Male,Savannah,Urban,,Divorced/Separated,6,No,16,Yes,Employed,Services
8514,21,Female,Upper West,Rural,JHS,Married,3,No,4,No,Not in Labor Force,
8515,28,Male,Ashanti,Urban,Tertiary,Single,8,No,3,Yes,Unemployed,
8517,27,Male,Central,Urban,SHS,Single,4,No,6,Yes,Employed,Informal Trade
8521,27,Female,Ahafo,Rural,,Single,3,No,13,No,Not in Labor Force,
8524,19,Female,Upper East,Rural,JHS,Divorced/Separated,2,No,2,No,Not in Labor Force,
8525,24,Male,Greater Accra,Urban,Tertiary,Single,8,No,1,Yes,Unemployed,
8527,25,Female,Greater Accra,Rural,,Single,2,Yes,17,No,Not in Labor Force,
8528,30,Female,Northern,Rural,Primary,Divorced/Separated,5,No,12,Yes,Employed,Informal Trade
8530,32,Male,Ashanti,Urban,Tertiary,Single,5,No,8,Yes,Employed,Services
8531,24,Female,Northern,Rural,JHS,Married,7,No,5,No,Not in Labor Force,
8533,22,Male,Eastern,Urban,Tertiary,Divorced/Separated,7,No,0,Yes,Employed,Services
8534,27,Female,Northern,Rural,SHS,Single,4,No,5,Yes,Employed,Agriculture
8535,15,Male,Bono,Urban,Tertiary,Married,6,No,0,Yes,Unemployed,
8538,29,Female,Ashanti,Rural,JHS,Divorced/Separated,3,No,12,Yes,Employed,Agriculture
8541,31,Male,Central,Urban,SHS,Single,6,No,10,Yes,Employed,Services
8543,27,Female,Western North,Rural,,Married,6,No,20,No,Not in Labor Force,
8544,21,Female,Ashanti,Urban,Primary,Single,6,No,7,No,Not in Labor Force,
8546,22,Female,Ashanti,Urban,SHS,Single,3,No,2,No,Not in Labor Force,
8548,21,Female,Ashanti,Rural,JHS,Single,3,Yes,4,Yes,Employed,Agriculture
8549,28,Female,Ahafo,Rural,,Single,4,No,17,Yes,Employed,Agriculture
8552,25,Female,Greater Accra,Urban,SHS,Married,5,No,5,No,Not in Labor Force,
8553,29,Male,Upper East,Rural,Tertiary,Married,4,No,5,No,Not in Labor Force,
8554,29,Female,Ahafo,Rural,SHS,Married,4,No,9,Yes,Employed,Agriculture
8556,28,Male,Central,Rural,JHS,Married,5,No,11,Yes,Unemployed,
8557,22,Male,Western North,Urban,JHS,Single,7,No,4,Yes,Employed,Services
8558,26,Female,Central,Rural,JHS,Divorced/Separated,5,No,7,Yes,Employed,Agriculture
8560,34,Female,Ashanti,Rural,Primary,Married,6,No,15,Yes,Unemployed,
8567,27,Male,Western North,Rural,JHS,Single,6,No,9,Yes,Employed,Agriculture
8569,27,Male,Western North,Rural,JHS,Single,3,No,10,No,Not in Labor Force,
8571,28,Male,Eastern,Rural,Primary,Single,6,No,13,Yes,Employed,Agriculture
8573,29,Male,Bono,Rural,JHS,Married,4,No,9,Yes,Employed,Agriculture
8576,25,Male,Ashanti,Rural,JHS,Single,2,No,7,Yes,Unemployed,
8581,31,Male,Upper West,Urban,,Married,9,No,21,Yes,Employed,Public Sector
8584,30,Female,Central,Rural,JHS,Single,5,No,10,Yes,Employed,Agriculture
8587,18,Male,Western,Rural,Tertiary,Married,4,No,0,No,Not in Labor Force,
8589,25,Male,Ashanti,Urban,JHS,Married,5,No,6,Yes,Employed,Industry
8592,21,Male,Oti,Urban,Tertiary,Single,3,No,0,No,Not in Labor Force,
8593,18,Male,Northern,Urban,Primary,Married,5,No,6,No,Not in Labor Force,
8594,21,Female,Greater Accra,Urban,Tertiary,Married,2,No,0,No,Not in Labor Force,
8595,30,Male,Eastern,Rural,,Single,6,No,18,Yes,Employed,Informal Trade
8596,24,Female,Volta,Rural,JHS,Single,4,No,7,Yes,Employed,Industry
8597,27,Female,Eastern,Urban,JHS,Married,5,No,11,No,Not in Labor Force,
8599,27,Male,Bono East,Urban,Primary,Single,4,No,14,Yes,Employed,Public Sector
8600,22,Female,Ahafo,Rural,JHS,Married,2,No,5,Yes,Employed,Agriculture
8602,29,Female,Central,Urban,JHS,Single,8,No,9,No,Not in Labor Force,
8604,32,Female,Greater Accra,Urban,Tertiary,Married,6,No,8,Yes,Employed,Public Sector
8606,18,Male,North East,Urban,,Married,7,No,11,Yes,Unemployed,
8608,24,Female,Ashanti,Urban,SHS,Married,10,No,4,No,Not in Labor Force,
8609,32,Male,Greater Accra,Rural,Primary,Married,3,No,15,Yes,Employed,Services
8610,31,Female,Ashanti,Urban,Tertiary,Married,3,No,7,Yes,Employed,Industry
8611,19,Male,Volta,Rural,JHS,Single,5,No,2,No,Not in Labor Force,
8613,35,Female,Upper East,Rural,Primary,Single,5,No,14,Yes,Employed,Agriculture
8616,16,Male,North East,Rural,JHS,Widowed,3,No,0,No,Not in Labor Force,
8617,30,Female,Central,Rural,JHS,Single,6,No,13,No,Not in Labor Force,
8619,19,Female,Greater Accra,Urban,Primary,Married,4,No,5,Yes,Employed,Services
8620,15,Male,Greater Accra,Urban,SHS,Married,4,No,0,Yes,Employed,Services
8623,21,Female,Upper East,Rural,JHS,Married,6,No,4,No,Not in Labor Force,
8624,35,Female,Ashanti,Urban,SHS,Single,7,No,12,Yes,Employed,Services
8626,35,Male,Volta,Rural,Primary,Married,10,No,14,Yes,Employed,Agriculture
8627,25,Male,Western,Rural,Primary,Married,5,No,12,Yes,Employed,Industry
8629,34,Female,Northern,Urban,SHS,Single,5,No,14,Yes,Employed,Public Sector
8630,21,Female,Ahafo,Rural,SHS,Divorced/Separated,3,No,2,No,Not in Labor Force,
8631,25,Female,Upper West,Rural,JHS,Single,2,No,6,Yes,Unemployed,
8635,33,Male,Ashanti,Urban,JHS,Single,5,No,16,Yes,Employed,Industry
8636,19,Male,Ashanti,Rural,,Single,8,No,11,Yes,Unemployed,
8637,24,Male,Ashanti,Urban,JHS,Married,7,No,5,Yes,Unemployed,
8640,22,Male,Eastern,Rural,,Single,4,No,15,No,Not in Labor Force,
8642,20,Female,Ashanti,Urban,Tertiary,Married,4,No,0,Yes,Employed,Industry
8647,33,Male,Savannah,Rural,JHS,Married,7,No,11,No,Not in Labor Force,
8648,27,Female,Western North,Urban,SHS,Single,6,No,6,Yes,Unemployed,
8649,17,Female,Ahafo,Urban,JHS,Single,7,No,1,Yes,Employed,Industry
8651,33,Male,Upper East,Rural,JHS,Married,3,No,13,No,Not in Labor Force,
8655,25,Male,Ashanti,Urban,JHS,Single,4,No,9,Yes,Employed,Public Sector
8657,35,Female,Eastern,Rural,Primary,Married,5,Yes,19,Yes,Unemployed,
8658,25,Female,North East,Rural,JHS,Married,6,No,7,Yes,Employed,Agriculture
8660,28,Male,Ashanti,Rural,JHS,Married,6,No,12,Yes,Employed,Agriculture
8662,21,Male,Ashanti,Urban,Tertiary,Single,4,No,0,Yes,Employed,Services
8664,34,Male,Northern,Rural,JHS,Married,8,No,14,Yes,Unemployed,
8665,28,Female,Volta,Urban,Tertiary,Single,7,No,4,No,Not in Labor Force,
8666,31,Male,Greater Accra,Rural,JHS,Single,2,No,12,Yes,Employed,Industry
8667,34,Female,Upper West,Rural,Primary,Single,2,No,21,Yes,Employed,Services
8668,28,Female,Savannah,Rural,JHS,Widowed,5,No,9,Yes,Employed,Public Sector
8669,20,Female,Upper West,Rural,SHS,Married,7,No,1,No,Not in Labor Force,
8670,18,Male,Eastern,Rural,SHS,Married,4,No,0,Yes,Employed,Services
8671,26,Male,Northern,Rural,JHS,Married,8,No,7,Yes,Employed,Agriculture
8672,27,Male,Eastern,Urban,SHS,Married,5,No,7,Yes,Employed,Services
8673,32,Male,Greater Accra,Urban,Tertiary,Married,6,No,6,Yes,Employed,Services
8675,20,Female,Ashanti,Urban,JHS,Single,4,No,2,Yes,Employed,Services
8677,22,Female,Western North,Rural,,Single,5,No,10,Yes,Employed,Industry
8678,23,Male,Upper East,Rural,Primary,Single,3,No,9,Yes,Employed,Agriculture
8680,27,Female,Ashanti,Urban,SHS,Single,7,No,8,Yes,Unemployed,
8681,22,Female,Bono,Rural,SHS,Married,5,No,3,No,Not in Labor Force,
8682,20,Male,Eastern,Urban,SHS,Married,5,No,1,Yes,Unemployed,
8686,26,Male,Ashanti,Urban,Primary,Single,6,No,10,Yes,Employed,Public Sector
8687,33,Female,Ashanti,Urban,JHS,Single,4,No,11,Yes,Unemployed,
8689,21,Female,Bono,Urban,Primary,Married,3,No,9,Yes,Employed,Agriculture
8692,22,Male,Bono East,Rural,Tertiary,Single,6,No,0,No,Not in Labor Force,
8693,18,Male,Upper East,Rural,JHS,Married,5,No,1,Yes,Unemployed,
8695,35,Female,Northern,Rural,SHS,Married,9,No,10,Yes,Employed,Informal Trade
8696,34,Male,Greater Accra,Urban,Tertiary,Single,4,No,7,Yes,Employed,Industry
8697,35,Female,Northern,Rural,SHS,Single,6,No,15,Yes,Employed,Industry
8698,35,Female,Ahafo,Rural,JHS,Widowed,7,No,18,Yes,Employed,Agriculture
8699,28,Male,Central,Rural,JHS,Married,4,No,11,Yes,Unemployed,
8700,27,Male,Bono,Urban,JHS,Divorced/Separated,5,No,11,No,Not in Labor Force,
8701,35,Female,Eastern,Urban,JHS,Married,4,No,14,Yes,Employed,Informal Trade
8703,17,Male,Greater Accra,Urban,JHS,Divorced/Separated,6,No,1,No,Not in Labor Force,
8704,21,Male,Greater Accra,Urban,SHS,Single,6,No,2,No,Not in Labor Force,
8706,33,Male,Oti,Rural,Primary,Divorced/Separated,8,No,17,No,Not in Labor Force,
8707,23,Male,Greater Accra,Rural,JHS,Single,4,No,6,Yes,Employed,Agriculture
8709,18,Female,Oti,Urban,JHS,Single,2,No,1,Yes,Employed,Agriculture
8711,16,Male,Upper West,Rural,JHS,Single,6,No,0,No,Not in Labor Force,
8712,26,Male,Ashanti,Rural,JHS,Married,6,No,7,Yes,Employed,Services
8713,27,Male,Greater Accra,Urban,,Married,6,No,18,Yes,Unemployed,
8715,28,Female,Northern,Rural,Primary,Married,2,No,16,Yes,Employed,Agriculture
8716,17,Female,Western North,Rural,JHS,Single,3,No,1,Yes,Employed,Agriculture
8720,26,Male,Bono East,Rural,JHS,Single,2,No,7,No,Not in Labor Force,
8721,27,Female,Central,Urban,SHS,Married,2,No,7,No,Not in Labor Force,
8725,20,Male,Greater Accra,Urban,,Single,7,No,9,Yes,Unemployed,
8726,29,Male,Western,Urban,SHS,Married,1,No,7,Yes,Employed,Services
8730,21,Male,Ashanti,Rural,,Married,3,No,11,No,Not in Labor Force,
8734,33,Male,Central,Urban,Tertiary,Single,4,No,8,Yes,Employed,Informal Trade
8737,35,Female,Volta,Urban,SHS,Single,5,No,13,Yes,Employed,Services
8741,18,Male,Western North,Urban,,Widowed,4,No,7,Yes,Employed,Services
8742,27,Female,Western,Urban,,Married,5,No,16,No,Not in Labor Force,
8743,31,Female,Greater Accra,Urban,SHS,Married,5,No,11,No,Not in Labor Force,
8744,24,Female,Ashanti,Rural,SHS,Married,7,No,4,No,Not in Labor Force,
8747,29,Female,Greater Accra,Urban,JHS,Married,4,No,11,No,Not in Labor Force,
8749,29,Male,Ashanti,Urban,,Married,6,No,18,Yes,Unemployed,
8752,28,Female,Greater Accra,Urban,Tertiary,Married,6,No,4,No,Not in Labor Force,
8753,23,Male,Ashanti,Urban,SHS,Married,3,No,4,No,Not in Labor Force,
8754,16,Male,Western North,Rural,JHS,Divorced/Separated,5,No,0,No,Not in Labor Force,
8756,35,Male,Western North,Rural,SHS,Widowed,7,No,15,Yes,Unemployed,
8757,24,Male,Bono East,Rural,JHS,Married,4,No,6,Yes,Employed,Informal Trade
8761,25,Male,Ashanti,Rural,JHS,Single,2,No,7,Yes,Employed,Agriculture
8762,24,Female,Greater Accra,Urban,Tertiary,Single,5,No,1,No,Not in Labor Force,
8763,22,Female,Upper East,Urban,Tertiary,Single,10,No,0,Yes,Unemployed,
8765,28,Female,Ashanti,Urban,JHS,Single,7,No,11,No,Not in Labor Force,
8767,17,Female,Ashanti,Rural,,Married,5,No,10,Yes,Unemployed,
8771,27,Female,Western North,Rural,JHS,Single,3,No,10,Yes,Employed,Agriculture
8773,23,Female,Ashanti,Urban,Tertiary,Divorced/Separated,5,No,0,Yes,Employed,Agriculture
8774,24,Female,Ahafo,Urban,Primary,Divorced/Separated,3,No,10,Yes,Employed,Informal Trade
8775,20,Male,Greater Accra,Rural,JHS,Widowed,6,No,3,Yes,Unemployed,
8776,33,Female,Bono East,Rural,JHS,Married,5,No,15,No,Not in Labor Force,
8777,28,Female,Bono,Urban,SHS,Single,5,No,6,Yes,Unemployed,
8778,35,Female,Greater Accra,Urban,Tertiary,Married,3,No,10,No,Not in Labor Force,
8780,26,Male,Greater Accra,Urban,Primary,Married,4,No,13,Yes,Unemployed,
8783,29,Male,Ashanti,Rural,Tertiary,Married,3,No,4,No,Not in Labor Force,
8784,32,Male,Oti,Rural,SHS,Single,14,No,9,Yes,Employed,Services
8786,26,Male,Volta,Urban,JHS,Married,3,No,8,No,Not in Labor Force,
8791,21,Male,Greater Accra,Urban,JHS,Married,6,No,4,Yes,Unemployed,
8793,21,Male,Western North,Rural,SHS,Single,7,No,1,Yes,Employed,Agriculture
8794,32,Male,Bono,Rural,,Married,4,No,23,Yes,Employed,Agriculture
8795,31,Male,Western,Rural,Primary,Married,6,No,12,No,Not in Labor Force,
8796,26,Female,Western,Rural,SHS,Single,5,No,7,No,Not in Labor Force,
8797,28,Female,Bono East,Urban,JHS,Divorced/Separated,4,No,7,Yes,Unemployed,
8798,29,Male,Eastern,Urban,JHS,Single,4,No,11,Yes,Employed,Public Sector
8799,29,Female,Western,Rural,Primary,Widowed,2,No,12,Yes,Employed,Agriculture
8801,34,Female,Western North,Rural,SHS,Single,4,No,11,No,Not in Labor Force,
8803,18,Female,Ashanti,Urban,Tertiary,Single,5,No,0,No,Not in Labor Force,
8804,23,Female,Ahafo,Rural,,Married,4,No,14,No,Not in Labor Force,
8806,32,Female,Bono East,Urban,JHS,Single,6,No,11,No,Not in Labor Force,
8807,32,Male,Ashanti,Urban,Primary,Single,5,No,18,No,Not in Labor Force,
8808,22,Male,Savannah,Rural,JHS,Married,3,No,5,Yes,Employed,Agriculture
8809,24,Female,Bono East,Rural,Primary,Widowed,4,No,9,No,Not in Labor Force,
8810,30,Male,Volta,Urban,Primary,Married,5,Yes,15,No,Not in Labor Force,
8812,30,Male,Western,Rural,,Single,3,No,21,Yes,Employed,Industry
8813,30,Male,Central,Rural,JHS,Married,6,No,9,Yes,Employed,Informal Trade
8815,23,Female,Upper West,Rural,,Married,2,No,14,No,Not in Labor Force,
8816,24,Male,Northern,Rural,Primary,Single,5,No,11,Yes,Employed,Agriculture
8817,23,Male,Western North,Rural,JHS,Married,8,No,5,Yes,Employed,Services
8820,27,Male,Western,Urban,,Married,3,Yes,18,Yes,Employed,Public Sector
8821,33,Male,Upper West,Rural,JHS,Single,5,No,14,Yes,Employed,Agriculture
8823,35,Female,Oti,Rural,JHS,Single,2,No,19,Yes,Employed,Informal Trade
8825,29,Male,Eastern,Urban,Primary,Married,3,No,17,No,Not in Labor Force,
8826,20,Male,Greater Accra,Urban,SHS,Widowed,4,No,1,Yes,Employed,Public Sector
8827,34,Male,Eastern,Rural,,Divorced/Separated,8,No,26,Yes,Employed,Agriculture
8828,29,Male,Volta,Urban,JHS,Divorced/Separated,5,No,8,No,Not in Labor Force,
8832,27,Male,Western,Rural,JHS,Married,7,No,10,Yes,Employed,Agriculture
8833,17,Female,Western North,Rural,JHS,Married,7,No,1,No,Not in Labor Force,
8834,24,Male,Ashanti,Urban,JHS,Married,3,No,7,Yes,Unemployed,
8835,22,Female,Savannah,Rural,JHS,Single,3,No,4,Yes,Unemployed,
8836,28,Male,Northern,Rural,JHS,Single,6,No,11,Yes,Unemployed,
8837,18,Male,Upper East,Rural,Tertiary,Married,7,No,0,Yes,Employed,Informal Trade
8838,25,Male,Eastern,Urban,Tertiary,Married,3,No,2,Yes,Employed,Industry
8839,27,Female,Eastern,Rural,JHS,Married,7,No,10,Yes,Employed,Public Sector
8840,26,Male,Northern,Rural,Primary,Single,9,No,14,Yes,Employed,Services
8841,32,Female,Ashanti,Urban,Tertiary,Married,5,No,6,Yes,Employed,Informal Trade
8843,33,Female,Oti,Rural,Primary,Single,3,No,18,Yes,Employed,Agriculture
8844,29,Male,Ahafo,Urban,JHS,Single,11,No,11,No,Not in Labor Force,
8847,18,Male,Upper West,Rural,SHS,Single,5,No,0,Yes,Employed,Agriculture
8848,28,Male,Western North,Rural,,Married,4,No,16,Yes,Employed,Agriculture
8849,22,Male,Upper East,Rural,,Single,7,No,12,Yes,Employed,Agriculture
8850,22,Male,Greater Accra,Urban,Primary,Married,5,No,8,No,Not in Labor Force,
8851,23,Female,Eastern,Urban,JHS,Single,4,No,5,No,Not in Labor Force,
8854,28,Male,Northern,Urban,JHS,Married,4,No,9,Yes,Employed,Agriculture
8855,26,Female,Western North,Rural,JHS,Single,3,No,8,Yes,Unemployed,
8858,32,Female,Central,Rural,SHS,Married,3,No,12,No,Not in Labor Force,
8859,33,Male,Bono,Urban,JHS,Married,4,No,11,Yes,Employed,Services
8863,23,Female,Ashanti,Rural,JHS,Divorced/Separated,6,No,6,Yes,Employed,Agriculture
8865,20,Female,Northern,Rural,Primary,Single,3,No,7,Yes,Employed,Services
8867,29,Male,Central,Rural,JHS,Single,3,No,10,No,Not in Labor Force,
8868,23,Male,Eastern,Rural,,Married,7,No,15,Yes,Employed,Public Sector
8869,32,Female,Greater Accra,Urban,SHS,Married,4,No,12,Yes,Employed,Services
8871,30,Female,Greater Accra,Urban,Primary,Married,6,No,16,Yes,Employed,Industry
8875,24,Male,Northern,Rural,JHS,Single,4,No,7,Yes,Employed,Agriculture
8876,29,Male,Western,Rural,SHS,Divorced/Separated,5,No,9,Yes,Employed,Agriculture
8877,19,Male,Eastern,Urban,Primary,Married,2,No,5,No,Not in Labor Force,
8879,21,Male,Central,Urban,Primary,Single,5,No,9,Yes,Unemployed,
8880,19,Male,Northern,Rural,Primary,Married,5,No,4,Yes,Employed,Agriculture
8881,28,Female,Ashanti,Urban,SHS,Single,3,No,8,Yes,Unemployed,
8882,25,Male,Greater Accra,Urban,SHS,Married,2,No,6,Yes,Employed,Agriculture
8883,20,Male,Central,Rural,,Divorced/Separated,2,No,10,Yes,Unemployed,
8885,31,Female,Oti,Rural,,Married,4,No,15,No,Not in Labor Force,
8886,32,Female,Ashanti,Rural,Primary,Single,2,No,19,Yes,Employed,Public Sector
8888,28,Female,Central,Rural,Primary,Married,4,No,11,No,Not in Labor Force,
8889,32,Female,Ashanti,Urban,JHS,Single,7,No,16,Yes,Employed,Informal Trade
8890,29,Female,Northern,Rural,Primary,Married,8,No,13,No,Not in Labor Force,
8891,23,Female,Northern,Urban,Primary,Single,5,No,8,No,Not in Labor Force,
8896,23,Male,Central,Rural,JHS,Divorced/Separated,8,No,5,Yes,Employed,Agriculture
8897,31,Male,Oti,Urban,JHS,Married,7,No,13,No,Not in Labor Force,
8898,28,Female,Western,Urban,JHS,Divorced/Separated,4,No,9,Yes,Employed,Informal Trade
8900,27,Male,Northern,Urban,JHS,Single,4,No,10,Yes,Employed,Industry
8901,32,Male,Western,Urban,Tertiary,Married,6,No,5,Yes,Employed,Public Sector
8903,34,Female,Oti,Rural,SHS,Single,4,No,10,Yes,Employed,Informal Trade
8904,26,Female,Bono,Urban,JHS,Married,2,No,6,Yes,Unemployed,
8905,30,Male,Greater Accra,Urban,JHS,Married,5,No,10,Yes,Employed,Informal Trade
8906,21,Female,Bono,Urban,SHS,Single,6,No,2,Yes,Unemployed,
8907,16,Female,Ashanti,Urban,JHS,Single,6,No,0,Yes,Employed,Services
8908,28,Female,Greater Accra,Urban,,Single,5,No,14,Yes,Employed,Services
8909,30,Female,Western,Rural,Primary,Married,4,No,18,No,Not in Labor Force,
8910,24,Male,Eastern,Urban,JHS,Single,3,No,7,No,Not in Labor Force,
8912,30,Female,Bono,Rural,SHS,Married,4,No,11,Yes,Employed,Agriculture
8913,18,Male,Ashanti,Rural,Primary,Single,6,No,5,No,Not in Labor Force,
8914,28,Male,Greater Accra,Urban,Primary,Married,8,No,16,No,Not in Labor Force,
8915,21,Male,Central,Urban,SHS,Single,7,No,2,Yes,Unemployed,
8918,24,Female,Ahafo,Rural,JHS,Married,3,No,7,No,Not in Labor Force,
8919,29,Male,Greater Accra,Urban,SHS,Divorced/Separated,5,No,7,No,Not in Labor Force,
8920,31,Female,Eastern,Urban,Primary,Married,5,No,19,Yes,Employed,Services
8922,35,Male,Bono,Urban,SHS,Married,4,No,15,Yes,Employed,Informal Trade
8923,31,Male,Volta,Urban,Tertiary,Married,7,No,5,Yes,Employed,Services
8924,26,Female,Greater Accra,Urban,JHS,Married,8,No,8,No,Not in Labor Force,
8925,27,Female,Greater Accra,Urban,,Single,6,No,17,No,Not in Labor Force,
8926,23,Female,Central,Rural,Primary,Single,5,No,7,No,Not in Labor Force,
8927,21,Male,Oti,Rural,SHS,Single,3,No,1,Yes,Employed,Agriculture
8928,30,Female,Greater Accra,Urban,Tertiary,Married,6,No,6,No,Not in Labor Force,
8931,32,Male,Oti,Rural,JHS,Divorced/Separated,3,No,14,Yes,Employed,Agriculture
8933,35,Male,Greater Accra,Urban,JHS,Married,2,No,14,Yes,Employed,Services
8936,24,Female,Bono East,Rural,Primary,Married,4,No,9,Yes,Employed,Agriculture
8937,26,Female,Western North,Rural,Primary,Widowed,6,No,10,Yes,Unemployed,
8938,23,Female,Ashanti,Urban,SHS,Single,3,No,3,Yes,Unemployed,
8939,27,Male,Bono,Rural,Primary,Married,6,No,10,Yes,Employed,Industry
8941,30,Male,Western,Urban,JHS,Married,8,No,8,Yes,Employed,Public Sector
8943,22,Male,Bono East,Rural,JHS,Single,8,No,4,Yes,Unemployed,
8944,26,Male,Bono East,Urban,SHS,Single,3,No,5,Yes,Employed,Industry
8945,32,Male,Oti,Rural,JHS,Single,4,No,13,Yes,Employed,Agriculture
8947,24,Male,Central,Rural,SHS,Married,8,No,3,Yes,Employed,Informal Trade
8948,24,Female,Bono,Rural,Primary,Married,4,No,10,Yes,Unemployed,
8950,30,Male,Bono East,Rural,Primary,Single,3,No,13,Yes,Employed,Services
8951,33,Female,Ashanti,Urban,SHS,Single,7,No,12,No,Not in Labor Force,
8952,33,Female,Central,Rural,JHS,Single,3,No,10,Yes,Employed,Agriculture
8959,30,Female,Greater Accra,Rural,Primary,Married,6,No,18,Yes,Employed,Agriculture
8960,22,Female,Upper East,Rural,,Single,6,No,13,No,Not in Labor Force,
8961,24,Female,Western,Urban,Primary,Single,6,No,11,No,Not in Labor Force,
8962,27,Female,Greater Accra,Urban,SHS,Married,1,No,7,No,Not in Labor Force,
8964,26,Male,Northern,Urban,SHS,Married,3,No,5,Yes,Employed,Industry
8965,26,Female,Ashanti,Rural,JHS,Married,7,No,6,Yes,Employed,Agriculture
8966,17,Female,Western,Rural,,Married,7,No,10,No,Not in Labor Force,
8967,27,Female,Volta,Rural,SHS,Married,5,No,7,Yes,Employed,Informal Trade
8968,33,Female,Oti,Urban,JHS,Married,3,No,11,Yes,Employed,Informal Trade
8970,33,Female,Ashanti,Urban,Tertiary,Divorced/Separated,5,No,10,Yes,Employed,Informal Trade
8971,27,Male,Ashanti,Urban,,Single,5,No,13,Yes,Employed,Informal Trade
8976,18,Male,Central,Urban,Tertiary,Married,3,No,0,No,Not in Labor Force,
8978,29,Male,Greater Accra,Urban,SHS,Single,3,No,8,Yes,Employed,Services
8979,34,Male,Western,Urban,SHS,Married,3,No,13,No,Not in Labor Force,
8980,31,Male,Savannah,Rural,Primary,Married,4,No,16,Yes,Employed,Services
8984,18,Male,Bono,Rural,SHS,Married,5,No,0,No,Not in Labor Force,
8985,33,Female,North East,Rural,SHS,Single,4,No,10,Yes,Unemployed,
8986,29,Female,Volta,Rural,,Married,6,No,18,No,Not in Labor Force,
8987,34,Female,Savannah,Rural,Primary,Married,3,No,14,Yes,Employed,Agriculture
8989,30,Female,Volta,Rural,JHS,Single,4,No,9,Yes,Employed,Informal Trade
8990,25,Female,Eastern,Rural,JHS,Single,3,No,6,Yes,Employed,Informal Trade
8991,25,Male,Greater Accra,Urban,SHS,Married,8,No,5,Yes,Unemployed,
8997,23,Female,Greater Accra,Urban,SHS,Married,4,No,4,Yes,Unemployed,
8998,16,Male,Western North,Urban,Primary,Single,6,No,4,No,Not in Labor Force,
8999,25,Female,Upper East,Urban,Primary,Single,5,No,9,No,Not in Labor Force,
9000,22,Female,Ashanti,Rural,,Single,3,No,13,Yes,Employed,Industry
9005,33,Male,Eastern,Rural,JHS,Single,10,No,14,Yes,Employed,Industry
9009,29,Male,Northern,Rural,,Single,5,No,16,No,Not in Labor Force,
9010,31,Female,Northern,Rural,JHS,Married,4,No,14,Yes,Employed,Agriculture
9011,28,Female,Greater Accra,Urban,JHS,Married,3,No,10,No,Not in Labor Force,
9012,29,Female,Greater Accra,Urban,JHS,Single,5,No,12,Yes,Employed,Services
9017,26,Male,Upper West,Rural,SHS,Single,4,No,5,No,Not in Labor Force,
9018,24,Female,Ashanti,Rural,JHS,Single,6,No,5,Yes,Unemployed,
9019,31,Male,Greater Accra,Urban,Tertiary,Divorced/Separated,9,No,7,Yes,Employed,Services
9020,31,Female,Greater Accra,Urban,JHS,Married,8,No,12,Yes,Employed,Industry
9023,28,Male,Eastern,Urban,Tertiary,Married,4,No,5,Yes,Unemployed,
9025,23,Male,Western,Rural,Primary,Divorced/Separated,4,No,10,No,Not in Labor Force,
9027,30,Male,Bono East,Rural,JHS,Married,3,No,9,Yes,Employed,Informal Trade
9029,24,Female,Ahafo,Urban,SHS,Single,3,No,3,No,Not in Labor Force,
9030,28,Male,Ashanti,Urban,Tertiary,Married,6,No,5,Yes,Employed,Public Sector
9033,33,Female,Eastern,Urban,Tertiary,Married,3,No,10,Yes,Employed,Services
9036,22,Female,Ashanti,Urban,SHS,Married,5,No,2,No,Not in Labor Force,
9038,25,Male,North East,Rural,JHS,Single,7,No,8,Yes,Unemployed,
9039,19,Female,Northern,Urban,Tertiary,Married,5,No,0,Yes,Unemployed,
9042,28,Female,Ashanti,Urban,SHS,Married,7,No,6,No,Not in Labor Force,
9043,27,Male,Greater Accra,Urban,JHS,Single,3,No,10,Yes,Unemployed,
9044,27,Female,Ashanti,Urban,Tertiary,Widowed,9,No,4,Yes,Unemployed,
9046,21,Female,Greater Accra,Urban,SHS,Single,3,No,2,Yes,Unemployed,
9047,22,Male,Volta,Rural,JHS,Married,3,No,5,No,Not in Labor Force,
9048,32,Male,Western,Urban,JHS,Married,5,No,14,Yes,Employed,Public Sector
9050,16,Male,Volta,Urban,SHS,Single,4,No,0,Yes,Unemployed,
9051,32,Male,Northern,Rural,Tertiary,Married,3,No,8,No,Not in Labor Force,
9053,27,Female,Bono East,Rural,JHS,Single,6,Yes,8,Yes,Employed,Informal Trade
9054,30,Male,Greater Accra,Urban,Tertiary,Married,3,No,5,Yes,Employed,Industry
9055,34,Female,Greater Accra,Urban,Tertiary,Married,7,No,9,No,Not in Labor Force,
9058,28,Female,Bono East,Rural,JHS,Single,4,No,10,No,Not in Labor Force,
9059,29,Male,Bono,Urban,JHS,Married,8,No,8,Yes,Employed,Services
9060,34,Female,Eastern,Rural,JHS,Single,4,No,12,Yes,Unemployed,
9062,26,Male,Ashanti,Urban,SHS,Single,4,No,5,Yes,Employed,Agriculture
9063,29,Female,Volta,Urban,Primary,Married,6,No,16,Yes,Unemployed,
9065,19,Female,Central,Urban,JHS,Married,3,No,3,Yes,Employed,Services
9066,35,Male,Ashanti,Urban,SHS,Divorced/Separated,2,No,14,Yes,Employed,Public Sector
9067,29,Female,Greater Accra,Urban,JHS,Single,2,No,9,No,Not in Labor Force,
9069,27,Male,Western,Urban,JHS,Divorced/Separated,3,No,11,Yes,Employed,Services
9070,18,Male,Northern,Rural,Primary,Single,5,No,4,Yes,Employed,Agriculture
9071,22,Female,Ashanti,Urban,,Single,7,No,14,No,Not in Labor Force,
9072,19,Male,Bono East,Rural,Primary,Single,4,No,5,Yes,Employed,Agriculture
9073,27,Male,Eastern,Urban,SHS,Married,4,No,5,Yes,Employed,Agriculture
9074,32,Male,Central,Rural,SHS,Single,4,No,11,Yes,Unemployed,
9076,22,Male,Greater Accra,Urban,SHS,Single,4,No,2,No,Not in Labor Force,
9078,31,Male,Ashanti,Urban,SHS,Divorced/Separated,6,No,10,Yes,Employed,Informal Trade
9079,16,Male,Oti,Rural,JHS,Married,4,No,0,Yes,Employed,Agriculture
9080,29,Female,Upper East,Rural,Primary,Married,8,No,12,Yes,Employed,Agriculture
9081,20,Female,Greater Accra,Urban,Primary,Married,7,No,7,Yes,Employed,Industry
9082,32,Female,Eastern,Urban,SHS,Married,6,No,8,No,Not in Labor Force,
9084,27,Male,Western North,Rural,Primary,Divorced/Separated,4,Yes,11,Yes,Employed,Agriculture
9085,25,Female,Western North,Rural,JHS,Single,6,No,6,Yes,Employed,Services
9088,27,Female,Volta,Rural,,Married,3,No,14,Yes,Employed,Agriculture
9090,31,Male,Bono,Rural,Primary,Married,4,No,19,Yes,Employed,Agriculture
9091,33,Male,Bono East,Rural,Primary,Single,5,No,13,Yes,Employed,Agriculture
9093,33,Female,Ashanti,Rural,Tertiary,Married,4,No,7,No,Not in Labor Force,
9095,31,Female,Western North,Urban,SHS,Single,6,No,8,Yes,Employed,Informal Trade
9097,19,Female,Greater Accra,Urban,JHS,Single,8,No,2,No,Not in Labor Force,
9098,31,Female,Western,Urban,SHS,Married,4,No,8,Yes,Employed,Public Sector
9099,20,Male,Upper East,Urban,JHS,Single,3,No,3,Yes,Employed,Industry
9100,21,Male,Savannah,Rural,JHS,Married,3,No,4,Yes,Employed,Agriculture
9101,22,Female,Western,Urban,SHS,Married,6,No,3,No,Not in Labor Force,
9103,35,Female,Ashanti,Urban,SHS,Married,3,No,10,No,Not in Labor Force,
9104,35,Male,Ashanti,Urban,SHS,Single,3,No,11,Yes,Employed,Public Sector
9105,28,Female,Ashanti,Rural,JHS,Married,3,No,8,No,Not in Labor Force,
9107,16,Female,Western North,Rural,JHS,Married,4,No,0,Yes,Unemployed,
9108,30,Female,Bono,Rural,,Married,3,No,14,Yes,Employed,Services
9109,23,Male,Eastern,Urban,SHS,Single,5,No,3,Yes,Employed,Services
9110,33,Female,Eastern,Rural,Primary,Married,6,No,13,No,Not in Labor Force,
9111,31,Female,Bono East,Rural,,Married,6,No,24,No,Not in Labor Force,
9113,26,Female,Upper East,Rural,Primary,Married,5,No,12,No,Not in Labor Force,
9117,20,Female,Western,Rural,,Single,4,No,11,Yes,Employed,Agriculture
9118,30,Female,Oti,Rural,SHS,Married,6,No,9,Yes,Employed,Agriculture
9122,26,Male,Central,Urban,Tertiary,Married,5,No,3,Yes,Employed,Industry
9123,26,Male,Ashanti,Urban,Tertiary,Married,6,No,3,Yes,Unemployed,
9124,25,Male,Ashanti,Urban,SHS,Married,3,No,4,Yes,Unemployed,
9125,24,Male,Oti,Rural,Primary,Single,3,No,12,Yes,Employed,Informal Trade
9128,24,Female,Ashanti,Rural,Primary,Married,5,No,7,Yes,Employed,Services
9129,32,Male,Volta,Rural,Primary,Single,3,No,19,No,Not in Labor Force,
9130,19,Male,Ashanti,Urban,JHS,Single,4,No,2,No,Not in Labor Force,
9131,18,Female,Western,Urban,SHS,Single,3,No,0,No,Not in Labor Force,
9134,26,Female,Ashanti,Urban,JHS,Single,5,No,8,Yes,Employed,Informal Trade
9135,27,Male,Ashanti,Rural,JHS,Married,6,No,8,No,Not in Labor Force,
9137,31,Female,Greater Accra,Urban,JHS,Divorced/Separated,6,No,12,Yes,Employed,Public Sector
9138,22,Male,Ahafo,Rural,Primary,Married,9,No,9,Yes,Unemployed,
9140,30,Female,Volta,Rural,Primary,Widowed,5,No,17,Yes,Employed,Agriculture
9141,32,Male,Greater Accra,Urban,SHS,Married,2,No,11,Yes,Employed,Industry
9143,35,Male,Greater Accra,Urban,Tertiary,Married,3,No,9,No,Not in Labor Force,
9144,32,Female,North East,Urban,SHS,Married,8,No,10,No,Not in Labor Force,
9145,24,Male,Bono East,Rural,,Divorced/Separated,6,No,18,Yes,Unemployed,
9146,22,Female,Bono East,Rural,Primary,Married,4,No,7,No,Not in Labor Force,
9147,26,Male,Ashanti,Urban,,Married,5,No,12,Yes,Employed,Public Sector
9149,34,Female,Bono East,Urban,JHS,Single,3,No,15,Yes,Employed,Public Sector
9152,31,Male,Western,Urban,JHS,Married,6,No,13,Yes,Unemployed,
9153,21,Male,Ahafo,Rural,SHS,Married,8,No,2,No,Not in Labor Force,
9154,22,Male,Greater Accra,Urban,JHS,Single,2,No,5,Yes,Unemployed,
9155,27,Female,Greater Accra,Urban,JHS,Single,7,No,11,Yes,Employed,Informal Trade
9157,29,Female,Ashanti,Urban,SHS,Single,4,No,10,Yes,Employed,Services
9158,20,Female,Western,Rural,JHS,Single,4,No,3,Yes,Unemployed,
9160,31,Male,Northern,Urban,SHS,Married,4,No,12,Yes,Employed,Public Sector
9162,26,Male,Volta,Rural,,Divorced/Separated,2,No,18,No,Not in Labor Force,
9165,29,Male,Northern,Urban,JHS,Single,3,No,8,Yes,Employed,Public Sector
9166,21,Female,Volta,Urban,SHS,Married,8,No,1,Yes,Employed,Industry
9167,19,Male,Northern,Rural,,Married,2,No,9,Yes,Unemployed,
9169,25,Female,Bono East,Urban,Tertiary,Single,10,No,2,Yes,Unemployed,
9170,30,Female,Volta,Rural,,Married,5,No,23,No,Not in Labor Force,
9172,20,Male,Central,Rural,JHS,Married,5,No,4,Yes,Employed,Agriculture
9173,26,Male,Ashanti,Rural,JHS,Divorced/Separated,6,No,7,No,Not in Labor Force,
9176,30,Female,Eastern,Rural,JHS,Married,3,No,10,Yes,Unemployed,
9177,19,Male,Western North,Urban,SHS,Married,4,No,0,Yes,Unemployed,
9178,32,Female,Eastern,Rural,Primary,Married,2,No,14,Yes,Employed,Informal Trade
9180,33,Female,Oti,Rural,Primary,Single,3,No,13,Yes,Unemployed,
9181,21,Male,Eastern,Urban,Tertiary,Single,3,No,0,No,Not in Labor Force,
9182,27,Male,Greater Accra,Urban,Primary,Single,7,No,11,Yes,Employed,Industry
9186,32,Male,Central,Rural,JHS,Single,5,No,13,Yes,Employed,Informal Trade
9188,27,Male,Ashanti,Rural,JHS,Married,5,No,10,No,Not in Labor Force,
9190,26,Female,Northern,Urban,Tertiary,Single,7,No,3,Yes,Employed,Services
9191,25,Male,Savannah,Rural,JHS,Single,5,No,9,Yes,Employed,Agriculture
9192,19,Female,Ashanti,Urban,Primary,Married,3,No,6,Yes,Employed,Public Sector
9194,32,Female,Western North,Rural,,Married,8,No,24,Yes,Employed,Agriculture
9195,35,Male,Oti,Rural,JHS,Single,5,No,17,Yes,Employed,Informal Trade
9197,24,Male,Western,Rural,JHS,Single,5,No,7,Yes,Employed,Industry
9198,22,Female,Savannah,Rural,SHS,Divorced/Separated,4,No,3,No,Not in Labor Force,
9200,32,Male,Ashanti,Urban,SHS,Married,6,No,11,Yes,Employed,Industry
9201,35,Male,Bono,Rural,SHS,Married,5,No,13,Yes,Employed,Services
9203,19,Male,Greater Accra,Urban,JHS,Married,4,No,3,Yes,Unemployed,
9206,27,Male,Bono East,Rural,JHS,Single,5,No,9,Yes,Employed,Agriculture
9207,32,Female,Greater Accra,Urban,Primary,Single,9,No,18,Yes,Employed,Industry
9209,34,Male,Upper West,Rural,SHS,Married,7,No,11,Yes,Unemployed,
9211,33,Male,Bono East,Rural,SHS,Married,7,No,10,No,Not in Labor Force,
9212,28,Female,Eastern,Rural,Primary,Married,3,No,12,Yes,Employed,Industry
9213,30,Male,Ashanti,Urban,SHS,Divorced/Separated,4,No,9,Yes,Employed,Industry
9214,35,Female,Western,Urban,JHS,Married,4,No,17,Yes,Employed,Services
9215,33,Female,Ashanti,Rural,Primary,Married,3,No,20,Yes,Employed,Services
9216,30,Female,Volta,Rural,JHS,Single,5,No,10,Yes,Employed,Agriculture
9218,18,Male,Eastern,Urban,SHS,Single,3,No,0,Yes,Unemployed,
9219,30,Male,Northern,Rural,Primary,Married,4,No,11,No,Not in Labor Force,
9220,29,Female,Ashanti,Rural,JHS,Married,5,No,11,No,Not in Labor Force,
9221,35,Male,Ahafo,Rural,,Single,3,No,24,Yes,Employed,Agriculture
9222,26,Female,Greater Accra,Urban,SHS,Single,7,No,7,Yes,Employed,Public Sector
9223,26,Female,Ashanti,Urban,JHS,Single,5,No,8,Yes,Employed,Informal Trade
9224,29,Female,Greater Accra,Urban,Tertiary,Single,1,No,6,Yes,Employed,Services
9225,29,Female,Western,Rural,SHS,Single,5,No,10,No,Not in Labor Force,
9226,35,Female,Oti,Rural,JHS,Single,6,No,15,Yes,Employed,Agriculture
9227,28,Female,Bono,Rural,Primary,Married,6,No,12,Yes,Employed,Agriculture
9228,33,Male,Central,Urban,Tertiary,Married,6,No,6,No,Not in Labor Force,
9229,30,Male,Western,Urban,JHS,Single,8,No,13,Yes,Employed,Services
9231,28,Male,Central,Rural,,Married,4,No,22,Yes,Employed,Informal Trade
9232,31,Female,Ashanti,Rural,SHS,Married,8,No,9,Yes,Employed,Services
9233,26,Male,Greater Accra,Urban,Primary,Married,7,No,11,Yes,Employed,Services
9234,18,Female,Bono,Rural,SHS,Married,4,No,0,Yes,Unemployed,
9235,18,Female,Northern,Rural,JHS,Married,6,No,2,Yes,Employed,Agriculture
9236,32,Male,Western North,Rural,SHS,Married,1,No,9,Yes,Employed,Informal Trade
9237,28,Female,Central,Rural,JHS,Single,4,No,8,Yes,Employed,Agriculture
9239,24,Female,Eastern,Urban,SHS,Single,6,No,3,Yes,Unemployed,
9241,30,Male,Ashanti,Rural,JHS,Married,3,No,10,Yes,Employed,Industry
9242,25,Female,Greater Accra,Urban,JHS,Widowed,5,No,7,Yes,Employed,Public Sector
9243,27,Male,Northern,Rural,JHS,Single,8,No,9,No,Not in Labor Force,
9245,27,Female,Eastern,Urban,SHS,Married,4,No,6,No,Not in Labor Force,
9251,24,Male,Eastern,Urban,SHS,Divorced/Separated,6,No,4,Yes,Employed,Agriculture
9253,21,Male,Ashanti,Urban,SHS,Married,4,No,2,No,Not in Labor Force,
9254,22,Male,Greater Accra,Urban,,Single,4,No,13,No,Not in Labor Force,
9255,24,Male,Northern,Rural,JHS,Single,6,No,8,Yes,Employed,Agriculture
9256,22,Male,Ashanti,Rural,SHS,Single,5,No,2,Yes,Employed,Informal Trade
9257,20,Female,Ashanti,Rural,JHS,Married,4,No,3,Yes,Employed,Agriculture
9258,26,Female,Greater Accra,Urban,JHS,Married,5,No,8,No,Not in Labor Force,
9259,34,Male,Oti,Rural,,Single,4,No,21,Yes,Employed,Informal Trade
9261,24,Female,Northern,Urban,SHS,Widowed,1,No,4,Yes,Employed,Services
9262,26,Male,Eastern,Rural,SHS,Married,4,No,7,Yes,Employed,Agriculture
9264,35,Female,Savannah,Rural,Primary,Single,1,No,20,No,Not in Labor Force,
9265,28,Female,Greater Accra,Urban,SHS,Single,5,No,8,Yes,Employed,Public Sector
9266,20,Male,Northern,Urban,SHS,Married,4,No,1,Yes,Employed,Industry
9267,24,Male,Eastern,Rural,Primary,Married,3,No,10,Yes,Employed,Agriculture
9268,28,Female,Ashanti,Urban,JHS,Married,5,No,11,Yes,Employed,Services
9269,20,Female,Central,Rural,JHS,Single,7,No,4,Yes,Employed,Informal Trade
9270,35,Male,Eastern,Rural,JHS,Married,7,No,15,No,Not in Labor Force,
9271,17,Female,Northern,Urban,SHS,Married,3,No,0,Yes,Employed,Services
9272,17,Female,Upper East,Rural,Primary,Married,5,No,4,Yes,Employed,Agriculture
9274,33,Female,Bono East,Rural,Primary,Single,5,No,18,Yes,Employed,Public Sector
9275,31,Female,Northern,Rural,JHS,Widowed,4,No,10,Yes,Unemployed,
9277,35,Female,Ashanti,Urban,JHS,Single,5,No,15,Yes,Employed,Services
9278,27,Male,Northern,Rural,Primary,Widowed,3,No,14,Yes,Unemployed,
9284,32,Male,Ashanti,Urban,Tertiary,Single,7,No,6,Yes,Employed,Informal Trade
9287,35,Female,Upper East,Rural,JHS,Single,5,No,12,Yes,Employed,Public Sector
9289,16,Male,Central,Rural,,Single,5,No,9,Yes,Employed,Informal Trade
9290,29,Male,Savannah,Rural,SHS,Married,7,No,6,Yes,Unemployed,
9292,19,Female,Greater Accra,Rural,JHS,Single,6,No,2,Yes,Unemployed,
9293,35,Female,Central,Rural,Primary,Married,6,No,18,Yes,Employed,Agriculture
9294,24,Female,Ashanti,Urban,SHS,Single,6,No,4,Yes,Unemployed,
9295,30,Male,Upper East,Rural,JHS,Single,9,No,13,Yes,Employed,Services
9296,30,Male,Oti,Rural,JHS,Single,6,No,11,Yes,Employed,Agriculture
9297,32,Male,Western,Rural,JHS,Married,2,No,13,Yes,Unemployed,
9298,34,Male,Upper West,Urban,JHS,Single,5,No,13,Yes,Employed,Services
9299,27,Female,Northern,Urban,SHS,Married,4,No,5,No,Not in Labor Force,
9300,32,Female,Northern,Rural,JHS,Married,6,No,14,No,Not in Labor Force,
9302,20,Male,Northern,Rural,JHS,Married,4,No,3,No,Not in Labor Force,
9304,33,Female,Greater Accra,Urban,SHS,Married,5,No,11,Yes,Employed,Informal Trade
9308,18,Male,Northern,Urban,Tertiary,Married,4,No,0,No,Not in Labor Force,
9310,27,Male,Greater Accra,Rural,Primary,Divorced/Separated,6,No,10,Yes,Employed,Agriculture
9312,21,Female,Ashanti,Urban,JHS,Single,9,No,3,Yes,Unemployed,
9313,27,Male,Ashanti,Rural,Primary,Single,2,No,14,Yes,Employed,Public Sector
9315,26,Male,Eastern,Rural,,Married,7,No,13,Yes,Employed,Agriculture
9318,23,Female,Greater Accra,Urban,Tertiary,Widowed,1,No,0,Yes,Employed,Services
9319,31,Male,Oti,Rural,,Married,7,No,23,Yes,Employed,Agriculture
9321,19,Male,Ashanti,Rural,SHS,Married,1,No,0,Yes,Employed,Agriculture
9325,30,Female,Greater Accra,Urban,Tertiary,Married,5,No,6,Yes,Employed,Industry
9326,26,Male,Upper West,Rural,SHS,Single,3,No,5,No,Not in Labor Force,
9328,31,Female,Ashanti,Rural,SHS,Single,10,No,9,Yes,Employed,Agriculture
9330,22,Female,Greater Accra,Urban,,Single,5,No,14,Yes,Employed,Agriculture
9332,25,Female,Bono,Rural,SHS,Married,4,No,5,Yes,Employed,Services
9334,32,Male,Upper East,Rural,Primary,Divorced/Separated,10,No,19,Yes,Employed,Agriculture
9335,31,Male,Northern,Rural,,Single,8,No,19,Yes,Employed,Services
9337,19,Female,Greater Accra,Urban,JHS,Married,5,No,3,No,Not in Labor Force,
9339,21,Female,Northern,Rural,,Single,3,No,14,Yes,Employed,Agriculture
9341,22,Male,Northern,Urban,Primary,Married,6,No,10,Yes,Employed,Industry
9346,29,Male,Western,Rural,,Single,4,No,14,Yes,Employed,Agriculture
9347,31,Female,Greater Accra,Urban,JHS,Single,5,No,11,No,Not in Labor Force,
9349,25,Female,Northern,Urban,SHS,Single,3,No,5,No,Not in Labor Force,
9350,32,Male,Ashanti,Rural,,Married,5,No,17,No,Not in Labor Force,
9351,25,Male,Upper East,Rural,JHS,Married,9,No,6,Yes,Employed,Industry
9352,20,Female,North East,Rural,SHS,Single,6,No,1,Yes,Employed,Agriculture
9353,23,Female,Ashanti,Urban,JHS,Married,6,No,6,No,Not in Labor Force,
9354,21,Male,Volta,Rural,,Divorced/Separated,3,No,9,No,Not in Labor Force,
9357,26,Female,Eastern,Rural,SHS,Single,3,No,7,Yes,Unemployed,
9361,22,Male,Western,Urban,Tertiary,Single,5,No,0,No,Not in Labor Force,
9364,28,Female,Oti,Urban,SHS,Single,7,No,6,Yes,Employed,Public Sector
9365,24,Male,Ashanti,Urban,Primary,Single,6,No,8,Yes,Employed,Public Sector
9367,33,Female,Western North,Urban,SHS,Single,5,No,10,Yes,Unemployed,
9370,28,Male,Greater Accra,Urban,SHS,Single,7,No,7,Yes,Employed,Services
9371,33,Female,Western,Rural,Tertiary,Single,5,No,7,Yes,Employed,Informal Trade
9372,32,Male,Ashanti,Rural,SHS,Married,3,No,8,Yes,Unemployed,
9374,28,Male,Eastern,Rural,SHS,Married,3,No,6,No,Not in Labor Force,
9375,34,Male,Greater Accra,Urban,SHS,Single,4,No,14,Yes,Employed,Informal Trade
9378,34,Female,Northern,Rural,Primary,Single,6,No,22,No,Not in Labor Force,
9380,27,Female,Ashanti,Urban,JHS,Married,5,No,10,Yes,Unemployed,
9381,29,Male,Eastern,Urban,Primary,Married,7,No,15,Yes,Employed,Informal Trade
9383,25,Female,Central,Urban,Tertiary,Single,7,No,2,Yes,Employed,Industry
9384,27,Female,Volta,Rural,JHS,Single,5,No,10,No,Not in Labor Force,
9386,21,Female,Eastern,Rural,Primary,Single,4,No,5,Yes,Employed,Public Sector
9387,32,Female,Eastern,Rural,JHS,Single,2,No,14,No,Not in Labor Force,
9389,35,Female,Greater Accra,Urban,Primary,Divorced/Separated,9,No,20,Yes,Employed,Services
9391,21,Male,Bono East,Rural,JHS,Married,4,No,4,Yes,Employed,Agriculture
9392,28,Female,Savannah,Rural,SHS,Married,6,No,8,Yes,Employed,Services
9393,28,Female,Greater Accra,Urban,,Single,8,No,18,Yes,Employed,Services
9394,23,Female,Ashanti,Urban,SHS,Single,6,No,4,No,Not in Labor Force,
9396,22,Female,Eastern,Urban,Primary,Married,5,No,7,No,Not in Labor Force,
9397,23,Male,Ashanti,Urban,JHS,Divorced/Separated,3,No,5,No,Not in Labor Force,
9398,30,Male,Oti,Rural,,Married,4,No,18,Yes,Employed,Agriculture
9400,25,Female,Central,Urban,SHS,Married,7,No,6,No,Not in Labor Force,
9401,24,Male,Ashanti,Rural,SHS,Single,4,No,5,No,Not in Labor Force,
9403,24,Female,Ashanti,Urban,Tertiary,Married,6,No,1,Yes,Unemployed,
9404,23,Female,Greater Accra,Urban,Primary,Single,6,No,7,No,Not in Labor Force,
9405,33,Male,Ahafo,Rural,,Divorced/Separated,3,No,18,Yes,Employed,Services
9406,22,Female,Eastern,Urban,Tertiary,Married,7,No,0,No,Not in Labor Force,
9407,21,Male,Northern,Urban,Primary,Married,8,No,5,Yes,Employed,Public Sector
9408,34,Female,Western,Urban,Tertiary,Married,3,No,10,Yes,Employed,Informal Trade
9409,32,Male,Greater Accra,Urban,Tertiary,Married,4,No,6,No,Not in Labor Force,
9412,26,Female,Northern,Urban,SHS,Married,6,No,7,Yes,Employed,Industry
9413,25,Female,Ahafo,Rural,JHS,Single,4,No,9,Yes,Employed,Informal Trade
9414,26,Male,Eastern,Rural,SHS,Married,5,No,5,Yes,Employed,Informal Trade
9415,28,Female,Western,Urban,SHS,Married,3,No,7,Yes,Employed,Industry
9417,22,Female,Greater Accra,Urban,Tertiary,Single,5,No,0,No,Not in Labor Force,
9418,20,Female,Greater Accra,Urban,JHS,Married,6,No,4,Yes,Unemployed,
9420,18,Female,Western North,Urban,JHS,Married,4,No,2,No,Not in Labor Force,
9421,28,Female,Upper East,Urban,Primary,Married,5,No,13,Yes,Employed,Public Sector
9422,22,Male,Ashanti,Urban,JHS,Single,9,No,4,Yes,Employed,Industry
9423,19,Male,Greater Accra,Urban,,Married,3,No,8,Yes,Employed,Services
9424,20,Female,Ashanti,Rural,JHS,Married,3,No,4,Yes,Employed,Agriculture
9426,35,Male,Ashanti,Urban,Primary,Married,5,No,22,No,Not in Labor Force,
9427,21,Male,Eastern,Urban,Tertiary,Single,5,No,0,No,Not in Labor Force,
9428,32,Female,North East,Rural,SHS,Married,3,No,9,Yes,Employed,Agriculture
9430,26,Female,Ashanti,Rural,Tertiary,Married,3,No,3,No,Not in Labor Force,
9431,19,Female,Oti,Rural,JHS,Single,7,No,3,No,Not in Labor Force,
9432,24,Male,Ashanti,Rural,JHS,Single,5,No,5,Yes,Employed,Industry
9434,24,Female,Ashanti,Urban,,Single,7,No,12,No,Not in Labor Force,
9435,31,Female,Greater Accra,Urban,JHS,Single,5,No,13,Yes,Employed,Services
9436,28,Female,Upper West,Rural,JHS,Married,6,No,11,Yes,Employed,Industry
9437,35,Female,Central,Rural,JHS,Single,2,No,13,Yes,Employed,Public Sector
9438,30,Male,Savannah,Rural,JHS,Single,5,No,12,Yes,Employed,Agriculture
9440,32,Male,Ashanti,Rural,JHS,Married,7,No,13,Yes,Employed,Industry
9441,30,Female,Eastern,Rural,SHS,Single,6,No,11,Yes,Unemployed,
9442,32,Female,Upper West,Rural,SHS,Married,4,No,12,No,Not in Labor Force,
9445,24,Male,Ashanti,Rural,SHS,Married,2,No,3,Yes,Employed,Informal Trade
9446,30,Male,Ashanti,Rural,Primary,Single,5,No,17,Yes,Employed,Agriculture
9448,34,Male,Greater Accra,Urban,JHS,Single,7,No,14,Yes,Employed,Industry
9450,22,Male,Volta,Rural,,Married,6,No,16,Yes,Unemployed,
9451,24,Male,Western,Rural,Primary,Single,3,No,12,No,Not in Labor Force,
9454,29,Female,Bono,Urban,SHS,Divorced/Separated,3,No,6,Yes,Unemployed,
9457,23,Male,Eastern,Urban,SHS,Married,5,No,2,Yes,Unemployed,
9459,24,Male,Central,Urban,SHS,Married,8,No,4,No,Not in Labor Force,
9463,25,Female,Volta,Urban,Tertiary,Married,3,No,1,Yes,Unemployed,
9464,29,Female,Western,Urban,JHS,Married,4,No,11,Yes,Unemployed,
9465,29,Female,Western North,Rural,SHS,Married,3,No,7,Yes,Employed,Agriculture
9467,29,Female,Western,Rural,JHS,Single,7,No,8,Yes,Employed,Public Sector
9468,21,Female,Upper East,Rural,JHS,Married,1,No,3,Yes,Unemployed,
9469,27,Female,Western North,Urban,JHS,Married,3,No,11,Yes,Employed,Public Sector
9470,31,Female,Eastern,Rural,JHS,Married,6,No,10,Yes,Employed,Public Sector
9471,25,Male,Western North,Rural,,Single,6,No,18,Yes,Employed,Services
9474,32,Male,Northern,Rural,Tertiary,Widowed,7,No,9,Yes,Employed,Services
9478,35,Female,Ashanti,Rural,Primary,Single,5,No,14,Yes,Employed,Agriculture
9479,29,Male,Greater Accra,Urban,Tertiary,Married,7,No,6,No,Not in Labor Force,
9480,27,Female,Ashanti,Rural,SHS,Single,6,No,5,Yes,Employed,Informal Trade
9482,27,Female,Greater Accra,Urban,Primary,Single,9,No,9,Yes,Employed,Industry
9483,28,Male,Eastern,Rural,Primary,Single,2,No,15,Yes,Employed,Agriculture
9485,34,Male,Western,Rural,JHS,Married,2,No,11,Yes,Employed,Informal Trade
9488,21,Male,Bono East,Urban,,Single,7,No,11,Yes,Employed,Informal Trade
9489,30,Female,Savannah,Rural,JHS,Married,5,No,12,Yes,Employed,Agriculture
9490,23,Female,Oti,Urban,JHS,Married,6,No,5,Yes,Employed,Informal Trade
9491,26,Male,Ashanti,Rural,JHS,Married,4,No,8,No,Not in Labor Force,
9492,26,Female,Bono East,Urban,Tertiary,Married,6,No,3,Yes,Unemployed,
9493,22,Female,Upper East,Urban,JHS,Married,8,No,4,Yes,Employed,Industry
9495,33,Female,Savannah,Rural,,Married,5,No,26,No,Not in Labor Force,
9497,31,Female,Eastern,Rural,Primary,Single,10,No,18,Yes,Employed,Agriculture
9499,18,Male,Ashanti,Urban,JHS,Married,4,No,2,No,Not in Labor Force,
9500,19,Male,Bono,Rural,SHS,Single,5,No,0,No,Not in Labor Force,
9501,32,Female,Volta,Urban,,Single,4,No,19,Yes,Unemployed,
9502,35,Male,Northern,Urban,SHS,Divorced/Separated,4,No,11,No,Not in Labor Force,
9504,34,Female,Western North,Rural,Primary,Married,4,Yes,20,No,Not in Labor Force,
9505,32,Male,Central,Urban,SHS,Single,3,No,12,Yes,Employed,Services
9506,32,Male,Ashanti,Rural,Primary,Single,4,No,15,No,Not in Labor Force,
9507,34,Female,Greater Accra,Urban,Primary,Widowed,5,No,16,Yes,Unemployed,
9508,19,Male,Ashanti,Rural,SHS,Single,3,No,0,Yes,Employed,Services
9511,26,Female,Ashanti,Urban,SHS,Married,4,No,7,Yes,Employed,Informal Trade
9513,26,Male,Ashanti,Urban,Primary,Married,6,No,9,Yes,Unemployed,
9514,34,Female,Eastern,Rural,SHS,Married,4,No,13,No,Not in Labor Force,
9518,33,Female,Volta,Rural,JHS,Single,3,No,12,Yes,Employed,Services
9519,29,Female,Savannah,Urban,JHS,Divorced/Separated,7,No,9,No,Not in Labor Force,
9520,34,Female,Ashanti,Urban,Tertiary,Single,5,No,9,Yes,Employed,Industry
9521,33,Female,Greater Accra,Urban,JHS,Married,8,Yes,13,Yes,Employed,Informal Trade
9522,31,Male,Ahafo,Urban,Tertiary,Married,7,No,5,No,Not in Labor Force,
9523,33,Female,Bono,Urban,JHS,Single,7,No,11,Yes,Unemployed,
9524,19,Female,Western,Rural,JHS,Single,7,Yes,2,Yes,Employed,Informal Trade
9525,23,Male,Ashanti,Rural,JHS,Married,5,No,5,Yes,Employed,Informal Trade
9526,30,Female,Ashanti,Rural,JHS,Married,5,No,12,Yes,Employed,Informal Trade
9527,26,Male,Western,Rural,SHS,Married,2,No,5,Yes,Employed,Services
9531,30,Female,Greater Accra,Urban,JHS,Single,6,No,11,Yes,Employed,Public Sector
9532,35,Female,Northern,Urban,JHS,Divorced/Separated,3,No,17,Yes,Employed,Services
9535,15,Male,Ashanti,Rural,,Single,1,No,5,Yes,Unemployed,
9536,22,Female,Ashanti,Urban,JHS,Married,5,No,4,No,Not in Labor Force,
9539,27,Male,Eastern,Urban,Tertiary,Widowed,6,No,4,No,Not in Labor Force,
9541,26,Female,Ahafo,Rural,Primary,Married,2,No,9,Yes,Employed,Services
9542,28,Female,Bono,Rural,SHS,Single,4,No,9,Yes,Employed,Agriculture
9543,17,Male,Eastern,Urban,SHS,Single,4,No,0,Yes,Employed,Services
9545,25,Female,Ashanti,Rural,JHS,Single,2,No,8,Yes,Employed,Services
9546,22,Male,Greater Accra,Urban,Tertiary,Married,9,No,0,No,Not in Labor Force,
9547,24,Female,Western,Rural,,Married,5,No,17,Yes,Employed,Agriculture
9548,26,Female,Greater Accra,Urban,Tertiary,Widowed,5,No,2,Yes,Employed,Services
9549,26,Male,Volta,Rural,JHS,Single,5,No,8,Yes,Employed,Agriculture
9551,32,Female,Greater Accra,Urban,,Single,8,No,19,Yes,Employed,Services
9552,27,Male,Ahafo,Rural,Primary,Married,4,No,13,Yes,Employed,Agriculture
9554,34,Female,Greater Accra,Urban,Tertiary,Married,2,No,7,Yes,Unemployed,
9557,22,Male,Eastern,Rural,JHS,Married,8,No,5,Yes,Employed,Public Sector
9558,20,Male,Ashanti,Rural,SHS,Single,6,No,1,Yes,Employed,Agriculture
9559,26,Male,Central,Urban,,Divorced/Separated,6,No,14,No,Not in Labor Force,
9560,26,Female,Northern,Rural,SHS,Single,7,No,5,Yes,Employed,Public Sector
9563,35,Male,Bono,Rural,JHS,Widowed,5,No,14,Yes,Employed,Agriculture
9564,20,Female,Ashanti,Urban,SHS,Single,3,No,1,Yes,Employed,Services
9565,20,Male,Northern,Rural,,Single,3,No,12,Yes,Unemployed,
9567,34,Female,Upper West,Rural,SHS,Single,2,No,13,Yes,Employed,Services
9568,23,Female,Western,Rural,Primary,Single,6,No,9,Yes,Employed,Agriculture
9569,32,Female,Western North,Urban,Primary,Divorced/Separated,6,No,13,Yes,Employed,Services
9570,24,Female,Greater Accra,Urban,SHS,Divorced/Separated,6,No,3,No,Not in Labor Force,
9571,18,Female,Eastern,Rural,Primary,Married,2,Yes,4,Yes,Unemployed,
9572,26,Female,Northern,Rural,SHS,Divorced/Separated,4,No,5,No,Not in Labor Force,
9573,30,Female,Bono East,Urban,SHS,Married,4,No,8,Yes,Employed,Informal Trade
9574,33,Female,Volta,Rural,Tertiary,Single,6,No,10,Yes,Employed,Industry
9576,24,Female,Oti,Rural,JHS,Married,5,No,6,Yes,Employed,Industry
9581,19,Female,Western,Urban,SHS,Married,7,No,0,Yes,Employed,Informal Trade
9584,31,Male,Ahafo,Rural,Primary,Single,7,No,12,Yes,Employed,Informal Trade
9587,32,Female,Greater Accra,Urban,SHS,Single,6,No,11,No,Not in Labor Force,
9588,28,Male,Savannah,Urban,SHS,Single,9,No,8,Yes,Employed,Public Sector
9589,32,Male,North East,Urban,JHS,Single,4,No,11,Yes,Employed,Services
9591,32,Female,Ashanti,Urban,SHS,Married,6,No,13,Yes,Employed,Industry
9592,32,Female,Eastern,Rural,,Married,3,No,20,Yes,Employed,Services
9593,26,Female,Greater Accra,Urban,,Single,5,No,20,Yes,Unemployed,
9594,31,Male,Greater Accra,Urban,SHS,Single,3,No,9,Yes,Employed,Services
9595,20,Female,Ashanti,Rural,SHS,Single,5,No,1,No,Not in Labor Force,
9596,30,Male,Ashanti,Rural,JHS,Single,9,No,14,Yes,Employed,Services
9597,33,Male,Oti,Urban,JHS,Single,2,No,15,Yes,Employed,Industry
9600,33,Female,Upper East,Rural,SHS,Married,4,No,10,No,Not in Labor Force,
9601,16,Male,Ashanti,Urban,SHS,Single,6,No,0,No,Not in Labor Force,
9602,27,Male,North East,Rural,JHS,Single,6,No,11,Yes,Employed,Agriculture
9604,22,Female,Ashanti,Rural,Primary,Single,9,No,9,Yes,Employed,Agriculture
9606,34,Male,Eastern,Rural,JHS,Widowed,2,No,17,Yes,Employed,Agriculture
9607,18,Male,Volta,Rural,JHS,Single,3,No,2,Yes,Employed,Agriculture
9608,17,Female,Ashanti,Rural,,Married,8,No,7,No,Not in Labor Force,
9610,24,Male,Greater Accra,Urban,SHS,Single,5,Yes,3,Yes,Employed,Services
9611,25,Female,Bono,Rural,,Single,3,No,14,Yes,Employed,Informal Trade
9612,27,Male,Volta,Urban,SHS,Married,3,No,8,Yes,Employed,Industry
9613,32,Male,Northern,Urban,SHS,Widowed,4,No,12,Yes,Employed,Services
9614,30,Female,Eastern,Urban,Primary,Married,8,No,18,No,Not in Labor Force,
9615,35,Female,Savannah,Rural,SHS,Married,3,No,11,No,Not in Labor Force,
9616,33,Male,Greater Accra,Urban,JHS,Married,6,No,15,No,Not in Labor Force,
9618,28,Female,Northern,Rural,JHS,Married,3,No,11,Yes,Employed,Informal Trade
9619,33,Female,Volta,Urban,Primary,Single,7,No,19,Yes,Employed,Public Sector
9622,31,Female,Central,Rural,,Single,5,No,21,Yes,Employed,Informal Trade
9623,27,Male,Upper West,Rural,Tertiary,Single,6,No,4,Yes,Employed,Agriculture
9627,20,Male,Central,Rural,JHS,Single,4,No,3,Yes,Employed,Informal Trade
9628,20,Male,Oti,Rural,JHS,Married,4,No,3,No,Not in Labor Force,
9633,33,Male,Ashanti,Urban,SHS,Widowed,6,No,12,No,Not in Labor Force,
9634,32,Male,Greater Accra,Urban,JHS,Married,3,Yes,15,Yes,Employed,Informal Trade
9635,26,Male,Upper East,Rural,Tertiary,Single,6,No,2,Yes,Employed,Agriculture
9637,33,Male,Greater Accra,Urban,SHS,Single,7,No,13,No,Not in Labor Force,
9638,29,Male,Central,Urban,Tertiary,Married,5,No,5,No,Not in Labor Force,
9639,33,Female,Ahafo,Rural,Primary,Married,6,No,19,Yes,Employed,Agriculture
9640,27,Female,Greater Accra,Urban,SHS,Single,3,No,7,Yes,Employed,Informal Trade
9641,24,Female,Ashanti,Urban,Tertiary,Divorced/Separated,3,No,1,Yes,Unemployed,
9644,30,Female,Eastern,Rural,,Single,6,No,20,Yes,Employed,Agriculture
9646,24,Female,Bono,Urban,,Married,8,No,18,Yes,Employed,Public Sector
9647,31,Male,Western,Rural,,Married,7,No,23,Yes,Employed,Informal Trade
9648,30,Male,Greater Accra,Urban,JHS,Widowed,6,No,9,No,Not in Labor Force,
9649,26,Female,Upper West,Rural,,Married,6,No,15,Yes,Employed,Agriculture
9650,24,Male,Ashanti,Rural,,Widowed,6,No,16,Yes,Employed,Agriculture
9651,34,Female,Northern,Rural,Tertiary,Single,2,No,9,Yes,Employed,Industry
9652,35,Female,Western,Rural,JHS,Divorced/Separated,4,No,17,Yes,Employed,Informal Trade
9655,23,Male,Bono,Urban,SHS,Widowed,4,No,4,Yes,Employed,Industry
9658,24,Female,Eastern,Urban,SHS,Single,4,No,3,Yes,Unemployed,
9661,27,Female,North East,Rural,Primary,Married,2,No,13,Yes,Employed,Agriculture
9673,20,Female,Ashanti,Rural,JHS,Married,7,No,3,No,Not in Labor Force,
9674,25,Male,Northern,Rural,JHS,Married,7,No,7,Yes,Employed,Agriculture
9675,29,Male,Western North,Urban,Tertiary,Married,3,No,5,Yes,Employed,Informal Trade
9676,21,Female,Volta,Rural,Primary,Married,6,No,7,Yes,Unemployed,
9677,28,Male,Central,Urban,Tertiary,Single,8,No,4,Yes,Employed,Services
9679,16,Female,Ashanti,Urban,SHS,Divorced/Separated,6,Yes,0,No,Not in Labor Force,
9680,30,Male,Northern,Urban,Primary,Divorced/Separated,1,No,13,No,Not in Labor Force,
9682,29,Female,Volta,Urban,JHS,Married,4,No,9,Yes,Employed,Industry
9686,23,Female,Volta,Rural,,Married,6,No,11,Yes,Employed,Agriculture
9688,35,Male,Ashanti,Urban,SHS,Married,4,No,13,Yes,Employed,Industry
9689,21,Female,Volta,Rural,JHS,Married,5,No,5,No,Not in Labor Force,
9690,35,Male,Northern,Rural,SHS,Married,3,No,12,Yes,Employed,Industry
9691,19,Female,Volta,Rural,Primary,Single,3,No,6,Yes,Employed,Industry
9692,18,Female,Ahafo,Rural,JHS,Married,6,No,2,Yes,Employed,Agriculture
9694,24,Male,Bono East,Rural,Primary,Married,6,No,7,No,Not in Labor Force,
9696,34,Female,Greater Accra,Urban,SHS,Single,7,No,9,No,Not in Labor Force,
9697,28,Male,Western,Rural,SHS,Married,3,No,8,Yes,Unemployed,
9699,24,Male,Greater Accra,Urban,Primary,Divorced/Separated,4,No,7,Yes,Unemployed,
9700,31,Female,Bono,Rural,JHS,Married,4,No,13,Yes,Employed,Informal Trade
9705,23,Female,Savannah,Urban,SHS,Single,3,No,3,No,Not in Labor Force,
9706,27,Female,Western,Urban,SHS,Single,8,No,5,No,Not in Labor Force,
9707,28,Male,Ashanti,Urban,SHS,Married,2,No,9,Yes,Employed,Agriculture
9711,19,Male,Eastern,Rural,JHS,Single,5,No,2,Yes,Unemployed,
9712,27,Male,Eastern,Rural,Primary,Single,4,No,15,Yes,Employed,Agriculture
9715,26,Male,Western,Rural,Primary,Married,6,No,8,Yes,Employed,Services
9716,18,Male,Eastern,Urban,Tertiary,Divorced/Separated,5,No,0,Yes,Employed,Informal Trade
9717,25,Female,Savannah,Urban,JHS,Married,7,No,6,No,Not in Labor Force,
9718,21,Male,Greater Accra,Rural,Primary,Single,6,No,8,No,Not in Labor Force,
9719,32,Male,Volta,Rural,,Married,6,No,21,No,Not in Labor Force,
9720,33,Female,Greater Accra,Urban,Primary,Single,9,No,17,Yes,Employed,Services
9721,31,Female,Ashanti,Urban,Primary,Single,3,No,14,Yes,Employed,Public Sector
9723,24,Male,Northern,Urban,Tertiary,Married,3,No,1,No,Not in Labor Force,
9726,30,Female,Upper West,Rural,JHS,Married,2,No,11,Yes,Employed,Industry
9728,23,Male,Ashanti,Urban,Tertiary,Married,3,No,0,Yes,Employed,Informal Trade
9730,25,Female,Greater Accra,Urban,,Single,5,No,13,Yes,Employed,Public Sector
9731,26,Male,Eastern,Rural,Primary,Single,5,No,11,No,Not in Labor Force,
9732,26,Female,Central,Rural,SHS,Married,6,No,5,Yes,Employed,Services
9733,35,Male,Ashanti,Urban,SHS,Single,5,No,15,Yes,Unemployed,
9736,23,Male,Western,Urban,SHS,Married,4,No,3,Yes,Unemployed,
9738,24,Male,Oti,Urban,,Married,3,No,15,Yes,Employed,Services
9739,15,Male,Upper West,Rural,SHS,Married,8,No,0,No,Not in Labor Force,
9740,33,Male,Ashanti,Urban,SHS,Divorced/Separated,5,No,12,Yes,Employed,Agriculture
9742,35,Female,Ashanti,Urban,Primary,Married,7,No,14,Yes,Unemployed,
9745,24,Female,Volta,Rural,SHS,Married,5,No,4,Yes,Unemployed,
9746,28,Female,Greater Accra,Urban,JHS,Single,10,No,11,Yes,Employed,Services
9747,23,Male,Greater Accra,Urban,Tertiary,Married,4,No,0,Yes,Employed,Services
9748,27,Male,Western North,Urban,SHS,Single,8,No,7,No,Not in Labor Force,
9749,23,Female,Western,Urban,,Married,7,No,17,Yes,Unemployed,
9750,25,Female,Greater Accra,Urban,Tertiary,Single,6,Yes,1,Yes,Employed,Public Sector
9752,27,Male,Volta,Rural,,Single,7,No,18,Yes,Employed,Industry
9753,22,Female,Ashanti,Urban,SHS,Married,4,No,2,No,Not in Labor Force,
9755,23,Female,Ashanti,Urban,JHS,Single,6,No,5,Yes,Employed,Agriculture
9758,26,Female,Central,Urban,Tertiary,Single,2,No,2,No,Not in Labor Force,
9760,27,Female,Greater Accra,Urban,SHS,Married,5,No,6,Yes,Employed,Informal Trade
9761,28,Male,Upper West,Rural,,Married,3,No,15,No,Not in Labor Force,
9762,30,Female,Central,Urban,SHS,Single,7,Yes,8,Yes,Employed,Public Sector
9763,34,Male,Ashanti,Urban,Tertiary,Single,5,No,7,No,Not in Labor Force,
9764,35,Male,Eastern,Rural,Tertiary,Married,7,No,8,No,Not in Labor Force,
9765,26,Male,Ashanti,Rural,JHS,Single,3,No,9,No,Not in Labor Force,
9767,18,Male,Upper West,Rural,JHS,Single,4,No,2,Yes,Employed,Agriculture
9768,31,Male,Ashanti,Rural,JHS,Married,4,Yes,13,Yes,Employed,Informal Trade
9769,35,Female,Western,Urban,Tertiary,Single,5,No,11,Yes,Unemployed,
9770,28,Male,Greater Accra,Urban,Tertiary,Single,6,No,3,No,Not in Labor Force,
9774,31,Male,Upper East,Rural,JHS,Married,3,No,14,Yes,Employed,Industry
9777,29,Male,Greater Accra,Urban,JHS,Single,4,No,9,Yes,Employed,Services
9778,22,Female,Volta,Urban,JHS,Widowed,7,No,4,Yes,Employed,Informal Trade
9779,27,Female,Ashanti,Rural,,Single,5,No,19,No,Not in Labor Force,
9781,32,Female,Central,Rural,JHS,Married,3,No,15,Yes,Employed,Informal Trade
9782,26,Female,Ashanti,Rural,SHS,Divorced/Separated,5,No,6,Yes,Employed,Public Sector
9783,29,Male,Ashanti,Urban,SHS,Single,4,No,9,No,Not in Labor Force,
9786,29,Female,Northern,Urban,JHS,Married,6,No,8,Yes,Employed,Services
9788,29,Female,Northern,Rural,JHS,Single,6,No,8,No,Not in Labor Force,
9789,31,Female,Eastern,Urban,JHS,Married,2,No,15,Yes,Employed,Public Sector
9791,18,Female,Ashanti,Urban,Primary,Single,5,No,5,Yes,Employed,Informal Trade
9792,25,Female,Western North,Rural,Primary,Single,3,No,11,Yes,Unemployed,
9795,22,Male,Volta,Rural,Primary,Married,3,No,7,No,Not in Labor Force,
9796,30,Male,Ashanti,Urban,SHS,Married,5,No,11,Yes,Employed,Industry
9797,23,Male,Central,Urban,SHS,Single,7,No,3,Yes,Employed,Industry
9799,20,Male,Greater Accra,Urban,JHS,Single,3,No,3,No,Not in Labor Force,
9808,34,Female,Upper East,Rural,Primary,Married,7,No,14,Yes,Employed,Services
9810,30,Female,Ashanti,Rural,SHS,Married,2,No,9,Yes,Employed,Public Sector
9812,28,Male,Ashanti,Rural,SHS,Single,7,No,9,Yes,Employed,Informal Trade
9813,21,Male,Central,Urban,JHS,Married,9,No,3,No,Not in Labor Force,
9816,30,Male,Central,Rural,JHS,Divorced/Separated,5,No,10,Yes,Employed,Agriculture
9817,25,Male,Northern,Urban,Tertiary,Single,2,No,1,Yes,Employed,Public Sector
9818,31,Female,Northern,Rural,Primary,Divorced/Separated,2,No,19,Yes,Employed,Agriculture
9822,24,Female,Northern,Rural,JHS,Widowed,5,No,7,Yes,Unemployed,
9823,35,Female,North East,Urban,Primary,Divorced/Separated,8,No,19,Yes,Unemployed,
9824,20,Male,Ashanti,Rural,JHS,Married,10,No,3,Yes,Employed,Industry
9825,28,Female,Ashanti,Urban,Tertiary,Married,3,No,4,Yes,Employed,Industry
9827,27,Male,Western,Urban,SHS,Married,3,No,6,Yes,Employed,Informal Trade
9829,19,Female,Central,Rural,SHS,Single,3,No,0,Yes,Employed,Public Sector
9830,27,Female,Eastern,Rural,,Married,3,No,13,No,Not in Labor Force,
9833,19,Female,Central,Urban,SHS,Divorced/Separated,4,No,0,Yes,Unemployed,
9834,33,Female,Central,Urban,SHS,Single,8,No,14,Yes,Employed,Agriculture
9837,28,Male,Bono,Rural,,Married,10,No,19,No,Not in Labor Force,
9841,30,Female,Western North,Urban,JHS,Single,4,No,11,Yes,Employed,Agriculture
9843,22,Male,Upper East,Rural,Primary,Married,5,No,10,No,Not in Labor Force,
9845,21,Male,Upper East,Rural,SHS,Married,3,No,1,Yes,Employed,Agriculture
9846,22,Female,Northern,Rural,JHS,Married,2,No,5,No,Not in Labor Force,
9847,33,Female,Ashanti,Urban,Primary,Married,5,No,18,No,Not in Labor Force,
9848,31,Female,Central,Rural,JHS,Single,7,No,14,Yes,Employed,Agriculture
9849,26,Female,Greater Accra,Urban,SHS,Married,8,No,6,Yes,Employed,Informal Trade
9851,29,Male,Greater Accra,Urban,SHS,Single,8,No,9,Yes,Employed,Informal Trade
9854,18,Female,Greater Accra,Urban,SHS,Widowed,4,No,0,No,Not in Labor Force,
9855,25,Male,Ashanti,Urban,Primary,Single,5,No,13,Yes,Employed,Public Sector
9859,27,Male,Northern,Rural,SHS,Married,3,No,6,Yes,Unemployed,
9860,30,Female,Eastern,Urban,JHS,Single,4,No,8,Yes,Employed,Industry
9861,27,Female,Bono East,Rural,SHS,Married,8,No,6,Yes,Unemployed,
9863,25,Female,Volta,Rural,JHS,Single,6,No,7,No,Not in Labor Force,
9864,31,Female,Eastern,Rural,Primary,Single,2,No,14,Yes,Employed,Industry
9865,28,Male,Northern,Rural,SHS,Married,7,No,9,Yes,Employed,Agriculture
9866,27,Male,Ashanti,Urban,SHS,Married,8,No,8,Yes,Employed,Services
9867,32,Male,Western,Urban,Tertiary,Single,4,No,5,Yes,Unemployed,
9868,30,Female,Ashanti,Urban,JHS,Single,5,No,11,Yes,Employed,Public Sector
9869,27,Female,Western,Rural,SHS,Married,4,No,6,No,Not in Labor Force,
9870,22,Female,Volta,Rural,JHS,Single,6,No,6,Yes,Employed,Informal Trade
9871,25,Male,Ashanti,Urban,JHS,Single,4,No,8,Yes,Employed,Public Sector
9874,23,Male,Western,Urban,JHS,Married,4,No,6,Yes,Employed,Informal Trade
9875,35,Female,North East,Urban,SHS,Married,6,No,13,Yes,Unemployed,
9877,27,Female,Greater Accra,Urban,Primary,Married,4,No,12,No,Not in Labor Force,
9878,29,Male,Ahafo,Rural,SHS,Married,5,No,9,No,Not in Labor Force,
9879,25,Male,Ashanti,Urban,Tertiary,Single,3,No,1,Yes,Employed,Services
9881,22,Female,Greater Accra,Urban,Tertiary,Married,6,No,0,No,Not in Labor Force,
9883,22,Female,Ashanti,Rural,JHS,Single,2,No,5,Yes,Employed,Agriculture
9884,26,Male,Northern,Rural,SHS,Single,6,No,5,Yes,Unemployed,
9885,33,Female,Bono,Rural,JHS,Single,7,No,10,Yes,Employed,Agriculture
9886,27,Female,Western North,Rural,SHS,Widowed,4,No,8,Yes,Employed,Agriculture
9887,24,Male,Ahafo,Rural,JHS,Married,6,No,7,No,Not in Labor Force,
9889,20,Male,Eastern,Rural,SHS,Married,5,No,1,Yes,Employed,Industry
9890,32,Male,Bono East,Rural,Primary,Single,4,No,19,Yes,Employed,Agriculture
9891,31,Male,Ashanti,Rural,,Married,5,No,25,Yes,Employed,Services
9892,34,Female,North East,Rural,Primary,Married,4,No,16,Yes,Employed,Agriculture
9893,35,Male,Northern,Rural,SHS,Divorced/Separated,9,No,15,Yes,Employed,Services
9894,20,Male,Western North,Rural,JHS,Single,8,No,3,Yes,Employed,Services
9895,26,Male,Ashanti,Urban,SHS,Married,4,No,6,Yes,Employed,Industry
9896,30,Female,Ashanti,Urban,Primary,Single,4,No,15,Yes,Employed,Informal Trade
9897,31,Male,Oti,Rural,SHS,Single,4,Yes,9,Yes,Employed,Agriculture
9900,32,Male,Greater Accra,Urban,SHS,Single,12,Yes,11,Yes,Employed,Services
9903,32,Female,Western North,Rural,Primary,Married,5,No,16,Yes,Employed,Agriculture
9904,23,Female,Central,Urban,SHS,Single,4,No,3,Yes,Unemployed,
9906,27,Female,Ashanti,Rural,JHS,Single,6,No,10,Yes,Employed,Agriculture
9907,16,Male,Greater Accra,Urban,Tertiary,Single,2,No,0,Yes,Employed,Services
9910,31,Female,Bono East,Urban,Primary,Married,2,No,17,Yes,Employed,Agriculture
9911,32,Female,Greater Accra,Urban,SHS,Married,4,No,10,No,Not in Labor Force,
9915,26,Male,Volta,Urban,JHS,Single,9,No,7,Yes,Employed,Industry
9917,29,Male,Bono,Rural,SHS,Married,7,No,10,No,Not in Labor Force,
9918,18,Female,Western,Urban,SHS,Divorced/Separated,4,No,0,Yes,Employed,Services
9920,26,Female,Greater Accra,Urban,SHS,Married,3,No,5,Yes,Unemployed,
9921,35,Female,Greater Accra,Urban,JHS,Married,5,No,16,Yes,Unemployed,
9923,26,Female,Western,Rural,JHS,Single,6,No,9,Yes,Employed,Agriculture
9927,25,Male,Central,Urban,SHS,Married,11,No,5,Yes,Employed,Industry
9928,32,Male,Ashanti,Urban,Tertiary,Married,5,No,6,Yes,Employed,Industry
9929,32,Female,Ashanti,Rural,Primary,Married,5,No,14,Yes,Employed,Agriculture
9930,31,Female,Eastern,Rural,JHS,Married,4,No,13,Yes,Employed,Informal Trade
9931,30,Male,Greater Accra,Urban,SHS,Married,7,No,8,Yes,Employed,Industry
9933,26,Female,Western,Rural,,Single,8,No,19,Yes,Employed,Agriculture
9934,28,Male,Greater Accra,Urban,JHS,Married,5,No,7,Yes,Employed,Services
9938,18,Male,Ashanti,Urban,SHS,Single,7,No,0,No,Not in Labor Force,
9940,34,Male,Ahafo,Rural,JHS,Married,5,No,16,Yes,Employed,Agriculture
9942,19,Male,Western,Urban,SHS,Single,4,No,0,Yes,Employed,Industry
9944,31,Male,Ashanti,Urban,Tertiary,Married,6,No,6,Yes,Employed,Industry
9946,20,Female,Upper West,Rural,JHS,Married,3,No,3,No,Not in Labor Force,
9947,27,Male,Eastern,Rural,JHS,Widowed,6,No,8,Yes,Employed,Agriculture
9948,26,Female,Ashanti,Rural,,Married,4,No,17,Yes,Employed,Industry
9951,28,Male,Ashanti,Urban,Tertiary,Married,4,No,4,Yes,Employed,Public Sector
9952,31,Male,Central,Rural,Primary,Single,5,No,17,Yes,Employed,Agriculture
9953,32,Female,Greater Accra,Urban,JHS,Married,6,Yes,15,Yes,Employed,Services
9954,31,Male,Ashanti,Urban,SHS,Divorced/Separated,5,No,8,Yes,Employed,Services
9955,25,Female,Greater Accra,Rural,SHS,Married,5,No,4,Yes,Employed,Industry
9956,22,Male,Greater Accra,Urban,JHS,Single,8,No,6,Yes,Employed,Services
9958,27,Male,Eastern,Rural,SHS,Married,5,Yes,7,Yes,Employed,Agriculture
9960,23,Female,Greater Accra,Urban,Tertiary,Single,3,No,0,Yes,Employed,Services
9961,27,Female,Upper East,Rural,,Single,4,No,21,Yes,Employed,Agriculture
9963,32,Male,Volta,Urban,Tertiary,Single,3,No,6,Yes,Unemployed,
9964,28,Female,Ashanti,Urban,JHS,Single,7,No,12,Yes,Employed,Informal Trade
9966,21,Female,Western,Rural,Primary,Married,4,No,8,No,Not in Labor Force,
9967,31,Male,Ashanti,Rural,Primary,Married,5,No,17,Yes,Employed,Informal Trade
9968,34,Male,Eastern,Urban,SHS,Single,3,No,11,Yes,Employed,Public Sector
9971,28,Female,Western,Urban,SHS,Single,6,No,9,No,Not in Labor Force,
9972,31,Male,Ashanti,Urban,Tertiary,Single,4,No,5,Yes,Employed,Public Sector
9973,30,Female,Upper West,Rural,,Married,6,No,23,Yes,Employed,Agriculture
9975,27,Male,Greater Accra,Urban,SHS,Single,6,No,5,No,Not in Labor Force,
9977,23,Male,Bono,Rural,JHS,Married,6,No,6,Yes,Employed,Agriculture
9978,22,Female,Bono East,Urban,SHS,Single,4,No,2,Yes,Unemployed,
9979,25,Female,Ahafo,Rural,JHS,Divorced/Separated,3,No,9,Yes,Employed,Industry
9981,29,Female,Bono East,Rural,,Single,7,No,17,Yes,Employed,Informal Trade
9982,23,Male,Savannah,Urban,Primary,Married,1,No,10,Yes,Employed,Industry
9983,28,Female,Western,Urban,Primary,Married,8,No,13,Yes,Employed,Informal Trade
9984,27,Male,Volta,Rural,Tertiary,Married,9,No,3,Yes,Employed,Agriculture
9985,35,Male,Greater Accra,Urban,JHS,Single,2,No,12,Yes,Employed,Industry
9986,33,Male,Bono East,Urban,JHS,Married,4,No,15,Yes,Employed,Industry
9989,27,Male,Ashanti,Rural,Primary,Married,4,No,11,Yes,Employed,Services
9990,16,Female,Eastern,Rural,JHS,Single,5,No,0,Yes,Employed,Agriculture
9991,29,Male,Upper West,Rural,,Single,9,No,18,Yes,Employed,Services
9993,30,Male,Oti,Rural,SHS,Widowed,7,No,9,Yes,Employed,Agriculture
9994,26,Female,Ashanti,Rural,Primary,Single,7,No,11,Yes,Employed,Informal Trade
9995,32,Female,Eastern,Urban,Primary,Married,3,No,15,No,Not in Labor Force,
9999,33,Male,Western,Rural,Tertiary,Married,6,No,9,Yes,Employed,Agriculture
10000,27,Female,Upper East,Urban,JHS,Married,5,No,9,No,Not in Labor Force,
